[
{
  "model": "users.company",
  "pk": 15,
  "fields": {
    "name": "Fujitech Group",
    "workspace_id": "FUJI",
    "tax_code": "574545454",
    "address": "Đường Kiến Hưng - Hà Đông -Hà Nội",
    "phone": "",
    "logo": "company_logos/logo-fujitech.png",
    "stamp_image": "company_stamps/dau-congty.png",
    "director_signature": "company_signatures/chu-ky.png",
    "director_name": "Nguyễn Anh Tuấn",
    "director_title": "Tổng giám đốc",
    "is_active": true,
    "user_limit": 0,
    "quotation_template": 2,
    "created_at": "2026-07-04T08:19:15.796Z"
  }
},
{
  "model": "users.permission",
  "pk": 1,
  "fields": {
    "code": "dashboard.view",
    "name": "Xem Dashboard tổng quan",
    "module": "dashboard"
  }
},
{
  "model": "users.permission",
  "pk": 2,
  "fields": {
    "code": "crm.view",
    "name": "Xem danh sách khách hàng",
    "module": "crm"
  }
},
{
  "model": "users.permission",
  "pk": 3,
  "fields": {
    "code": "crm.create",
    "name": "Thêm khách hàng mới",
    "module": "crm"
  }
},
{
  "model": "users.permission",
  "pk": 4,
  "fields": {
    "code": "crm.edit",
    "name": "Chỉnh sửa thông tin khách hàng",
    "module": "crm"
  }
},
{
  "model": "users.permission",
  "pk": 5,
  "fields": {
    "code": "crm.delete",
    "name": "Xóa khách hàng",
    "module": "crm"
  }
},
{
  "model": "users.permission",
  "pk": 6,
  "fields": {
    "code": "crm.assign",
    "name": "Phân công / Gán khách hàng cho nhân viên",
    "module": "crm"
  }
},
{
  "model": "users.permission",
  "pk": 7,
  "fields": {
    "code": "crm.import",
    "name": "Import khách hàng từ Excel",
    "module": "crm"
  }
},
{
  "model": "users.permission",
  "pk": 8,
  "fields": {
    "code": "crm.export",
    "name": "Xuất danh sách khách hàng",
    "module": "crm"
  }
},
{
  "model": "users.permission",
  "pk": 9,
  "fields": {
    "code": "crm.view_all",
    "name": "Xem tất cả khách hàng (không giới hạn bởi phân công)",
    "module": "crm"
  }
},
{
  "model": "users.permission",
  "pk": 10,
  "fields": {
    "code": "crm.manage_tags",
    "name": "Quản lý Tags khách hàng",
    "module": "crm"
  }
},
{
  "model": "users.permission",
  "pk": 11,
  "fields": {
    "code": "sales.view",
    "name": "Xem danh sách báo giá",
    "module": "sales"
  }
},
{
  "model": "users.permission",
  "pk": 12,
  "fields": {
    "code": "sales.create",
    "name": "Tạo báo giá mới",
    "module": "sales"
  }
},
{
  "model": "users.permission",
  "pk": 13,
  "fields": {
    "code": "sales.edit",
    "name": "Chỉnh sửa báo giá",
    "module": "sales"
  }
},
{
  "model": "users.permission",
  "pk": 14,
  "fields": {
    "code": "sales.delete",
    "name": "Xóa báo giá",
    "module": "sales"
  }
},
{
  "model": "users.permission",
  "pk": 15,
  "fields": {
    "code": "sales.export_pdf",
    "name": "Xuất PDF báo giá",
    "module": "sales"
  }
},
{
  "model": "users.permission",
  "pk": 16,
  "fields": {
    "code": "orders.view",
    "name": "Xem danh sách đơn hàng",
    "module": "orders"
  }
},
{
  "model": "users.permission",
  "pk": 17,
  "fields": {
    "code": "orders.create",
    "name": "Tạo đơn hàng mới",
    "module": "orders"
  }
},
{
  "model": "users.permission",
  "pk": 18,
  "fields": {
    "code": "orders.edit",
    "name": "Chỉnh sửa đơn hàng",
    "module": "orders"
  }
},
{
  "model": "users.permission",
  "pk": 19,
  "fields": {
    "code": "orders.delete",
    "name": "Xóa đơn hàng",
    "module": "orders"
  }
},
{
  "model": "users.permission",
  "pk": 20,
  "fields": {
    "code": "orders.approve",
    "name": "Duyệt / Từ chối đơn hàng",
    "module": "orders"
  }
},
{
  "model": "users.permission",
  "pk": 21,
  "fields": {
    "code": "orders.export_pdf",
    "name": "Xuất PDF đơn hàng",
    "module": "orders"
  }
},
{
  "model": "users.permission",
  "pk": 22,
  "fields": {
    "code": "orders.view_all",
    "name": "Xem tất cả đơn hàng (không giới hạn bởi người tạo)",
    "module": "orders"
  }
},
{
  "model": "users.permission",
  "pk": 23,
  "fields": {
    "code": "inventory.view",
    "name": "Xem tồn kho & lịch sử giao dịch",
    "module": "inventory"
  }
},
{
  "model": "users.permission",
  "pk": 24,
  "fields": {
    "code": "products.create",
    "name": "Thêm sản phẩm mới",
    "module": "products"
  }
},
{
  "model": "users.permission",
  "pk": 25,
  "fields": {
    "code": "products.edit",
    "name": "Chỉnh sửa sản phẩm",
    "module": "products"
  }
},
{
  "model": "users.permission",
  "pk": 26,
  "fields": {
    "code": "products.delete",
    "name": "Xóa sản phẩm",
    "module": "products"
  }
},
{
  "model": "users.permission",
  "pk": 27,
  "fields": {
    "code": "inventory.import",
    "name": "Nhập hàng vào kho (tạo phiếu nhập)",
    "module": "inventory"
  }
},
{
  "model": "users.permission",
  "pk": 28,
  "fields": {
    "code": "inventory.adjust",
    "name": "Điều chỉnh tồn kho",
    "module": "inventory"
  }
},
{
  "model": "users.permission",
  "pk": 30,
  "fields": {
    "code": "inventory.manage_warehouse",
    "name": "Quản lý kho hàng",
    "module": "inventory"
  }
},
{
  "model": "users.permission",
  "pk": 31,
  "fields": {
    "code": "products.manage_categories",
    "name": "Quản lý loại sản phẩm",
    "module": "products"
  }
},
{
  "model": "users.permission",
  "pk": 32,
  "fields": {
    "code": "production.view",
    "name": "Xem lệnh sản xuất",
    "module": "production"
  }
},
{
  "model": "users.permission",
  "pk": 33,
  "fields": {
    "code": "production.create",
    "name": "Tạo lệnh sản xuất",
    "module": "production"
  }
},
{
  "model": "users.permission",
  "pk": 34,
  "fields": {
    "code": "production.edit",
    "name": "Chỉnh sửa lệnh sản xuất",
    "module": "production"
  }
},
{
  "model": "users.permission",
  "pk": 35,
  "fields": {
    "code": "production.delete",
    "name": "Xóa lệnh sản xuất",
    "module": "production"
  }
},
{
  "model": "users.permission",
  "pk": 36,
  "fields": {
    "code": "reports.view",
    "name": "Xem báo cáo kinh doanh",
    "module": "reports"
  }
},
{
  "model": "users.permission",
  "pk": 37,
  "fields": {
    "code": "reports.view_all",
    "name": "Xem báo cáo toàn công ty (tất cả nhân viên)",
    "module": "reports"
  }
},
{
  "model": "users.permission",
  "pk": 40,
  "fields": {
    "code": "settings.users",
    "name": "Quản lý tài khoản nhân viên",
    "module": "settings"
  }
},
{
  "model": "users.permission",
  "pk": 41,
  "fields": {
    "code": "settings.roles",
    "name": "Quản lý vai trò & phân quyền",
    "module": "settings"
  }
},
{
  "model": "users.permission",
  "pk": 42,
  "fields": {
    "code": "settings.company",
    "name": "Cài đặt thông tin công ty",
    "module": "settings"
  }
},
{
  "model": "users.permission",
  "pk": 43,
  "fields": {
    "code": "crm.auto_assign_self",
    "name": "Tự động phụ trách khách hàng do mình tạo",
    "module": "crm"
  }
},
{
  "model": "users.permission",
  "pk": 44,
  "fields": {
    "code": "crm.upload_interaction_files",
    "name": "Tải file lên Lịch sử chăm sóc (Hình ảnh, PDF...)",
    "module": "crm"
  }
},
{
  "model": "users.permission",
  "pk": 45,
  "fields": {
    "code": "crm.auto_assign",
    "name": "Chia khách tự động (Round-robin)",
    "module": "crm"
  }
},
{
  "model": "users.permission",
  "pk": 46,
  "fields": {
    "code": "sales.approve",
    "name": "Duyệt báo giá",
    "module": "sales"
  }
},
{
  "model": "users.permission",
  "pk": 47,
  "fields": {
    "code": "sales.view_all",
    "name": "Xem tất cả báo giá (không giới hạn bởi phòng ban/người tạo)",
    "module": "sales"
  }
},
{
  "model": "users.permission",
  "pk": 48,
  "fields": {
    "code": "finance.view",
    "name": "Xem danh sách giao dịch tài chính",
    "module": "finance"
  }
},
{
  "model": "users.permission",
  "pk": 49,
  "fields": {
    "code": "finance.create_receipt",
    "name": "Tạo giao dịch thu/chi mới",
    "module": "finance"
  }
},
{
  "model": "users.permission",
  "pk": 53,
  "fields": {
    "code": "products.view",
    "name": "Xem danh sách sản phẩm",
    "module": "products"
  }
},
{
  "model": "users.permission",
  "pk": 54,
  "fields": {
    "code": "sales.require_approval",
    "name": "Bắt buộc trình duyệt (không cho gửi trực tiếp)",
    "module": "sales"
  }
},
{
  "model": "users.permission",
  "pk": 56,
  "fields": {
    "code": "approvals.approve",
    "name": "Duyệt/Từ chối yêu cầu",
    "module": "approvals"
  }
},
{
  "model": "users.permission",
  "pk": 59,
  "fields": {
    "code": "finance.delete",
    "name": "Xóa phiếu thu / giao dịch",
    "module": "finance"
  }
},
{
  "model": "users.permission",
  "pk": 60,
  "fields": {
    "code": "inventory.approve_export",
    "name": "Duyệt lệnh xuất kho",
    "module": "inventory"
  }
},
{
  "model": "users.permission",
  "pk": 61,
  "fields": {
    "code": "inventory.manual_export",
    "name": "Tạo phiếu xuất kho thủ công",
    "module": "inventory"
  }
},
{
  "model": "users.permission",
  "pk": 62,
  "fields": {
    "code": "orders.cancel",
    "name": "Hủy đơn hàng",
    "module": "orders"
  }
},
{
  "model": "users.permission",
  "pk": 63,
  "fields": {
    "code": "finance.request_credit",
    "name": "Trình duyệt xuất kho nợ",
    "module": "finance"
  }
},
{
  "model": "users.permission",
  "pk": 64,
  "fields": {
    "code": "production.update_step",
    "name": "Cập nhật tiến độ công đoạn",
    "module": "production"
  }
},
{
  "model": "users.permission",
  "pk": 65,
  "fields": {
    "code": "delivery.view",
    "name": "Xem lệnh giao hàng",
    "module": "delivery"
  }
},
{
  "model": "users.permission",
  "pk": 66,
  "fields": {
    "code": "delivery.edit",
    "name": "Cập nhật lệnh giao hàng",
    "module": "delivery"
  }
},
{
  "model": "users.permission",
  "pk": 67,
  "fields": {
    "code": "delivery.delete",
    "name": "Xoá lệnh giao hàng",
    "module": "delivery"
  }
},
{
  "model": "users.permission",
  "pk": 68,
  "fields": {
    "code": "warranty.view",
    "name": "Xem phiếu bảo hành",
    "module": "warranty"
  }
},
{
  "model": "users.permission",
  "pk": 69,
  "fields": {
    "code": "warranty.edit",
    "name": "Cập nhật phiếu bảo hành",
    "module": "warranty"
  }
},
{
  "model": "users.permission",
  "pk": 70,
  "fields": {
    "code": "warranty.delete",
    "name": "Xoá phiếu bảo hành",
    "module": "warranty"
  }
},
{
  "model": "users.permission",
  "pk": 71,
  "fields": {
    "code": "delivery.assign",
    "name": "Gán nhân viên giao hàng",
    "module": "delivery"
  }
},
{
  "model": "users.permission",
  "pk": 72,
  "fields": {
    "code": "zalo.view",
    "name": "Xem danh sách hội thoại (Zalo Inbox)",
    "module": "zalo"
  }
},
{
  "model": "users.permission",
  "pk": 73,
  "fields": {
    "code": "zalo.send_zns",
    "name": "Gửi tin nhắn ZNS chăm sóc khách hàng",
    "module": "zalo"
  }
},
{
  "model": "users.permission",
  "pk": 74,
  "fields": {
    "code": "zalo.config",
    "name": "Cấu hình kết nối Zalo OA & Mẫu ZNS",
    "module": "zalo"
  }
},
{
  "model": "users.permission",
  "pk": 75,
  "fields": {
    "code": "dashboard.view_revenue",
    "name": "Xem biểu đồ doanh thu & dòng tiền",
    "module": "dashboard"
  }
},
{
  "model": "users.permission",
  "pk": 90,
  "fields": {
    "code": "delivery.create",
    "name": "Tạo lệnh giao hàng mới",
    "module": "delivery"
  }
},
{
  "model": "users.permission",
  "pk": 92,
  "fields": {
    "code": "warranty.create",
    "name": "Tạo phiếu bảo hành mới",
    "module": "warranty"
  }
},
{
  "model": "users.permission",
  "pk": 98,
  "fields": {
    "code": "settings.departments",
    "name": "Quản lý phòng ban & cơ cấu tổ chức",
    "module": "settings"
  }
},
{
  "model": "users.permission",
  "pk": 104,
  "fields": {
    "code": "zalo.manage_templates",
    "name": "Quản lý mẫu in & cấu hình tự động ZNS",
    "module": "zalo"
  }
},
{
  "model": "users.permission",
  "pk": 106,
  "fields": {
    "code": "facebook.view_inbox",
    "name": "Xem Hộp thư Facebook (Multi-Page Inbox)",
    "module": "facebook"
  }
},
{
  "model": "users.permission",
  "pk": 107,
  "fields": {
    "code": "facebook.chat",
    "name": "Chat trực tiếp với khách hàng trên Facebook",
    "module": "facebook"
  }
},
{
  "model": "users.permission",
  "pk": 108,
  "fields": {
    "code": "facebook.create_customer",
    "name": "Tạo khách hàng từ hội thoại Facebook",
    "module": "facebook"
  }
},
{
  "model": "users.permission",
  "pk": 109,
  "fields": {
    "code": "facebook.manage_config",
    "name": "Quản lý kết nối Trang Facebook & Cấu hình tự động quét SĐT",
    "module": "facebook"
  }
},
{
  "model": "users.permission",
  "pk": 110,
  "fields": {
    "code": "zalo.chat",
    "name": "Chat trực tiếp với khách hàng trên Zalo",
    "module": "zalo"
  }
},
{
  "model": "users.permission",
  "pk": 111,
  "fields": {
    "code": "zalo.create_customer",
    "name": "Tạo khách hàng từ hội thoại Zalo",
    "module": "zalo"
  }
},
{
  "model": "users.permission",
  "pk": 112,
  "fields": {
    "code": "zalo.view_all_inbox",
    "name": "Xem toàn bộ hội thoại Zalo (không giới hạn bởi phân công)",
    "module": "zalo"
  }
},
{
  "model": "users.permission",
  "pk": 113,
  "fields": {
    "code": "facebook.view_all_inbox",
    "name": "Xem toàn bộ hội thoại Facebook (không giới hạn bởi phân công)",
    "module": "facebook"
  }
},
{
  "model": "users.permission",
  "pk": 115,
  "fields": {
    "code": "inventory.transfer",
    "name": "Tạo phiếu điều chuyển kho",
    "module": "inventory"
  }
},
{
  "model": "users.permission",
  "pk": 116,
  "fields": {
    "code": "inventory.delete_history",
    "name": "Xoá lịch sử giao dịch kho",
    "module": "inventory"
  }
},
{
  "model": "users.permission",
  "pk": 117,
  "fields": {
    "code": "zalo.delete_conversation",
    "name": "Xóa hội thoại Zalo",
    "module": "zalo"
  }
},
{
  "model": "users.permission",
  "pk": 118,
  "fields": {
    "code": "facebook.delete_conversation",
    "name": "Xóa hội thoại Facebook",
    "module": "facebook"
  }
},
{
  "model": "users.permission",
  "pk": 119,
  "fields": {
    "code": "approvals.delete",
    "name": "Xóa yêu cầu / lịch sử phê duyệt",
    "module": "approvals"
  }
},
{
  "model": "users.permission",
  "pk": 120,
  "fields": {
    "code": "sales.bypass_customer_signature",
    "name": "Bỏ qua yêu cầu khách ký xác nhận (cho phép tạo đơn ngay)",
    "module": "sales"
  }
},
{
  "model": "users.permission",
  "pk": 121,
  "fields": {
    "code": "production.manage_factory",
    "name": "Quản lý thiết lập nhà máy",
    "module": "production"
  }
},
{
  "model": "users.permission",
  "pk": 122,
  "fields": {
    "code": "finance.approve_credit",
    "name": "Phê duyệt nợ xuất kho (Tín dụng)",
    "module": "finance"
  }
},
{
  "model": "users.permission",
  "pk": 123,
  "fields": {
    "code": "finance.print_receipt",
    "name": "In phiếu thu",
    "module": "finance"
  }
},
{
  "model": "users.permission",
  "pk": 124,
  "fields": {
    "code": "notifications.view_announcements",
    "name": "Xem thông báo nội bộ",
    "module": "notifications"
  }
},
{
  "model": "users.permission",
  "pk": 125,
  "fields": {
    "code": "notifications.create_announcements",
    "name": "Tạo và gửi thông báo nội bộ",
    "module": "notifications"
  }
},
{
  "model": "users.permission",
  "pk": 126,
  "fields": {
    "code": "notifications.delete_announcements",
    "name": "Xóa thông báo nội bộ",
    "module": "notifications"
  }
},
{
  "model": "users.permission",
  "pk": 130,
  "fields": {
    "code": "zalo.assign",
    "name": "Phân công hội thoại Zalo",
    "module": "zalo"
  }
},
{
  "model": "users.permission",
  "pk": 131,
  "fields": {
    "code": "facebook.assign",
    "name": "Phân công hội thoại Facebook",
    "module": "facebook"
  }
},
{
  "model": "users.permission",
  "pk": 132,
  "fields": {
    "code": "dashboard.scope_my_department",
    "name": "Phạm vi: Xem dữ liệu phòng ban của mình",
    "module": "dashboard"
  }
},
{
  "model": "users.permission",
  "pk": 133,
  "fields": {
    "code": "dashboard.scope_any_department",
    "name": "Phạm vi: Xem dữ liệu các phòng ban",
    "module": "dashboard"
  }
},
{
  "model": "users.permission",
  "pk": 134,
  "fields": {
    "code": "dashboard.scope_company",
    "name": "Phạm vi: Xem dữ liệu toàn công ty",
    "module": "dashboard"
  }
},
{
  "model": "users.permission",
  "pk": 135,
  "fields": {
    "code": "production.scope_my_factory",
    "name": "Phạm vi: Xem lệnh sản xuất của Nhà máy mình",
    "module": "production"
  }
},
{
  "model": "users.permission",
  "pk": 136,
  "fields": {
    "code": "production.scope_company",
    "name": "Phạm vi: Xem tất cả lệnh sản xuất toàn công ty",
    "module": "production"
  }
},
{
  "model": "users.department",
  "pk": 3,
  "fields": {
    "company": 15,
    "name": "Phòng Kinh Doanh 1",
    "description": "",
    "manager": 3,
    "factory": 2,
    "created_at": "2026-07-09T02:24:43.977Z",
    "is_sales_department": true
  }
},
{
  "model": "users.department",
  "pk": 4,
  "fields": {
    "company": 15,
    "name": "Phòng Kinh Doanh 2",
    "description": "",
    "manager": 4,
    "factory": null,
    "created_at": "2026-07-09T02:24:53.707Z",
    "is_sales_department": true
  }
},
{
  "model": "users.department",
  "pk": 5,
  "fields": {
    "company": 15,
    "name": "Ban Giám Đốc",
    "description": "",
    "manager": null,
    "factory": null,
    "created_at": "2026-07-09T07:12:15.733Z",
    "is_sales_department": false
  }
},
{
  "model": "users.department",
  "pk": 6,
  "fields": {
    "company": 15,
    "name": "Phòng Tài Chính - Kế Toán",
    "description": "",
    "manager": null,
    "factory": null,
    "created_at": "2026-07-09T07:12:15.754Z",
    "is_sales_department": false
  }
},
{
  "model": "users.department",
  "pk": 7,
  "fields": {
    "company": 15,
    "name": "Phòng Kho Vận & Cung Ứng",
    "description": "",
    "manager": null,
    "factory": null,
    "created_at": "2026-07-09T07:12:15.789Z",
    "is_sales_department": false
  }
},
{
  "model": "users.department",
  "pk": 8,
  "fields": {
    "company": 15,
    "name": "Phòng Sản Xuất & Kỹ Thuật",
    "description": "",
    "manager": null,
    "factory": 2,
    "created_at": "2026-07-09T07:12:15.805Z",
    "is_sales_department": false
  }
},
{
  "model": "users.role",
  "pk": 18,
  "fields": {
    "company": 15,
    "name": "Giám đốc",
    "description": "Vai trò quản trị cao nhất của công ty.",
    "is_auto_assign_target": false,
    "permissions": [
      56,
      119,
      6,
      45,
      43,
      3,
      5,
      4,
      8,
      7,
      10,
      44,
      2,
      9,
      133,
      134,
      132,
      1,
      75,
      71,
      90,
      67,
      66,
      65,
      131,
      107,
      108,
      118,
      109,
      113,
      106,
      122,
      49,
      59,
      123,
      63,
      48,
      28,
      60,
      116,
      27,
      30,
      61,
      115,
      23,
      125,
      126,
      124,
      20,
      62,
      17,
      19,
      18,
      21,
      16,
      22,
      33,
      35,
      34,
      121,
      136,
      135,
      64,
      32,
      24,
      26,
      25,
      31,
      53,
      36,
      37,
      46,
      120,
      12,
      14,
      13,
      15,
      54,
      11,
      47,
      42,
      98,
      41,
      40,
      92,
      70,
      69,
      68,
      130,
      110,
      74,
      111,
      117,
      104,
      73,
      72,
      112
    ]
  }
},
{
  "model": "users.role",
  "pk": 23,
  "fields": {
    "company": 15,
    "name": "Trưởng phòng kinh doanh",
    "description": "",
    "is_auto_assign_target": true,
    "permissions": [
      56,
      6,
      43,
      3,
      5,
      4,
      8,
      7,
      10,
      44,
      2,
      1,
      75,
      65,
      107,
      108,
      113,
      106,
      23,
      20,
      19,
      18,
      21,
      16,
      32,
      53,
      36,
      46,
      12,
      14,
      13,
      15,
      11,
      68,
      110,
      111,
      73,
      72
    ]
  }
},
{
  "model": "users.role",
  "pk": 24,
  "fields": {
    "company": 15,
    "name": "Nhân viên kinh doanh",
    "description": "",
    "is_auto_assign_target": true,
    "permissions": [
      3,
      5,
      4,
      8,
      7,
      10,
      44,
      2,
      132,
      1,
      75,
      71,
      90,
      67,
      66,
      65,
      107,
      108,
      106,
      49,
      63,
      48,
      23,
      124,
      62,
      17,
      18,
      21,
      16,
      33,
      35,
      34,
      64,
      32,
      53,
      36,
      120,
      12,
      14,
      13,
      15,
      54,
      11,
      92,
      70,
      69,
      68,
      110,
      111,
      72
    ]
  }
},
{
  "model": "users.role",
  "pk": 25,
  "fields": {
    "company": 15,
    "name": "Kế toán Tài chính",
    "description": "",
    "is_auto_assign_target": false,
    "permissions": [
      1,
      75,
      65,
      122,
      49,
      59,
      63,
      48,
      60,
      23,
      21,
      16,
      22,
      53,
      36,
      37,
      68
    ]
  }
},
{
  "model": "users.role",
  "pk": 26,
  "fields": {
    "company": 15,
    "name": "Thủ kho / Kho vận",
    "description": "",
    "is_auto_assign_target": false,
    "permissions": [
      56,
      1,
      65,
      48,
      28,
      60,
      27,
      30,
      61,
      23,
      22,
      32,
      53,
      11
    ]
  }
},
{
  "model": "users.role",
  "pk": 27,
  "fields": {
    "company": 15,
    "name": "Quản đốc Sản xuất",
    "description": "",
    "is_auto_assign_target": false,
    "permissions": [
      56,
      1,
      75,
      65,
      23,
      22,
      33,
      35,
      34,
      64,
      32,
      53,
      68
    ]
  }
},
{
  "model": "users.role",
  "pk": 28,
  "fields": {
    "company": 15,
    "name": "Phòng Giao Hàng",
    "description": "Chức năng vận chuyển và giao hàng",
    "is_auto_assign_target": false,
    "permissions": [
      1,
      71,
      90,
      67,
      66,
      65
    ]
  }
},
{
  "model": "users.user",
  "pk": 1,
  "fields": {
    "password": "pbkdf2_sha256$1000000$ECQhi9BHkIsVTlsjgPiIMe$sVQIe5Cfq9ZU7nACy/evbQj0IfRFVVhgCQ1NbKN4NE8=",
    "last_login": "2026-07-24T08:10:03.729Z",
    "is_superuser": true,
    "username": "admin",
    "first_name": "",
    "last_name": "",
    "is_staff": true,
    "is_active": true,
    "date_joined": "2026-07-04T04:29:39.556Z",
    "email": "admin@saas.com",
    "full_name": "System Administrator",
    "phone": "",
    "job_title": "",
    "avatar": "",
    "company": null,
    "role": null,
    "is_company_admin": false,
    "department": null,
    "created_at": "2026-07-04T04:29:39.557Z",
    "groups": [],
    "user_permissions": []
  }
},
{
  "model": "users.user",
  "pk": 2,
  "fields": {
    "password": "pbkdf2_sha256$1000000$gogv5if640Ve4r5k5DvYiY$Co2C/05RkNJOSvpBH4uiONSzdeTJAZ/vJysA2SrgpDY=",
    "last_login": "2026-07-24T05:34:09.132Z",
    "is_superuser": false,
    "username": "giamdoc",
    "first_name": "",
    "last_name": "",
    "is_staff": false,
    "is_active": true,
    "date_joined": "2026-07-06T02:27:55.416Z",
    "email": "admin_fuji@crm.local",
    "full_name": "Giám đốc",
    "phone": "",
    "job_title": "",
    "avatar": "",
    "company": 15,
    "role": 18,
    "is_company_admin": true,
    "department": null,
    "created_at": "2026-07-06T02:27:55.417Z",
    "groups": [],
    "user_permissions": []
  }
},
{
  "model": "users.user",
  "pk": 3,
  "fields": {
    "password": "pbkdf2_sha256$1000000$j4yC8eHVXgqOwTINBbGkf0$44aDim0lZRdHMPF2o5xec/Y/2IfYDgQf8D4QWuO5MI4=",
    "last_login": "2026-07-17T09:23:29.472Z",
    "is_superuser": false,
    "username": "kinhdoanh1",
    "first_name": "",
    "last_name": "",
    "is_staff": false,
    "is_active": true,
    "date_joined": "2026-07-09T02:25:39.297Z",
    "email": "tpkd1@gmail.com",
    "full_name": "TPKD 1",
    "phone": "",
    "job_title": "TP Kinh Doanh",
    "avatar": "",
    "company": 15,
    "role": 23,
    "is_company_admin": false,
    "department": 3,
    "created_at": "2026-07-09T02:25:39.800Z",
    "groups": [],
    "user_permissions": []
  }
},
{
  "model": "users.user",
  "pk": 4,
  "fields": {
    "password": "pbkdf2_sha256$1000000$CpEPXE0UhBUlAxMFWX77JD$B2kbWHt99dT2h79vLX+xgDasqblHeB58dSKKvWQI2bg=",
    "last_login": "2026-07-17T09:13:13.223Z",
    "is_superuser": false,
    "username": "kinhdoanh2",
    "first_name": "",
    "last_name": "",
    "is_staff": false,
    "is_active": true,
    "date_joined": "2026-07-09T02:26:23.918Z",
    "email": "tpkd2@gmail.com",
    "full_name": "TPKD 2",
    "phone": "0925315226",
    "job_title": "TPKD",
    "avatar": "",
    "company": 15,
    "role": 23,
    "is_company_admin": false,
    "department": 4,
    "created_at": "2026-07-09T02:26:24.428Z",
    "groups": [],
    "user_permissions": []
  }
},
{
  "model": "users.user",
  "pk": 5,
  "fields": {
    "password": "pbkdf2_sha256$1000000$zGI3raZm9E8dPpanLUOhR3$66e+R9q5PbqIrxfRL936um0S8glLIWQJO9doV+Isw5o=",
    "last_login": "2026-07-23T17:29:40.798Z",
    "is_superuser": false,
    "username": "nvkinhdoanh1",
    "first_name": "",
    "last_name": "",
    "is_staff": false,
    "is_active": true,
    "date_joined": "2026-07-09T02:29:28.499Z",
    "email": "nvkinhdoanh1@gmail.com",
    "full_name": "NVKD 1",
    "phone": "",
    "job_title": "Nhân viên kinh doanh",
    "avatar": "",
    "company": 15,
    "role": 24,
    "is_company_admin": false,
    "department": 3,
    "created_at": "2026-07-09T02:29:28.940Z",
    "groups": [],
    "user_permissions": []
  }
},
{
  "model": "users.user",
  "pk": 6,
  "fields": {
    "password": "pbkdf2_sha256$1000000$3F9C08AcCODlGVhwXNS03V$JrfWLQGys/+hvGotKRSb9ZxE8keKyoOQc3WpI1D7B/4=",
    "last_login": "2026-07-24T02:35:43.254Z",
    "is_superuser": false,
    "username": "nvkinhdoanh2",
    "first_name": "",
    "last_name": "",
    "is_staff": false,
    "is_active": true,
    "date_joined": "2026-07-09T02:29:52.539Z",
    "email": "nvkinhdoanh2@gmail.com",
    "full_name": "NVKD2",
    "phone": "",
    "job_title": "Nhân viên kinh doanh",
    "avatar": "",
    "company": 15,
    "role": 24,
    "is_company_admin": false,
    "department": 4,
    "created_at": "2026-07-09T02:29:52.972Z",
    "groups": [],
    "user_permissions": []
  }
},
{
  "model": "users.user",
  "pk": 7,
  "fields": {
    "password": "pbkdf2_sha256$1000000$H1TOCIWybkAIbe766vy0sq$F7IYiH70I+xRh2rHHZRgPyLtdLM4qsNcDBfr7mN4TpU=",
    "last_login": "2026-07-20T16:54:59.813Z",
    "is_superuser": false,
    "username": "ketoan",
    "first_name": "",
    "last_name": "",
    "is_staff": false,
    "is_active": true,
    "date_joined": "2026-07-09T07:12:53.643Z",
    "email": "ketoan1@fujitech.com",
    "full_name": "Nguyễn Thị Mai (Kế toán)",
    "phone": "",
    "job_title": "Kế toán Đơn hàng & Công nợ",
    "avatar": "",
    "company": 15,
    "role": 25,
    "is_company_admin": false,
    "department": 6,
    "created_at": "2026-07-09T07:12:53.643Z",
    "groups": [],
    "user_permissions": []
  }
},
{
  "model": "users.user",
  "pk": 8,
  "fields": {
    "password": "pbkdf2_sha256$1000000$OMnq00wh9ETi5RXnbBgV7p$cKXUpqytAM/jKQTVFRhTlSHPhP5AVRQQlf0QVnDYqCs=",
    "last_login": null,
    "is_superuser": false,
    "username": "thukho",
    "first_name": "",
    "last_name": "",
    "is_staff": false,
    "is_active": true,
    "date_joined": "2026-07-09T07:12:54.110Z",
    "email": "thukho1@fujitech.com",
    "full_name": "Trần Văn Hùng (Thủ kho)",
    "phone": "",
    "job_title": "Thủ kho & Quản lý vận chuyển",
    "avatar": "",
    "company": 15,
    "role": 26,
    "is_company_admin": false,
    "department": 7,
    "created_at": "2026-07-09T07:12:54.111Z",
    "groups": [],
    "user_permissions": []
  }
},
{
  "model": "users.user",
  "pk": 9,
  "fields": {
    "password": "pbkdf2_sha256$1000000$aJFNuF0ncdKQ1SFzwi7Ysx$2sush6cEMYIIVtw2tl3bsqHHAwjSMg+NxznawFbtF9w=",
    "last_login": "2026-07-11T05:12:59.020Z",
    "is_superuser": false,
    "username": "sanxuat",
    "first_name": "",
    "last_name": "",
    "is_staff": false,
    "is_active": true,
    "date_joined": "2026-07-09T07:12:54.612Z",
    "email": "quandoc1@fujitech.com",
    "full_name": "Lê Đinh Long (Quản đốc)",
    "phone": "",
    "job_title": "Quản đốc xưởng SX",
    "avatar": "",
    "company": 15,
    "role": 27,
    "is_company_admin": false,
    "department": 8,
    "created_at": "2026-07-09T07:12:54.612Z",
    "groups": [],
    "user_permissions": []
  }
},
{
  "model": "users.companysettings",
  "pk": 11,
  "fields": {
    "company": 15,
    "order_prefix": "FUJI",
    "inactive_days_threshold": 1,
    "lead_routing": "manual",
    "timezone": "Asia/Ho_Chi_Minh",
    "active_modules": [
      "orders",
      "sales",
      "products",
      "production",
      "warranty",
      "delivery",
      "finance",
      "inventory",
      "facebook",
      "approvals",
      "zalo",
      "crm",
      "notifications",
      "website_integration",
      "ai_agent"
    ],
    "pipeline_status_labels": {
      "new": "Khách mới",
      "lost": "Không còn nhu cầu",
      "active": "Sắp chốt",
      "has_order": "Đã có đơn hàng",
      "potential": "Tìm hiểu nhu cầu",
      "repeat_order": "Mua thêm đơn hàng"
    },
    "quotation_template": 2,
    "default_quotation_terms": "1. Báo giá có hiệu lực trong vòng 15 ngày kể từ ngày xuất báo giá.\n2. Thanh toán: Tạm ứng 50% ngay sau khi xác nhận đơn hàng, 50% còn lại thanh toán sau khi bàn giao nghiệm thu.\n3. Đơn giá trên chưa bao gồm thuế VAT (nếu xuất hóa đơn).\n4. Bảo hành: Theo tiêu chuẩn từ nhà sản xuất kể từ ngày bàn giao.",
    "custom_quotation_title": "Báo giá sản xuất cửa",
    "custom_order_title": "ĐƠN ĐẶT HÀNG SẢN XUẤT",
    "default_warranty_content": "Thực hiện bảo hành công trình khi sử dụng sản phẩm Cửa Composite Fujitech Group\n\nChính sách bảo hành \n Bộ cửa Composite (khung, cánh, phào, gioăng): Bảo hành 36 tháng. \nPhụ kiện Fujitech Look (khóa, bản lề...): Bảo hành 12 tháng. \nLưu ý: \nThời gian bảo hành được tính bắt đầu từ ngày hàng hóa được giao đến khách hàng căn cứ vào phiếu xuất kho của nhà máy\nThời gian xem xét nguyên nhân và gửi thông báo cách xử lý, khắc phục tới khách hàng từ 3-7 ngày kể từ ngày nhận được yêu cầu bảo hành.\nĐối với những sản phẩm hư hỏng do nguyên nhân từ phía nhà máy sản xuất, khách hàng sẽ được cung cấp/thay thế sản phẩm mới hoặc sửa chữa miễn phí.\nTrường hợp hư hỏng do lỗi sử dụng của khách hàng, Fujitech Door sẽ sửa chữa bảo hành tính phí với mức chi phí hữu nghị.",
    "default_warranty_rules": "1. Trường hợp được bảo hành \n1) Sản phẩm còn trong thời hạn bảo hành. \n2) Có phiếu bảo hành đầy đủ thông tin (mã sản phẩm, ngày mua, thông tin khách hàng). \n3) Sản phẩm được lắp đặt đúng quy chuẩn ban đầu.\n\n2. Các trường hợp không bảo hành:\n1) Lỗi sản phẩm phát sinh do khách hàng lắp đặt và sử dụng không theo chỉ dẫn. \n2) Sản phẩm sử dụng trong môi trường tiếp xúc nhiều với hóa chất tẩy rửa mạnh hoặc quá trình sử dụng không đúng cách \n3) Chịu ảnh hưởng bởi ánh nắng mặt trời trực tiếp.\n4) Sản phẩm bị hỏng do tác động của lực cơ học, bề mặt cửa bị trầy xước, bong tróc do vật sắc nhọn va quệt.\n5) Sản phẩm bị hư hỏng do thiên tai, hỏa hoạn.\n6) Sản phẩm lắp đặt sai quy cách do không phải trực tiếp Fujitech lắp đặt\n7) Màu sắc sản phẩm thay đổi nhẹ theo thời gian do điều kiện môi trường và quá trình sử dụng tự nhiên.\n8) Nguyên nhân khác mà không phải lỗi của nhà sản xuất..",
    "website_api_key": "crm_MqWhNI7Za10ofSuaJVKXspwWuosO8iAiKkcJyoZV",
    "is_website_integration_active": false
  }
},
{
  "model": "users.subscriptionplan",
  "pk": 1,
  "fields": {
    "code": "starter",
    "name": "Gói Khởi nghiệp",
    "user_limit": 5,
    "is_default": true,
    "created_at": "2026-07-04T09:14:37.967Z"
  }
},
{
  "model": "users.subscriptionplan",
  "pk": 2,
  "fields": {
    "code": "standard",
    "name": "Gói Tiêu chuẩn",
    "user_limit": 15,
    "is_default": true,
    "created_at": "2026-07-04T09:14:37.992Z"
  }
},
{
  "model": "users.subscriptionplan",
  "pk": 3,
  "fields": {
    "code": "pro",
    "name": "Gói Chuyên nghiệp",
    "user_limit": 50,
    "is_default": true,
    "created_at": "2026-07-04T09:14:37.999Z"
  }
},
{
  "model": "users.subscriptionplan",
  "pk": 4,
  "fields": {
    "code": "enterprise",
    "name": "Gói Doanh nghiệp",
    "user_limit": 99999,
    "is_default": true,
    "created_at": "2026-07-04T09:14:38.006Z"
  }
},
{
  "model": "users.subscriptionplan",
  "pk": 5,
  "fields": {
    "code": "customer",
    "name": "Cá nhân",
    "user_limit": 55,
    "is_default": false,
    "created_at": "2026-07-04T09:26:43.146Z"
  }
},
{
  "model": "users.systemsettings",
  "pk": 1,
  "fields": {
    "require_strong_password": false,
    "enable_public_registration": false,
    "default_plan": "starter",
    "default_user_limit": 5,
    "tenant_isolation_mode": "strict",
    "jwt_expiration_hours": 24,
    "max_file_upload_mb": 100,
    "maintenance_mode": false,
    "zalo_app_id": "4538339528152720439",
    "zalo_app_secret": "PPhXUI223iu8PXUW5EG3",
    "zalo_webhook_secret": "RhgtZWnppzgzIH6JzR6v",
    "facebook_app_id": "1023573895094278",
    "facebook_app_secret": "4e1e6362c6fd981f118d556e33ccc28d",
    "facebook_webhook_secret": "tuyen_ldt"
  }
},
{
  "model": "users.companysequence",
  "pk": 1,
  "fields": {
    "company": 15,
    "prefix": "FUJI-DH",
    "date_str": "21072026",
    "last_seq": 4
  }
},
{
  "model": "users.companysequence",
  "pk": 2,
  "fields": {
    "company": 15,
    "prefix": "FUJI-EXP",
    "date_str": "21072026",
    "last_seq": 7
  }
},
{
  "model": "users.companysequence",
  "pk": 3,
  "fields": {
    "company": 15,
    "prefix": "FUJI-PT",
    "date_str": "21072026",
    "last_seq": 2
  }
},
{
  "model": "users.companysequence",
  "pk": 4,
  "fields": {
    "company": 15,
    "prefix": "FUJI-LSX",
    "date_str": "21072026",
    "last_seq": 4
  }
},
{
  "model": "users.companysequence",
  "pk": 5,
  "fields": {
    "company": 15,
    "prefix": "FUJI-BH",
    "date_str": "21072026",
    "last_seq": 4
  }
},
{
  "model": "users.companysequence",
  "pk": 6,
  "fields": {
    "company": 15,
    "prefix": "FUJI-GH",
    "date_str": "21072026",
    "last_seq": 4
  }
},
{
  "model": "users.companysequence",
  "pk": 7,
  "fields": {
    "company": 15,
    "prefix": "FUJI-BG",
    "date_str": "22072026",
    "last_seq": 1
  }
},
{
  "model": "users.companysequence",
  "pk": 8,
  "fields": {
    "company": 15,
    "prefix": "FUJI-DH",
    "date_str": "22072026",
    "last_seq": 1
  }
},
{
  "model": "users.companysequence",
  "pk": 9,
  "fields": {
    "company": 15,
    "prefix": "FUJI-PT",
    "date_str": "24072026",
    "last_seq": 3
  }
},
{
  "model": "users.companysequence",
  "pk": 10,
  "fields": {
    "company": 15,
    "prefix": "FUJI-EXP",
    "date_str": "22072026",
    "last_seq": 1
  }
},
{
  "model": "users.companysequence",
  "pk": 11,
  "fields": {
    "company": 15,
    "prefix": "FUJI-LSX",
    "date_str": "22072026",
    "last_seq": 1
  }
},
{
  "model": "users.companysequence",
  "pk": 12,
  "fields": {
    "company": 15,
    "prefix": "FUJI-GH",
    "date_str": "22072026",
    "last_seq": 1
  }
},
{
  "model": "users.companysequence",
  "pk": 13,
  "fields": {
    "company": 15,
    "prefix": "FUJI-BH",
    "date_str": "22072026",
    "last_seq": 1
  }
},
{
  "model": "users.companysequence",
  "pk": 14,
  "fields": {
    "company": 15,
    "prefix": "FUJI-DH",
    "date_str": "24072026",
    "last_seq": 3
  }
},
{
  "model": "users.companysequence",
  "pk": 15,
  "fields": {
    "company": 15,
    "prefix": "FUJI-EXP",
    "date_str": "24072026",
    "last_seq": 3
  }
},
{
  "model": "users.companysequence",
  "pk": 16,
  "fields": {
    "company": 15,
    "prefix": "FUJI-IMP",
    "date_str": "24072026",
    "last_seq": 1
  }
},
{
  "model": "users.companysequence",
  "pk": 17,
  "fields": {
    "company": 15,
    "prefix": "FUJI-LSX",
    "date_str": "24072026",
    "last_seq": 3
  }
},
{
  "model": "users.companysequence",
  "pk": 18,
  "fields": {
    "company": 15,
    "prefix": "FUJI-GH",
    "date_str": "24072026",
    "last_seq": 3
  }
},
{
  "model": "users.companysequence",
  "pk": 19,
  "fields": {
    "company": 15,
    "prefix": "FUJI-BH",
    "date_str": "24072026",
    "last_seq": 3
  }
},
{
  "model": "crm.customertag",
  "pk": 2,
  "fields": {
    "company": 15,
    "name": "Khách VIP",
    "color": "#1649c9"
  }
},
{
  "model": "crm.customer",
  "pk": 27,
  "fields": {
    "company": 15,
    "name": "Anh Tuyền",
    "phone": "0988565777",
    "email": "ledinhtuyen2@gmail.com",
    "address": "Xóm 4, Hạ Trường, xã Hà Đông",
    "city": "Hải Phòng",
    "birthday": "1992-09-14",
    "source": "other",
    "status": "has_order",
    "is_inactive": false,
    "assigned_to": 5,
    "created_by": 5,
    "notes": "",
    "social_lead": null,
    "created_at": "2026-07-17T07:07:20.573Z",
    "updated_at": "2026-07-17T07:07:20.573Z",
    "tags": [
      2
    ]
  }
},
{
  "model": "crm.customer",
  "pk": 28,
  "fields": {
    "company": 15,
    "name": "Chị Huế",
    "phone": "0989198265",
    "email": "huevt@gmail.com",
    "address": "220 Định Công Thượng, Phường Định Công",
    "city": "Hà Nội",
    "birthday": "1997-04-06",
    "source": "other",
    "status": "repeat_order",
    "is_inactive": false,
    "assigned_to": 5,
    "created_by": 5,
    "notes": "",
    "social_lead": null,
    "created_at": "2026-07-17T07:07:59.577Z",
    "updated_at": "2026-07-23T16:52:29.461Z",
    "tags": []
  }
},
{
  "model": "crm.customer",
  "pk": 29,
  "fields": {
    "company": 15,
    "name": "Lê Đình Khánh",
    "phone": "0988565232",
    "email": "",
    "address": "Xóm 4",
    "city": "Hải Dương",
    "birthday": null,
    "source": "other",
    "status": "has_order",
    "is_inactive": false,
    "assigned_to": 6,
    "created_by": 6,
    "notes": "",
    "social_lead": null,
    "created_at": "2026-07-24T02:56:49.751Z",
    "updated_at": "2026-07-24T02:57:04.561Z",
    "tags": []
  }
},
{
  "model": "crm.customer",
  "pk": 35,
  "fields": {
    "company": 15,
    "name": "Nguyễn Thuý",
    "phone": "0932562142",
    "email": "thuy@gmail.com",
    "address": "",
    "city": "",
    "birthday": null,
    "source": "Website moclegia.vn",
    "status": "new",
    "is_inactive": false,
    "assigned_to": 3,
    "created_by": null,
    "notes": "",
    "social_lead": null,
    "created_at": "2026-07-24T07:20:10.561Z",
    "updated_at": "2026-07-24T08:07:04.445Z",
    "tags": []
  }
},
{
  "model": "crm.customer",
  "pk": 36,
  "fields": {
    "company": 15,
    "name": "Lê Thắm",
    "phone": "0327562123",
    "email": "thamtham@gmail.com",
    "address": "",
    "city": "",
    "birthday": null,
    "source": "Website Form CF7",
    "status": "new",
    "is_inactive": false,
    "assigned_to": 4,
    "created_by": null,
    "notes": "",
    "social_lead": null,
    "created_at": "2026-07-24T07:55:33.808Z",
    "updated_at": "2026-07-24T08:07:04.354Z",
    "tags": []
  }
},
{
  "model": "crm.customercontact",
  "pk": 1,
  "fields": {
    "customer": 28,
    "name": "Tuyền",
    "phone": "0362562123",
    "email": "",
    "position": ""
  }
},
{
  "model": "crm.customerinteraction",
  "pk": 5,
  "fields": {
    "customer": 27,
    "created_by": 2,
    "type": "care",
    "content": "Khách hàng vừa để lại thông tin trên form Website.\ntest",
    "result": "",
    "next_follow_up": null,
    "created_at": "2026-07-24T07:07:17.512Z"
  }
},
{
  "model": "crm.customerinteraction",
  "pk": 6,
  "fields": {
    "customer": 35,
    "created_by": 2,
    "type": "care",
    "content": "Nội dung từ Website: Tư vấn cho tôi",
    "result": "",
    "next_follow_up": null,
    "created_at": "2026-07-24T07:20:10.573Z"
  }
},
{
  "model": "crm.customerinteraction",
  "pk": 7,
  "fields": {
    "customer": 36,
    "created_by": 2,
    "type": "care",
    "content": "Nội dung từ Website: Kiểm tra lại đăng ký",
    "result": "",
    "next_follow_up": null,
    "created_at": "2026-07-24T07:55:33.817Z"
  }
},
{
  "model": "sales.quotation",
  "pk": 1,
  "fields": {
    "company": 15,
    "quotation_number": "FUJI-BG-22072026-001",
    "customer": 28,
    "created_by": 5,
    "status": "approved",
    "installation_date": "2026-07-28",
    "notes": "1. Báo giá có hiệu lực trong vòng 15 ngày kể từ ngày xuất báo giá.\n2. Thanh toán: Tạm ứng 50% ngay sau khi xác nhận đơn hàng, 50% còn lại thanh toán sau khi bàn giao nghiệm thu.\n3. Đơn giá trên chưa bao gồm thuế VAT (nếu xuất hóa đơn).\n4. Bảo hành: Theo tiêu chuẩn từ nhà sản xuất kể từ ngày bàn giao.",
    "discount_total": "0.00",
    "public_token": "57227c11-a01b-4e7a-8e55-a0f7dced29db",
    "public_link_expires_at": null,
    "signature_image": null,
    "signed_at": null,
    "customer_name_signed": null,
    "subtotal": "17300000.00",
    "vat_rate": "0.00",
    "vat_amount": "0.00",
    "total_amount": "17300000.00",
    "order": null,
    "template": null,
    "shipping_fee": "0.00",
    "installation_fee": "0.00",
    "delivery_time": "3-5 ngày làm việc",
    "warranty_months": 12,
    "payment_terms": "",
    "payment_terms_schedule": [
      {
        "type": "deposit",
        "title": "Thanh toán đợt 1",
        "percentage": 100
      }
    ],
    "validity_days": 15,
    "custom_data": {
      "template_snapshot": {
        "id": 2,
        "code": "default",
        "name": "Báo giá FUJITECH",
        "layout_style": "modern_navy",
        "layout_config": {
          "sections": [
            {
              "id": "header",
              "name": "🏢 Khối Header & Logo Công ty",
              "order": 1,
              "visible": true
            },
            {
              "id": "title",
              "name": "📌 Khối Tiêu đề & Lời chào",
              "order": 2,
              "visible": true
            },
            {
              "id": "customer_info",
              "name": "👤 Khối Thông tin Khách hàng / Đối tác",
              "order": 3,
              "visible": true
            },
            {
              "id": "items_table",
              "name": "📦 Khối Bảng Hạng mục Sản phẩm & Dịch vụ",
              "order": 4,
              "visible": true
            },
            {
              "id": "summary",
              "name": "💰 Khối Tổng kết Thanh toán & Chiết khấu",
              "order": 5,
              "visible": true
            },
            {
              "id": "terms",
              "name": "📜 Khối Ghi chú & Điều khoản (Từ Admin Công ty)",
              "order": 6,
              "visible": true
            },
            {
              "id": "signatures",
              "name": "✍️ Khối Chữ ký Xác nhận",
              "order": 7,
              "columns": 2,
              "visible": true
            }
          ],
          "table_style": "classic_border",
          "theme_color": "#d97706",
          "custom_title": "BÁO GIÁ SẢN XUẤT CỬA COMPOSITE",
          "paper_orientation": "landscape"
        },
        "footer_content": "1. Báo giá có hiệu lực trong vòng 15 ngày kể từ ngày xuất báo giá.\n2. Thanh toán: Tạm ứng 50% ngay sau khi xác nhận đơn hàng, 50% còn lại thanh toán sau khi bàn giao nghiệm thu.\n3. Đơn giá trên chưa bao gồm thuế VAT (nếu xuất hóa đơn).\n4. Bảo hành: Theo tiêu chuẩn từ nhà sản xuất kể từ ngày bàn giao."
      }
    },
    "created_at": "2026-07-22T03:36:57.390Z",
    "updated_at": "2026-07-22T03:36:57.390Z"
  }
},
{
  "model": "sales.quotationitem",
  "pk": 1,
  "fields": {
    "quotation": 1,
    "product": 7,
    "item_type": "product",
    "product_name": "Cửa composite CCP01 - Mẫu mới",
    "unit_price": "3900000.00",
    "width": "600.00",
    "height": "2000.00",
    "quantity": 1,
    "discount_percent": "0.00",
    "line_total": "0.00",
    "note": "Không bản lề",
    "length": "0.00",
    "area": "1200000.00",
    "spec": "",
    "warranty": "12 tháng",
    "thickness": "300.00",
    "product_image": "http://localhost:8000/media/products/anh_cua.jpg",
    "custom_data": {
      "unit": "bộ",
      "symbol": "D11",
      "thickness": 300
    }
  }
},
{
  "model": "sales.quotationitem",
  "pk": 2,
  "fields": {
    "quotation": 1,
    "product": 7,
    "item_type": "product",
    "product_name": "Cửa composite CCP01 - Mẫu mới",
    "unit_price": "3900000.00",
    "width": "300.00",
    "height": "2011.00",
    "quantity": 1,
    "discount_percent": "0.00",
    "line_total": "0.00",
    "note": "Màu óc chó",
    "length": "0.00",
    "area": "603300.00",
    "spec": "",
    "warranty": "12 tháng",
    "thickness": "200.00",
    "product_image": "http://localhost:8000/media/products/anh_cua.jpg",
    "custom_data": {
      "unit": "bộ",
      "symbol": "D12",
      "thickness": 200
    }
  }
},
{
  "model": "sales.quotationitem",
  "pk": 3,
  "fields": {
    "quotation": 1,
    "product": 7,
    "item_type": "product",
    "product_name": "Cửa composite CCP01 - Mẫu mới",
    "unit_price": "3900000.00",
    "width": "300.00",
    "height": "2500.00",
    "quantity": 1,
    "discount_percent": "0.00",
    "line_total": "0.00",
    "note": "Không có",
    "length": "0.00",
    "area": "750000.00",
    "spec": "",
    "warranty": "12 tháng",
    "thickness": "800.00",
    "product_image": "http://localhost:8000/media/products/anh_cua.jpg",
    "custom_data": {
      "unit": "bộ",
      "symbol": "",
      "thickness": 800
    }
  }
},
{
  "model": "sales.quotationitem",
  "pk": 4,
  "fields": {
    "quotation": 1,
    "product": 10,
    "item_type": "product",
    "product_name": "Khoá thông minh KTM01",
    "unit_price": "5600000.00",
    "width": "0.00",
    "height": "0.00",
    "quantity": 1,
    "discount_percent": "0.00",
    "line_total": "0.00",
    "note": "Thông minh",
    "length": "0.00",
    "area": "0.00",
    "spec": "",
    "warranty": "12 tháng",
    "thickness": "0.00",
    "product_image": "http://localhost:8000/media/products/khoa.jpg",
    "custom_data": {
      "unit": "cái",
      "symbol": "K1",
      "thickness": 0
    }
  }
},
{
  "model": "sales.quotationtemplate",
  "pk": 1,
  "fields": {
    "name": "Mẫu mặc định",
    "code": "modern_navy",
    "description": "Mẫu mặc định",
    "header_content": "",
    "footer_content": "1. Báo giá có hiệu lực trong vòng 15 ngày kể từ ngày xuất báo giá.\n2. Thanh toán: Tạm ứng 50% ngay sau khi xác nhận đơn hàng, 50% còn lại thanh toán sau khi bàn giao nghiệm thu.\n3. Đơn giá trên chưa bao gồm thuế VAT (nếu xuất hóa đơn).\n4. Bảo hành: Theo tiêu chuẩn từ nhà sản xuất kể từ ngày bàn giao.",
    "layout_style": "modern_navy",
    "layout_config": {
      "sections": [
        {
          "id": "header",
          "name": "🏢 Khối Header & Logo Công ty",
          "order": 1,
          "visible": true
        },
        {
          "id": "title",
          "name": "📌 Khối Tiêu đề & Lời chào",
          "order": 2,
          "visible": true
        },
        {
          "id": "customer_info",
          "name": "👤 Khối Thông tin Khách hàng / Đối tác",
          "order": 3,
          "visible": true
        },
        {
          "id": "items_table",
          "name": "📦 Khối Bảng Hạng mục Sản phẩm & Dịch vụ",
          "order": 4,
          "visible": true
        },
        {
          "id": "summary",
          "name": "💰 Khối Tổng kết Thanh toán & Chiết khấu",
          "order": 5,
          "visible": true
        },
        {
          "id": "terms",
          "name": "📜 Khối Ghi chú & Điều khoản (Từ Admin Công ty)",
          "order": 6,
          "visible": true
        },
        {
          "id": "signatures",
          "name": "✍️ Khối Chữ ký Xác nhận",
          "order": 7,
          "columns": 2,
          "visible": true
        }
      ],
      "table_style": "classic_border",
      "theme_color": "#1649c9",
      "custom_title": "BÁO GIÁ SẢN XUẤT CỬA COMPOSITE",
      "paper_orientation": "portrait"
    },
    "is_default": true,
    "is_active": true,
    "created_at": "2026-07-09T02:15:30.960Z",
    "updated_at": "2026-07-22T02:21:02.996Z"
  }
},
{
  "model": "sales.quotationtemplate",
  "pk": 2,
  "fields": {
    "name": "Báo giá FUJITECH",
    "code": "default",
    "description": "Mẫu báo gái Fujitech",
    "header_content": "",
    "footer_content": "1. Báo giá có hiệu lực trong vòng 15 ngày kể từ ngày xuất báo giá.\n2. Thanh toán: Tạm ứng 50% ngay sau khi xác nhận đơn hàng, 50% còn lại thanh toán sau khi bàn giao nghiệm thu.\n3. Đơn giá trên chưa bao gồm thuế VAT (nếu xuất hóa đơn).\n4. Bảo hành: Theo tiêu chuẩn từ nhà sản xuất kể từ ngày bàn giao.",
    "layout_style": "modern_navy",
    "layout_config": {
      "sections": [
        {
          "id": "header",
          "name": "🏢 Khối Header & Logo Công ty",
          "order": 1,
          "visible": true
        },
        {
          "id": "title",
          "name": "📌 Khối Tiêu đề & Lời chào",
          "order": 2,
          "visible": true
        },
        {
          "id": "customer_info",
          "name": "👤 Khối Thông tin Khách hàng / Đối tác",
          "order": 3,
          "visible": true
        },
        {
          "id": "items_table",
          "name": "📦 Khối Bảng Hạng mục Sản phẩm & Dịch vụ",
          "order": 4,
          "visible": true
        },
        {
          "id": "summary",
          "name": "💰 Khối Tổng kết Thanh toán & Chiết khấu",
          "order": 5,
          "visible": true
        },
        {
          "id": "terms",
          "name": "📜 Khối Ghi chú & Điều khoản (Từ Admin Công ty)",
          "order": 6,
          "visible": true
        },
        {
          "id": "signatures",
          "name": "✍️ Khối Chữ ký Xác nhận",
          "order": 7,
          "columns": 2,
          "visible": true
        }
      ],
      "table_style": "classic_border",
      "theme_color": "#d97706",
      "custom_title": "BÁO GIÁ SẢN XUẤT CỬA COMPOSITE",
      "paper_orientation": "landscape"
    },
    "is_default": false,
    "is_active": true,
    "created_at": "2026-07-09T02:23:26.411Z",
    "updated_at": "2026-07-22T02:21:03.002Z"
  }
},
{
  "model": "orders.order",
  "pk": 11,
  "fields": {
    "company": 15,
    "order_number": "FUJI-DH-22072026-001",
    "customer": 28,
    "quotation": 1,
    "created_by": 5,
    "approved_by": 2,
    "status": "completed",
    "financial_status": "fully_paid",
    "payment_term": "Cọc 30% - Giao hàng 70%",
    "payment_terms_schedule": [
      {
        "type": "deposit",
        "title": "Thanh toán đợt 1",
        "percentage": 100
      }
    ],
    "installation_date": "2026-07-28",
    "notes": "1. Báo giá có hiệu lực trong vòng 15 ngày kể từ ngày xuất báo giá.\n2. Thanh toán: Tạm ứng 50% ngay sau khi xác nhận đơn hàng, 50% còn lại thanh toán sau khi bàn giao nghiệm thu.\n3. Đơn giá trên chưa bao gồm thuế VAT (nếu xuất hóa đơn).\n4. Bảo hành: Theo tiêu chuẩn từ nhà sản xuất kể từ ngày bàn giao.",
    "subtotal": "17300000.00",
    "vat_rate": "0.00",
    "vat_amount": "0.00",
    "shipping_fee": "0.00",
    "installation_fee": "0.00",
    "delivery_time": "3-5 ngày làm việc",
    "warranty_months": 12,
    "validity_days": 15,
    "discount_total": "0.00",
    "total_amount": "17300000.00",
    "approved_at": "2026-07-22T03:53:50.524Z",
    "custom_data": {
      "template_snapshot": {
        "id": 2,
        "code": "default",
        "name": "Báo giá FUJITECH",
        "layout_style": "modern_navy",
        "layout_config": {
          "sections": [
            {
              "id": "header",
              "name": "🏢 Khối Header & Logo Công ty",
              "order": 1,
              "visible": true
            },
            {
              "id": "title",
              "name": "📌 Khối Tiêu đề & Lời chào",
              "order": 2,
              "visible": true
            },
            {
              "id": "customer_info",
              "name": "👤 Khối Thông tin Khách hàng / Đối tác",
              "order": 3,
              "visible": true
            },
            {
              "id": "items_table",
              "name": "📦 Khối Bảng Hạng mục Sản phẩm & Dịch vụ",
              "order": 4,
              "visible": true
            },
            {
              "id": "summary",
              "name": "💰 Khối Tổng kết Thanh toán & Chiết khấu",
              "order": 5,
              "visible": true
            },
            {
              "id": "terms",
              "name": "📜 Khối Ghi chú & Điều khoản (Từ Admin Công ty)",
              "order": 6,
              "visible": true
            },
            {
              "id": "signatures",
              "name": "✍️ Khối Chữ ký Xác nhận",
              "order": 7,
              "columns": 2,
              "visible": true
            }
          ],
          "table_style": "classic_border",
          "theme_color": "#d97706",
          "custom_title": "BÁO GIÁ SẢN XUẤT CỬA COMPOSITE",
          "paper_orientation": "landscape"
        },
        "footer_content": "1. Báo giá có hiệu lực trong vòng 15 ngày kể từ ngày xuất báo giá.\n2. Thanh toán: Tạm ứng 50% ngay sau khi xác nhận đơn hàng, 50% còn lại thanh toán sau khi bàn giao nghiệm thu.\n3. Đơn giá trên chưa bao gồm thuế VAT (nếu xuất hóa đơn).\n4. Bảo hành: Theo tiêu chuẩn từ nhà sản xuất kể từ ngày bàn giao."
      }
    },
    "created_at": "2026-07-22T03:53:36.809Z",
    "updated_at": "2026-07-24T02:11:47.891Z"
  }
},
{
  "model": "orders.order",
  "pk": 12,
  "fields": {
    "company": 15,
    "order_number": "FUJI-DH-24072026-001",
    "customer": 27,
    "quotation": null,
    "created_by": 2,
    "approved_by": 2,
    "status": "approved",
    "financial_status": "unpaid",
    "payment_term": "Cọc 30% - Giao hàng 70%",
    "payment_terms_schedule": [
      {
        "type": "deposit",
        "title": "Thanh toán đợt 1",
        "percentage": 100
      }
    ],
    "installation_date": "2026-07-29",
    "notes": "",
    "subtotal": "23400000.00",
    "vat_rate": "0.00",
    "vat_amount": "0.00",
    "shipping_fee": "0.00",
    "installation_fee": "0.00",
    "delivery_time": "3-5 ngày làm việc",
    "warranty_months": 12,
    "validity_days": 30,
    "discount_total": "0.00",
    "total_amount": "23400000.00",
    "approved_at": "2026-07-24T02:17:29.302Z",
    "custom_data": {
      "template_snapshot": {
        "id": 2,
        "code": "default",
        "name": "Báo giá FUJITECH",
        "layout_style": "modern_navy",
        "layout_config": {
          "sections": [
            {
              "id": "header",
              "name": "🏢 Khối Header & Logo Công ty",
              "order": 1,
              "visible": true
            },
            {
              "id": "title",
              "name": "📌 Khối Tiêu đề & Lời chào",
              "order": 2,
              "visible": true
            },
            {
              "id": "customer_info",
              "name": "👤 Khối Thông tin Khách hàng / Đối tác",
              "order": 3,
              "visible": true
            },
            {
              "id": "items_table",
              "name": "📦 Khối Bảng Hạng mục Sản phẩm & Dịch vụ",
              "order": 4,
              "visible": true
            },
            {
              "id": "summary",
              "name": "💰 Khối Tổng kết Thanh toán & Chiết khấu",
              "order": 5,
              "visible": true
            },
            {
              "id": "terms",
              "name": "📜 Khối Ghi chú & Điều khoản (Từ Admin Công ty)",
              "order": 6,
              "visible": true
            },
            {
              "id": "signatures",
              "name": "✍️ Khối Chữ ký Xác nhận",
              "order": 7,
              "columns": 2,
              "visible": true
            }
          ],
          "table_style": "classic_border",
          "theme_color": "#d97706",
          "custom_title": "BÁO GIÁ SẢN XUẤT CỬA COMPOSITE",
          "paper_orientation": "landscape"
        },
        "footer_content": "1. Báo giá có hiệu lực trong vòng 15 ngày kể từ ngày xuất báo giá.\n2. Thanh toán: Tạm ứng 50% ngay sau khi xác nhận đơn hàng, 50% còn lại thanh toán sau khi bàn giao nghiệm thu.\n3. Đơn giá trên chưa bao gồm thuế VAT (nếu xuất hóa đơn).\n4. Bảo hành: Theo tiêu chuẩn từ nhà sản xuất kể từ ngày bàn giao."
      }
    },
    "created_at": "2026-07-24T02:13:40.425Z",
    "updated_at": "2026-07-24T02:17:29.303Z"
  }
},
{
  "model": "orders.order",
  "pk": 13,
  "fields": {
    "company": 15,
    "order_number": "FUJI-DH-24072026-002",
    "customer": 28,
    "quotation": null,
    "created_by": 2,
    "approved_by": 2,
    "status": "approved",
    "financial_status": "unpaid",
    "payment_term": "Cọc 30% - Giao hàng 70%",
    "payment_terms_schedule": [
      {
        "type": "deposit",
        "title": "Thanh toán đợt 1",
        "percentage": 50
      },
      {
        "type": "after_delivery",
        "title": "Thanh toán đợt 1",
        "percentage": 50
      }
    ],
    "installation_date": null,
    "notes": "",
    "subtotal": "35000000.00",
    "vat_rate": "0.00",
    "vat_amount": "0.00",
    "shipping_fee": "0.00",
    "installation_fee": "0.00",
    "delivery_time": "3-5 ngày làm việc",
    "warranty_months": 12,
    "validity_days": 30,
    "discount_total": "0.00",
    "total_amount": "35000000.00",
    "approved_at": "2026-07-24T02:19:44.153Z",
    "custom_data": {
      "template_snapshot": {
        "id": 2,
        "code": "default",
        "name": "Báo giá FUJITECH",
        "layout_style": "modern_navy",
        "layout_config": {
          "sections": [
            {
              "id": "header",
              "name": "🏢 Khối Header & Logo Công ty",
              "order": 1,
              "visible": true
            },
            {
              "id": "title",
              "name": "📌 Khối Tiêu đề & Lời chào",
              "order": 2,
              "visible": true
            },
            {
              "id": "customer_info",
              "name": "👤 Khối Thông tin Khách hàng / Đối tác",
              "order": 3,
              "visible": true
            },
            {
              "id": "items_table",
              "name": "📦 Khối Bảng Hạng mục Sản phẩm & Dịch vụ",
              "order": 4,
              "visible": true
            },
            {
              "id": "summary",
              "name": "💰 Khối Tổng kết Thanh toán & Chiết khấu",
              "order": 5,
              "visible": true
            },
            {
              "id": "terms",
              "name": "📜 Khối Ghi chú & Điều khoản (Từ Admin Công ty)",
              "order": 6,
              "visible": true
            },
            {
              "id": "signatures",
              "name": "✍️ Khối Chữ ký Xác nhận",
              "order": 7,
              "columns": 2,
              "visible": true
            }
          ],
          "table_style": "classic_border",
          "theme_color": "#d97706",
          "custom_title": "BÁO GIÁ SẢN XUẤT CỬA COMPOSITE",
          "paper_orientation": "landscape"
        },
        "footer_content": "1. Báo giá có hiệu lực trong vòng 15 ngày kể từ ngày xuất báo giá.\n2. Thanh toán: Tạm ứng 50% ngay sau khi xác nhận đơn hàng, 50% còn lại thanh toán sau khi bàn giao nghiệm thu.\n3. Đơn giá trên chưa bao gồm thuế VAT (nếu xuất hóa đơn).\n4. Bảo hành: Theo tiêu chuẩn từ nhà sản xuất kể từ ngày bàn giao."
      }
    },
    "created_at": "2026-07-24T02:19:28.286Z",
    "updated_at": "2026-07-24T02:19:44.154Z"
  }
},
{
  "model": "orders.order",
  "pk": 14,
  "fields": {
    "company": 15,
    "order_number": "FUJI-DH-24072026-003",
    "customer": 29,
    "quotation": null,
    "created_by": 6,
    "approved_by": 2,
    "status": "completed",
    "financial_status": "fully_paid",
    "payment_term": "Cọc 30% - Giao hàng 70%",
    "payment_terms_schedule": [
      {
        "type": "deposit",
        "title": "Thanh toán đợt 1",
        "percentage": 100
      }
    ],
    "installation_date": "2026-07-30",
    "notes": "",
    "subtotal": "39060000.00",
    "vat_rate": "0.00",
    "vat_amount": "0.00",
    "shipping_fee": "0.00",
    "installation_fee": "0.00",
    "delivery_time": "3-5 ngày làm việc",
    "warranty_months": 12,
    "validity_days": 30,
    "discount_total": "0.00",
    "total_amount": "39060000.00",
    "approved_at": "2026-07-24T02:59:10.469Z",
    "custom_data": {
      "template_snapshot": {
        "id": 2,
        "code": "default",
        "name": "Báo giá FUJITECH",
        "layout_style": "modern_navy",
        "layout_config": {
          "sections": [
            {
              "id": "header",
              "name": "🏢 Khối Header & Logo Công ty",
              "order": 1,
              "visible": true
            },
            {
              "id": "title",
              "name": "📌 Khối Tiêu đề & Lời chào",
              "order": 2,
              "visible": true
            },
            {
              "id": "customer_info",
              "name": "👤 Khối Thông tin Khách hàng / Đối tác",
              "order": 3,
              "visible": true
            },
            {
              "id": "items_table",
              "name": "📦 Khối Bảng Hạng mục Sản phẩm & Dịch vụ",
              "order": 4,
              "visible": true
            },
            {
              "id": "summary",
              "name": "💰 Khối Tổng kết Thanh toán & Chiết khấu",
              "order": 5,
              "visible": true
            },
            {
              "id": "terms",
              "name": "📜 Khối Ghi chú & Điều khoản (Từ Admin Công ty)",
              "order": 6,
              "visible": true
            },
            {
              "id": "signatures",
              "name": "✍️ Khối Chữ ký Xác nhận",
              "order": 7,
              "columns": 2,
              "visible": true
            }
          ],
          "table_style": "classic_border",
          "theme_color": "#d97706",
          "custom_title": "BÁO GIÁ SẢN XUẤT CỬA COMPOSITE",
          "paper_orientation": "landscape"
        },
        "footer_content": "1. Báo giá có hiệu lực trong vòng 15 ngày kể từ ngày xuất báo giá.\n2. Thanh toán: Tạm ứng 50% ngay sau khi xác nhận đơn hàng, 50% còn lại thanh toán sau khi bàn giao nghiệm thu.\n3. Đơn giá trên chưa bao gồm thuế VAT (nếu xuất hóa đơn).\n4. Bảo hành: Theo tiêu chuẩn từ nhà sản xuất kể từ ngày bàn giao."
      }
    },
    "created_at": "2026-07-24T02:58:18.765Z",
    "updated_at": "2026-07-24T04:13:28.004Z"
  }
},
{
  "model": "orders.orderitem",
  "pk": 23,
  "fields": {
    "order": 11,
    "product": 7,
    "item_type": "product",
    "product_name": "Cửa composite CCP01 - Mẫu mới",
    "unit_price": "3900000.00",
    "width": "600.00",
    "height": "2000.00",
    "quantity": 1,
    "discount_percent": "0.00",
    "line_total": "0.00",
    "note": "Không bản lề",
    "length": "0.00",
    "area": "1200000.00",
    "spec": "",
    "warranty": "12 tháng",
    "thickness": "300.00",
    "product_image": "http://localhost:8000/media/products/anh_cua.jpg",
    "custom_data": {
      "unit": "bộ",
      "symbol": "D11",
      "thickness": 300
    }
  }
},
{
  "model": "orders.orderitem",
  "pk": 24,
  "fields": {
    "order": 11,
    "product": 7,
    "item_type": "product",
    "product_name": "Cửa composite CCP01 - Mẫu mới",
    "unit_price": "3900000.00",
    "width": "300.00",
    "height": "2011.00",
    "quantity": 1,
    "discount_percent": "0.00",
    "line_total": "0.00",
    "note": "Màu óc chó",
    "length": "0.00",
    "area": "603300.00",
    "spec": "",
    "warranty": "12 tháng",
    "thickness": "200.00",
    "product_image": "http://localhost:8000/media/products/anh_cua.jpg",
    "custom_data": {
      "unit": "bộ",
      "symbol": "D12",
      "thickness": 200
    }
  }
},
{
  "model": "orders.orderitem",
  "pk": 25,
  "fields": {
    "order": 11,
    "product": 7,
    "item_type": "product",
    "product_name": "Cửa composite CCP01 - Mẫu mới",
    "unit_price": "3900000.00",
    "width": "300.00",
    "height": "2500.00",
    "quantity": 1,
    "discount_percent": "0.00",
    "line_total": "0.00",
    "note": "Không có",
    "length": "0.00",
    "area": "750000.00",
    "spec": "",
    "warranty": "12 tháng",
    "thickness": "800.00",
    "product_image": "http://localhost:8000/media/products/anh_cua.jpg",
    "custom_data": {
      "unit": "bộ",
      "symbol": "",
      "thickness": 800
    }
  }
},
{
  "model": "orders.orderitem",
  "pk": 26,
  "fields": {
    "order": 11,
    "product": 10,
    "item_type": "product",
    "product_name": "Khoá thông minh KTM01",
    "unit_price": "5600000.00",
    "width": "0.00",
    "height": "0.00",
    "quantity": 1,
    "discount_percent": "0.00",
    "line_total": "0.00",
    "note": "Thông minh",
    "length": "0.00",
    "area": "0.00",
    "spec": "",
    "warranty": "12 tháng",
    "thickness": "0.00",
    "product_image": "http://localhost:8000/media/products/khoa.jpg",
    "custom_data": {
      "unit": "cái",
      "symbol": "K1",
      "thickness": 0
    }
  }
},
{
  "model": "orders.orderitem",
  "pk": 27,
  "fields": {
    "order": 12,
    "product": 7,
    "item_type": "product",
    "product_name": "Cửa composite CCP01 - Mẫu mới",
    "unit_price": "3900000.00",
    "width": "600.00",
    "height": "200.00",
    "quantity": 5,
    "discount_percent": "0.00",
    "line_total": "0.00",
    "note": "Không cần",
    "length": "0.00",
    "area": "0.00",
    "spec": "",
    "warranty": "",
    "thickness": "3000.00",
    "product_image": null,
    "custom_data": {
      "symbol": ""
    }
  }
},
{
  "model": "orders.orderitem",
  "pk": 28,
  "fields": {
    "order": 12,
    "product": 7,
    "item_type": "product",
    "product_name": "Cửa composite CCP01 - Mẫu mới",
    "unit_price": "3900000.00",
    "width": "600.00",
    "height": "300.00",
    "quantity": 1,
    "discount_percent": "0.00",
    "line_total": "0.00",
    "note": "Không",
    "length": "0.00",
    "area": "0.00",
    "spec": "",
    "warranty": "12 tháng",
    "thickness": "800.00",
    "product_image": null,
    "custom_data": {}
  }
},
{
  "model": "orders.orderitem",
  "pk": 29,
  "fields": {
    "order": 13,
    "product": 7,
    "item_type": "product",
    "product_name": "Cửa composite CCP01 - Mẫu mới",
    "unit_price": "35000000.00",
    "width": "300.00",
    "height": "600.00",
    "quantity": 1,
    "discount_percent": "0.00",
    "line_total": "0.00",
    "note": "",
    "length": "0.00",
    "area": "0.00",
    "spec": "",
    "warranty": "12 tháng",
    "thickness": "300.00",
    "product_image": null,
    "custom_data": {}
  }
},
{
  "model": "orders.orderitem",
  "pk": 30,
  "fields": {
    "order": 14,
    "product": 7,
    "item_type": "product",
    "product_name": "Cửa composite CCP01 - Mẫu mới",
    "unit_price": "3900000.00",
    "width": "200.00",
    "height": "300.00",
    "quantity": 10,
    "discount_percent": "0.00",
    "line_total": "0.00",
    "note": "",
    "length": "0.00",
    "area": "0.00",
    "spec": "",
    "warranty": "12 tháng",
    "thickness": "3000.00",
    "product_image": null,
    "custom_data": {}
  }
},
{
  "model": "orders.orderitem",
  "pk": 31,
  "fields": {
    "order": 14,
    "product": null,
    "item_type": "service",
    "product_name": "Cửa khuôn kép",
    "unit_price": "60000.00",
    "width": "0.00",
    "height": "0.00",
    "quantity": 1,
    "discount_percent": "0.00",
    "line_total": "0.00",
    "note": "",
    "length": "0.00",
    "area": "0.00",
    "spec": "",
    "warranty": "",
    "thickness": "0.00",
    "product_image": "",
    "custom_data": {
      "unit": "lần"
    }
  }
},
{
  "model": "inventory.productcategory",
  "pk": 7,
  "fields": {
    "company": 15,
    "name": "Cửa Fujitech Door",
    "description": "Cửa thông dụng"
  }
},
{
  "model": "inventory.productcategory",
  "pk": 8,
  "fields": {
    "company": 15,
    "name": "Cửa Fujitech Grand Door",
    "description": "Cửa cao cấp hơn"
  }
},
{
  "model": "inventory.product",
  "pk": 7,
  "fields": {
    "company": 15,
    "template": null,
    "category": 7,
    "sku": "CCP01",
    "name": "Cửa composite CCP01 - Mẫu mới",
    "product_type": "product",
    "description": "1. Độ dày cửa cao\r\n2. Tương đối đẹp\r\n3. Nhiều màu sắc để lựa chọn",
    "attributes": {},
    "unit": "bộ",
    "price": "3900000.00",
    "cost_price": "3100000.00",
    "image": "products/anh_cua.jpg",
    "is_active": true,
    "created_at": "2026-07-09T02:39:31.816Z",
    "updated_at": "2026-07-17T07:19:59.550Z"
  }
},
{
  "model": "inventory.product",
  "pk": 10,
  "fields": {
    "company": 15,
    "template": null,
    "category": 7,
    "sku": "KTM01",
    "name": "Khoá thông minh KTM01",
    "product_type": "product",
    "description": "1. Khoá thông minh đi kèm theo cửa\r\n2. Hỗ trợ vân tay\r\n3. Hỗ trợ mở từ xa",
    "attributes": {},
    "unit": "cái",
    "price": "5600000.00",
    "cost_price": "5000000.00",
    "image": "products/khoa.jpg",
    "is_active": true,
    "created_at": "2026-07-09T10:16:42.346Z",
    "updated_at": "2026-07-17T07:20:25.153Z"
  }
},
{
  "model": "inventory.warehouse",
  "pk": 6,
  "fields": {
    "company": 15,
    "name": "Kho Hồ Chí Minh",
    "location": "Số 10, Tân Bình",
    "is_active": true
  }
},
{
  "model": "inventory.warehouse",
  "pk": 10,
  "fields": {
    "company": 15,
    "name": "Kho Hà Nội",
    "location": "Xa la, Hà Đông, Hà Nội",
    "is_active": true
  }
},
{
  "model": "inventory.stocklevel",
  "pk": 19,
  "fields": {
    "product": 7,
    "warehouse": 6,
    "quantity": 5,
    "min_quantity": 0
  }
},
{
  "model": "inventory.stocklevel",
  "pk": 20,
  "fields": {
    "product": 7,
    "warehouse": 10,
    "quantity": 92,
    "min_quantity": 0
  }
},
{
  "model": "inventory.stocklevel",
  "pk": 24,
  "fields": {
    "product": 10,
    "warehouse": 10,
    "quantity": 18,
    "min_quantity": 5
  }
},
{
  "model": "inventory.stocklevel",
  "pk": 25,
  "fields": {
    "product": 10,
    "warehouse": 6,
    "quantity": 37,
    "min_quantity": 5
  }
},
{
  "model": "inventory.inventorytransaction",
  "pk": 1,
  "fields": {
    "company": 15,
    "transaction_code": "FUJI-EXP-22072026-001",
    "type": "export",
    "product": 7,
    "custom_product_name": "Cửa composite CCP01 - Mẫu mới (2000 x 600 x 300)",
    "warehouse": 6,
    "target_warehouse": null,
    "status": "completed",
    "quantity": 1,
    "unit_cost": "0.00",
    "reference_order": 11,
    "factory": null,
    "note": "Lệnh xuất kho chờ duyệt cho đơn hàng FUJI-DH-22072026-001",
    "created_by": 2,
    "created_at": "2026-07-24T02:11:07.278Z"
  }
},
{
  "model": "inventory.inventorytransaction",
  "pk": 2,
  "fields": {
    "company": 15,
    "transaction_code": "FUJI-EXP-22072026-001",
    "type": "export",
    "product": 7,
    "custom_product_name": "Cửa composite CCP01 - Mẫu mới (2011 x 300 x 200)",
    "warehouse": 6,
    "target_warehouse": null,
    "status": "completed",
    "quantity": 1,
    "unit_cost": "0.00",
    "reference_order": 11,
    "factory": null,
    "note": "Lệnh xuất kho chờ duyệt cho đơn hàng FUJI-DH-22072026-001",
    "created_by": 2,
    "created_at": "2026-07-24T02:11:07.319Z"
  }
},
{
  "model": "inventory.inventorytransaction",
  "pk": 3,
  "fields": {
    "company": 15,
    "transaction_code": "FUJI-EXP-22072026-001",
    "type": "export",
    "product": 7,
    "custom_product_name": "Cửa composite CCP01 - Mẫu mới (2500 x 300 x 800)",
    "warehouse": 6,
    "target_warehouse": null,
    "status": "completed",
    "quantity": 1,
    "unit_cost": "0.00",
    "reference_order": 11,
    "factory": null,
    "note": "Lệnh xuất kho chờ duyệt cho đơn hàng FUJI-DH-22072026-001",
    "created_by": 2,
    "created_at": "2026-07-24T02:11:07.332Z"
  }
},
{
  "model": "inventory.inventorytransaction",
  "pk": 4,
  "fields": {
    "company": 15,
    "transaction_code": "FUJI-EXP-22072026-001",
    "type": "export",
    "product": 10,
    "custom_product_name": "Khoá thông minh KTM01",
    "warehouse": 6,
    "target_warehouse": null,
    "status": "completed",
    "quantity": 1,
    "unit_cost": "0.00",
    "reference_order": 11,
    "factory": null,
    "note": "Lệnh xuất kho chờ duyệt cho đơn hàng FUJI-DH-22072026-001",
    "created_by": 2,
    "created_at": "2026-07-24T02:11:07.336Z"
  }
},
{
  "model": "inventory.inventorytransaction",
  "pk": 5,
  "fields": {
    "company": 15,
    "transaction_code": "FUJI-EXP-24072026-003",
    "type": "export",
    "product": 7,
    "custom_product_name": "Cửa composite CCP01 - Mẫu mới (300 x 200 x 3000)",
    "warehouse": 10,
    "target_warehouse": null,
    "status": "completed",
    "quantity": 10,
    "unit_cost": "0.00",
    "reference_order": 14,
    "factory": 2,
    "note": "Lệnh xuất kho chờ duyệt cho đơn hàng FUJI-DH-24072026-003",
    "created_by": 2,
    "created_at": "2026-07-24T02:59:10.509Z"
  }
},
{
  "model": "inventory.inventorytransaction",
  "pk": 6,
  "fields": {
    "company": 15,
    "transaction_code": "FUJI-IMP-24072026-001",
    "type": "import",
    "product": 7,
    "custom_product_name": null,
    "warehouse": 10,
    "target_warehouse": null,
    "status": "completed",
    "quantity": 100,
    "unit_cost": "0.00",
    "reference_order": null,
    "factory": null,
    "note": "",
    "created_by": 2,
    "created_at": "2026-07-24T04:11:58.072Z"
  }
},
{
  "model": "production.factory",
  "pk": 2,
  "fields": {
    "company": 15,
    "name": "Nhà máy Việt Đức",
    "location": "Đông Anh, Hà Nội",
    "linked_warehouse": 10,
    "is_active": true
  }
},
{
  "model": "production.productionorder",
  "pk": 1,
  "fields": {
    "company": 15,
    "production_order_code": "FUJI-LSX-22072026-001",
    "order": 11,
    "factory": null,
    "status": "completed",
    "start_date": null,
    "end_date": null,
    "notes": "",
    "created_at": "2026-07-24T02:11:35.533Z",
    "updated_at": "2026-07-24T02:11:43.581Z"
  }
},
{
  "model": "production.productionorder",
  "pk": 2,
  "fields": {
    "company": 15,
    "production_order_code": "FUJI-LSX-24072026-003",
    "order": 14,
    "factory": 2,
    "status": "completed",
    "start_date": null,
    "end_date": null,
    "notes": "",
    "created_at": "2026-07-24T04:12:32.168Z",
    "updated_at": "2026-07-24T04:13:24.592Z"
  }
},
{
  "model": "notifications.notification",
  "pk": 1,
  "fields": {
    "company": 15,
    "recipient": 5,
    "sender": null,
    "type": "crm_assigned",
    "title": "Bạn có khách hàng mới được phân công",
    "message": "Khách hàng V┼⌐ Thß╗ï Huß║┐ (0988565777) đã được phân công cho bạn.",
    "link": "/customers/25",
    "is_read": true,
    "created_at": "2026-07-14T01:34:47.536Z"
  }
},
{
  "model": "notifications.notification",
  "pk": 2,
  "fields": {
    "company": 15,
    "recipient": 5,
    "sender": null,
    "type": "crm_assigned",
    "title": "Bạn có khách hàng mới được phân công",
    "message": "Khách hàng LE DINH TUYEN (0989198265) đã được phân công cho bạn.",
    "link": "/customers/26",
    "is_read": true,
    "created_at": "2026-07-14T01:34:48.032Z"
  }
},
{
  "model": "notifications.notification",
  "pk": 47,
  "fields": {
    "company": 15,
    "recipient": 5,
    "sender": 2,
    "type": "crm_assigned",
    "title": "Bạn có khách hàng mới được phân công",
    "message": "Khách hàng LE DINH TUYEN (0989198265) đã được phân công cho bạn.",
    "link": "/customers/15",
    "is_read": true,
    "created_at": "2026-07-09T02:36:01.154Z"
  }
},
{
  "model": "notifications.notification",
  "pk": 48,
  "fields": {
    "company": 15,
    "recipient": 2,
    "sender": 5,
    "type": "order_new",
    "title": "Đơn hàng mới cần duyệt",
    "message": "Đơn hàng DH-20260709-001 của khách LE DINH TUYEN đang chờ duyệt.",
    "link": "/orders/6",
    "is_read": true,
    "created_at": "2026-07-09T04:39:36.503Z"
  }
},
{
  "model": "notifications.notification",
  "pk": 49,
  "fields": {
    "company": 15,
    "recipient": 3,
    "sender": 5,
    "type": "order_new",
    "title": "Đơn hàng mới cần duyệt",
    "message": "Đơn hàng DH-20260709-001 của khách LE DINH TUYEN đang chờ duyệt.",
    "link": "/orders/6",
    "is_read": true,
    "created_at": "2026-07-09T04:39:36.691Z"
  }
},
{
  "model": "notifications.notification",
  "pk": 50,
  "fields": {
    "company": 15,
    "recipient": 4,
    "sender": 5,
    "type": "order_new",
    "title": "Đơn hàng mới cần duyệt",
    "message": "Đơn hàng DH-20260709-001 của khách LE DINH TUYEN đang chờ duyệt.",
    "link": "/orders/6",
    "is_read": false,
    "created_at": "2026-07-09T04:39:36.698Z"
  }
},
{
  "model": "notifications.notification",
  "pk": 51,
  "fields": {
    "company": 15,
    "recipient": 2,
    "sender": 5,
    "type": "order_new",
    "title": "Đơn hàng mới cần duyệt",
    "message": "Đơn hàng DH-20260709-001 của khách LE DINH TUYEN đang chờ duyệt.",
    "link": "/orders/7",
    "is_read": true,
    "created_at": "2026-07-09T06:11:18.367Z"
  }
},
{
  "model": "notifications.notification",
  "pk": 52,
  "fields": {
    "company": 15,
    "recipient": 3,
    "sender": 5,
    "type": "order_new",
    "title": "Đơn hàng mới cần duyệt",
    "message": "Đơn hàng DH-20260709-001 của khách LE DINH TUYEN đang chờ duyệt.",
    "link": "/orders/7",
    "is_read": true,
    "created_at": "2026-07-09T06:11:18.597Z"
  }
},
{
  "model": "notifications.notification",
  "pk": 53,
  "fields": {
    "company": 15,
    "recipient": 4,
    "sender": 5,
    "type": "order_new",
    "title": "Đơn hàng mới cần duyệt",
    "message": "Đơn hàng DH-20260709-001 của khách LE DINH TUYEN đang chờ duyệt.",
    "link": "/orders/7",
    "is_read": false,
    "created_at": "2026-07-09T06:11:18.603Z"
  }
},
{
  "model": "notifications.notification",
  "pk": 54,
  "fields": {
    "company": 15,
    "recipient": 5,
    "sender": 2,
    "type": "approval",
    "title": "Báo giá BG-20260709-002 đã được duyệt",
    "message": "Báo giá BG-20260709-002 đã được Giám đốc phê duyệt.",
    "link": "/quotations",
    "is_read": true,
    "created_at": "2026-07-09T06:16:47.715Z"
  }
},
{
  "model": "notifications.notification",
  "pk": 55,
  "fields": {
    "company": 15,
    "recipient": 2,
    "sender": 5,
    "type": "order_new",
    "title": "Đơn hàng mới cần duyệt",
    "message": "Đơn hàng DHFUJI-20260709-001 của khách LE DINH TUYEN đang chờ duyệt.",
    "link": "/orders/8",
    "is_read": true,
    "created_at": "2026-07-09T06:18:41.381Z"
  }
},
{
  "model": "notifications.notification",
  "pk": 56,
  "fields": {
    "company": 15,
    "recipient": 3,
    "sender": 5,
    "type": "order_new",
    "title": "Đơn hàng mới cần duyệt",
    "message": "Đơn hàng DHFUJI-20260709-001 của khách LE DINH TUYEN đang chờ duyệt.",
    "link": "/orders/8",
    "is_read": true,
    "created_at": "2026-07-09T06:18:41.390Z"
  }
},
{
  "model": "notifications.notification",
  "pk": 57,
  "fields": {
    "company": 15,
    "recipient": 4,
    "sender": 5,
    "type": "order_new",
    "title": "Đơn hàng mới cần duyệt",
    "message": "Đơn hàng DHFUJI-20260709-001 của khách LE DINH TUYEN đang chờ duyệt.",
    "link": "/orders/8",
    "is_read": false,
    "created_at": "2026-07-09T06:18:41.397Z"
  }
},
{
  "model": "notifications.notification",
  "pk": 58,
  "fields": {
    "company": 15,
    "recipient": 5,
    "sender": 2,
    "type": "order_rejected",
    "title": "Đơn hàng bị từ chối",
    "message": "Đơn hàng DHFUJI-20260709-001 của khách LE DINH TUYEN đã bị từ chối.",
    "link": "/orders/8",
    "is_read": true,
    "created_at": "2026-07-09T06:19:09.818Z"
  }
},
{
  "model": "notifications.notification",
  "pk": 59,
  "fields": {
    "company": 15,
    "recipient": 2,
    "sender": 5,
    "type": "order_new",
    "title": "Đơn hàng mới cần duyệt",
    "message": "Đơn hàng DHFUJI-20260709-002 của khách LE DINH TUYEN đang chờ duyệt.",
    "link": "/orders/9",
    "is_read": true,
    "created_at": "2026-07-09T06:20:08.891Z"
  }
},
{
  "model": "notifications.notification",
  "pk": 60,
  "fields": {
    "company": 15,
    "recipient": 3,
    "sender": 5,
    "type": "order_new",
    "title": "Đơn hàng mới cần duyệt",
    "message": "Đơn hàng DHFUJI-20260709-002 của khách LE DINH TUYEN đang chờ duyệt.",
    "link": "/orders/9",
    "is_read": true,
    "created_at": "2026-07-09T06:20:08.910Z"
  }
},
{
  "model": "notifications.notification",
  "pk": 61,
  "fields": {
    "company": 15,
    "recipient": 4,
    "sender": 5,
    "type": "order_new",
    "title": "Đơn hàng mới cần duyệt",
    "message": "Đơn hàng DHFUJI-20260709-002 của khách LE DINH TUYEN đang chờ duyệt.",
    "link": "/orders/9",
    "is_read": false,
    "created_at": "2026-07-09T06:20:08.917Z"
  }
},
{
  "model": "notifications.notification",
  "pk": 62,
  "fields": {
    "company": 15,
    "recipient": 2,
    "sender": 5,
    "type": "order_new",
    "title": "Đơn hàng mới cần duyệt",
    "message": "Đơn hàng DHFUJI-20260709-003 của khách LE DINH TUYEN đang chờ duyệt.",
    "link": "/orders/10",
    "is_read": true,
    "created_at": "2026-07-09T06:23:27.990Z"
  }
},
{
  "model": "notifications.notification",
  "pk": 63,
  "fields": {
    "company": 15,
    "recipient": 3,
    "sender": 5,
    "type": "order_new",
    "title": "Đơn hàng mới cần duyệt",
    "message": "Đơn hàng DHFUJI-20260709-003 của khách LE DINH TUYEN đang chờ duyệt.",
    "link": "/orders/10",
    "is_read": true,
    "created_at": "2026-07-09T06:23:28.236Z"
  }
},
{
  "model": "notifications.notification",
  "pk": 64,
  "fields": {
    "company": 15,
    "recipient": 4,
    "sender": 5,
    "type": "order_new",
    "title": "Đơn hàng mới cần duyệt",
    "message": "Đơn hàng DHFUJI-20260709-003 của khách LE DINH TUYEN đang chờ duyệt.",
    "link": "/orders/10",
    "is_read": false,
    "created_at": "2026-07-09T06:23:28.243Z"
  }
},
{
  "model": "notifications.notification",
  "pk": 65,
  "fields": {
    "company": 15,
    "recipient": 2,
    "sender": 5,
    "type": "order_new",
    "title": "Đơn hàng mới cần duyệt",
    "message": "Đơn hàng DHFUJI-20260709-004 của khách LE DINH TUYEN đang chờ duyệt.",
    "link": "/orders/11",
    "is_read": true,
    "created_at": "2026-07-09T06:24:28.098Z"
  }
},
{
  "model": "notifications.notification",
  "pk": 66,
  "fields": {
    "company": 15,
    "recipient": 3,
    "sender": 5,
    "type": "order_new",
    "title": "Đơn hàng mới cần duyệt",
    "message": "Đơn hàng DHFUJI-20260709-004 của khách LE DINH TUYEN đang chờ duyệt.",
    "link": "/orders/11",
    "is_read": true,
    "created_at": "2026-07-09T06:24:28.105Z"
  }
},
{
  "model": "notifications.notification",
  "pk": 67,
  "fields": {
    "company": 15,
    "recipient": 4,
    "sender": 5,
    "type": "order_new",
    "title": "Đơn hàng mới cần duyệt",
    "message": "Đơn hàng DHFUJI-20260709-004 của khách LE DINH TUYEN đang chờ duyệt.",
    "link": "/orders/11",
    "is_read": false,
    "created_at": "2026-07-09T06:24:28.113Z"
  }
},
{
  "model": "notifications.notification",
  "pk": 68,
  "fields": {
    "company": 15,
    "recipient": 5,
    "sender": 2,
    "type": "order_rejected",
    "title": "Đơn hàng bị từ chối",
    "message": "Đơn hàng DHFUJI-20260709-003 của khách LE DINH TUYEN đã bị từ chối.",
    "link": "/orders/10",
    "is_read": true,
    "created_at": "2026-07-09T06:29:38.180Z"
  }
},
{
  "model": "notifications.notification",
  "pk": 69,
  "fields": {
    "company": 15,
    "recipient": 2,
    "sender": 5,
    "type": "approval",
    "title": "Yêu cầu duyệt báo giá BG-20260709-003",
    "message": "NVKD 1 vừa trình duyệt báo giá BG-20260709-003 cho khách hàng LE DINH TUYEN.",
    "link": "/approvals",
    "is_read": true,
    "created_at": "2026-07-09T06:35:41.717Z"
  }
},
{
  "model": "notifications.notification",
  "pk": 70,
  "fields": {
    "company": 15,
    "recipient": 2,
    "sender": 5,
    "type": "order_new",
    "title": "Đơn hàng mới cần duyệt",
    "message": "Đơn hàng DHFUJI-20260709-001 của khách LE DINH TUYEN đang chờ duyệt.",
    "link": "/orders/12",
    "is_read": true,
    "created_at": "2026-07-09T06:35:50.669Z"
  }
},
{
  "model": "notifications.notification",
  "pk": 71,
  "fields": {
    "company": 15,
    "recipient": 3,
    "sender": 5,
    "type": "order_new",
    "title": "Đơn hàng mới cần duyệt",
    "message": "Đơn hàng DHFUJI-20260709-001 của khách LE DINH TUYEN đang chờ duyệt.",
    "link": "/orders/12",
    "is_read": true,
    "created_at": "2026-07-09T06:35:50.678Z"
  }
},
{
  "model": "notifications.notification",
  "pk": 72,
  "fields": {
    "company": 15,
    "recipient": 4,
    "sender": 5,
    "type": "order_new",
    "title": "Đơn hàng mới cần duyệt",
    "message": "Đơn hàng DHFUJI-20260709-001 của khách LE DINH TUYEN đang chờ duyệt.",
    "link": "/orders/12",
    "is_read": false,
    "created_at": "2026-07-09T06:35:50.685Z"
  }
},
{
  "model": "notifications.notification",
  "pk": 73,
  "fields": {
    "company": 15,
    "recipient": 5,
    "sender": 2,
    "type": "approval",
    "title": "Yêu cầu Phê duyệt Báo giá BG-20260709-003 đã được duyệt",
    "message": "Giám đốc đã phê duyệt yêu cầu của bạn.",
    "link": "/approvals",
    "is_read": true,
    "created_at": "2026-07-09T06:36:44.481Z"
  }
},
{
  "model": "notifications.notification",
  "pk": 74,
  "fields": {
    "company": 15,
    "recipient": 5,
    "sender": 2,
    "type": "approval",
    "title": "Yêu cầu Phê duyệt Đơn hàng DHFUJI-20260709-001 đã được duyệt",
    "message": "Giám đốc đã phê duyệt yêu cầu của bạn.",
    "link": "/approvals",
    "is_read": true,
    "created_at": "2026-07-09T06:39:49.853Z"
  }
},
{
  "model": "notifications.notification",
  "pk": 75,
  "fields": {
    "company": 15,
    "recipient": 2,
    "sender": 5,
    "type": "order_new",
    "title": "Đơn hàng mới cần duyệt",
    "message": "Đơn hàng DHFUJI-20260709-001 của khách LE DINH TUYEN đang chờ duyệt.",
    "link": "/orders/13",
    "is_read": true,
    "created_at": "2026-07-09T06:40:53.741Z"
  }
},
{
  "model": "notifications.notification",
  "pk": 76,
  "fields": {
    "company": 15,
    "recipient": 3,
    "sender": 5,
    "type": "order_new",
    "title": "Đơn hàng mới cần duyệt",
    "message": "Đơn hàng DHFUJI-20260709-001 của khách LE DINH TUYEN đang chờ duyệt.",
    "link": "/orders/13",
    "is_read": true,
    "created_at": "2026-07-09T06:40:53.749Z"
  }
},
{
  "model": "notifications.notification",
  "pk": 77,
  "fields": {
    "company": 15,
    "recipient": 4,
    "sender": 5,
    "type": "order_new",
    "title": "Đơn hàng mới cần duyệt",
    "message": "Đơn hàng DHFUJI-20260709-001 của khách LE DINH TUYEN đang chờ duyệt.",
    "link": "/orders/13",
    "is_read": false,
    "created_at": "2026-07-09T06:40:53.756Z"
  }
},
{
  "model": "notifications.notification",
  "pk": 78,
  "fields": {
    "company": 15,
    "recipient": 2,
    "sender": 5,
    "type": "order_new",
    "title": "Đơn hàng mới cần duyệt",
    "message": "Đơn hàng DHFUJI-20260709-001 của khách LE DINH TUYEN đang chờ duyệt.",
    "link": "/orders/14",
    "is_read": true,
    "created_at": "2026-07-09T06:42:36.990Z"
  }
},
{
  "model": "notifications.notification",
  "pk": 79,
  "fields": {
    "company": 15,
    "recipient": 3,
    "sender": 5,
    "type": "order_new",
    "title": "Đơn hàng mới cần duyệt",
    "message": "Đơn hàng DHFUJI-20260709-001 của khách LE DINH TUYEN đang chờ duyệt.",
    "link": "/orders/14",
    "is_read": true,
    "created_at": "2026-07-09T06:42:37Z"
  }
},
{
  "model": "notifications.notification",
  "pk": 80,
  "fields": {
    "company": 15,
    "recipient": 4,
    "sender": 5,
    "type": "order_new",
    "title": "Đơn hàng mới cần duyệt",
    "message": "Đơn hàng DHFUJI-20260709-001 của khách LE DINH TUYEN đang chờ duyệt.",
    "link": "/orders/14",
    "is_read": false,
    "created_at": "2026-07-09T06:42:37.007Z"
  }
},
{
  "model": "notifications.notification",
  "pk": 81,
  "fields": {
    "company": 15,
    "recipient": 5,
    "sender": 2,
    "type": "order_approved",
    "title": "Đơn hàng đã được duyệt",
    "message": "Đơn hàng DHFUJI-20260709-001 của khách LE DINH TUYEN đã được chấp thuận.",
    "link": "/orders/14",
    "is_read": true,
    "created_at": "2026-07-09T06:48:40.188Z"
  }
},
{
  "model": "notifications.notification",
  "pk": 82,
  "fields": {
    "company": 15,
    "recipient": 5,
    "sender": 2,
    "type": "order_approved",
    "title": "Đơn hàng đã được duyệt",
    "message": "Đơn hàng DHFUJI-20260709-001 của khách LE DINH TUYEN đã được chấp thuận.",
    "link": "/orders/14",
    "is_read": true,
    "created_at": "2026-07-09T06:49:41.785Z"
  }
},
{
  "model": "notifications.notification",
  "pk": 83,
  "fields": {
    "company": 15,
    "recipient": 3,
    "sender": 2,
    "type": "order_new",
    "title": "Đơn hàng mới cần duyệt",
    "message": "Đơn hàng TEST-DELETE-01 của khách LE DINH TUYEN đang chờ duyệt.",
    "link": "/orders/16",
    "is_read": true,
    "created_at": "2026-07-09T06:53:04.851Z"
  }
},
{
  "model": "notifications.notification",
  "pk": 84,
  "fields": {
    "company": 15,
    "recipient": 4,
    "sender": 2,
    "type": "order_new",
    "title": "Đơn hàng mới cần duyệt",
    "message": "Đơn hàng TEST-DELETE-01 của khách LE DINH TUYEN đang chờ duyệt.",
    "link": "/orders/16",
    "is_read": false,
    "created_at": "2026-07-09T06:53:04.998Z"
  }
},
{
  "model": "notifications.notification",
  "pk": 85,
  "fields": {
    "company": 15,
    "recipient": 2,
    "sender": 2,
    "type": "order_approved",
    "title": "Đơn hàng đã được duyệt",
    "message": "Đơn hàng TEST-DELETE-01 của khách LE DINH TUYEN đã được chấp thuận.",
    "link": "/orders/16",
    "is_read": true,
    "created_at": "2026-07-09T06:53:05.051Z"
  }
},
{
  "model": "notifications.notification",
  "pk": 86,
  "fields": {
    "company": 15,
    "recipient": 5,
    "sender": 2,
    "type": "crm_assigned",
    "title": "Bạn có khách hàng mới được phân công",
    "message": "Khách hàng Sever Webmail (+623545454) đã được phân công cho bạn.",
    "link": "/customers/16",
    "is_read": true,
    "created_at": "2026-07-09T06:53:36.695Z"
  }
},
{
  "model": "notifications.notification",
  "pk": 87,
  "fields": {
    "company": 15,
    "recipient": 3,
    "sender": 2,
    "type": "order_new",
    "title": "Đơn hàng mới cần duyệt",
    "message": "Đơn hàng DH-FIN-001 của khách Sever Webmail đang chờ duyệt.",
    "link": "/orders/17",
    "is_read": true,
    "created_at": "2026-07-09T07:20:52.884Z"
  }
},
{
  "model": "notifications.notification",
  "pk": 88,
  "fields": {
    "company": 15,
    "recipient": 4,
    "sender": 2,
    "type": "order_new",
    "title": "Đơn hàng mới cần duyệt",
    "message": "Đơn hàng DH-FIN-001 của khách Sever Webmail đang chờ duyệt.",
    "link": "/orders/17",
    "is_read": false,
    "created_at": "2026-07-09T07:20:53.315Z"
  }
},
{
  "model": "notifications.notification",
  "pk": 89,
  "fields": {
    "company": 15,
    "recipient": 3,
    "sender": 2,
    "type": "order_new",
    "title": "Đơn hàng mới cần duyệt",
    "message": "Đơn hàng DH-MOGATE-001 của khách Sever Webmail đang chờ duyệt.",
    "link": "/orders/18",
    "is_read": true,
    "created_at": "2026-07-09T07:22:37.524Z"
  }
},
{
  "model": "notifications.notification",
  "pk": 90,
  "fields": {
    "company": 15,
    "recipient": 4,
    "sender": 2,
    "type": "order_new",
    "title": "Đơn hàng mới cần duyệt",
    "message": "Đơn hàng DH-MOGATE-001 của khách Sever Webmail đang chờ duyệt.",
    "link": "/orders/18",
    "is_read": false,
    "created_at": "2026-07-09T07:22:37.661Z"
  }
},
{
  "model": "notifications.notification",
  "pk": 91,
  "fields": {
    "company": 15,
    "recipient": 2,
    "sender": 2,
    "type": "order_approved",
    "title": "Đơn hàng đã được duyệt",
    "message": "Đơn hàng DH-MOGATE-001 của khách Sever Webmail đã được chấp thuận.",
    "link": "/orders/18",
    "is_read": true,
    "created_at": "2026-07-09T07:22:37.707Z"
  }
},
{
  "model": "notifications.notification",
  "pk": 92,
  "fields": {
    "company": 15,
    "recipient": 2,
    "sender": 7,
    "type": "order_new",
    "title": "Đơn hàng mới cần duyệt",
    "message": "Đơn hàng DHFUJI-20260709-001 của khách LE DINH TUYEN đang chờ duyệt.",
    "link": "/orders/19",
    "is_read": true,
    "created_at": "2026-07-09T07:29:40.570Z"
  }
},
{
  "model": "notifications.notification",
  "pk": 93,
  "fields": {
    "company": 15,
    "recipient": 3,
    "sender": 7,
    "type": "order_new",
    "title": "Đơn hàng mới cần duyệt",
    "message": "Đơn hàng DHFUJI-20260709-001 của khách LE DINH TUYEN đang chờ duyệt.",
    "link": "/orders/19",
    "is_read": true,
    "created_at": "2026-07-09T07:29:40.634Z"
  }
},
{
  "model": "notifications.notification",
  "pk": 94,
  "fields": {
    "company": 15,
    "recipient": 4,
    "sender": 7,
    "type": "order_new",
    "title": "Đơn hàng mới cần duyệt",
    "message": "Đơn hàng DHFUJI-20260709-001 của khách LE DINH TUYEN đang chờ duyệt.",
    "link": "/orders/19",
    "is_read": false,
    "created_at": "2026-07-09T07:29:40.641Z"
  }
},
{
  "model": "notifications.notification",
  "pk": 95,
  "fields": {
    "company": 15,
    "recipient": 7,
    "sender": 2,
    "type": "order_approved",
    "title": "Đơn hàng đã được duyệt",
    "message": "Đơn hàng DHFUJI-20260709-001 của khách LE DINH TUYEN đã được chấp thuận.",
    "link": "/orders/19",
    "is_read": true,
    "created_at": "2026-07-09T07:31:50.570Z"
  }
},
{
  "model": "notifications.notification",
  "pk": 96,
  "fields": {
    "company": 15,
    "recipient": 3,
    "sender": 2,
    "type": "order_new",
    "title": "Đơn hàng mới cần duyệt",
    "message": "Đơn hàng DH-DOGATE-001 của khách Sever Webmail đang chờ duyệt.",
    "link": "/orders/20",
    "is_read": true,
    "created_at": "2026-07-09T07:42:01.587Z"
  }
},
{
  "model": "notifications.notification",
  "pk": 97,
  "fields": {
    "company": 15,
    "recipient": 4,
    "sender": 2,
    "type": "order_new",
    "title": "Đơn hàng mới cần duyệt",
    "message": "Đơn hàng DH-DOGATE-001 của khách Sever Webmail đang chờ duyệt.",
    "link": "/orders/20",
    "is_read": false,
    "created_at": "2026-07-09T07:42:02.010Z"
  }
},
{
  "model": "notifications.notification",
  "pk": 98,
  "fields": {
    "company": 15,
    "recipient": 2,
    "sender": 2,
    "type": "order_approved",
    "title": "Đơn hàng đã được duyệt",
    "message": "Đơn hàng DH-DOGATE-001 của khách Sever Webmail đã được chấp thuận.",
    "link": "/orders/20",
    "is_read": true,
    "created_at": "2026-07-09T07:42:02.116Z"
  }
},
{
  "model": "notifications.notification",
  "pk": 99,
  "fields": {
    "company": 15,
    "recipient": 3,
    "sender": 2,
    "type": "order_new",
    "title": "Đơn hàng mới cần duyệt",
    "message": "Đơn hàng DH-DOGATE-002 của khách Sever Webmail đang chờ duyệt.",
    "link": "/orders/21",
    "is_read": true,
    "created_at": "2026-07-09T07:43:49.241Z"
  }
},
{
  "model": "notifications.notification",
  "pk": 100,
  "fields": {
    "company": 15,
    "recipient": 4,
    "sender": 2,
    "type": "order_new",
    "title": "Đơn hàng mới cần duyệt",
    "message": "Đơn hàng DH-DOGATE-002 của khách Sever Webmail đang chờ duyệt.",
    "link": "/orders/21",
    "is_read": false,
    "created_at": "2026-07-09T07:43:49.684Z"
  }
},
{
  "model": "notifications.notification",
  "pk": 101,
  "fields": {
    "company": 15,
    "recipient": 2,
    "sender": 2,
    "type": "order_approved",
    "title": "Đơn hàng đã được duyệt",
    "message": "Đơn hàng DH-DOGATE-002 của khách Sever Webmail đã được chấp thuận.",
    "link": "/orders/21",
    "is_read": true,
    "created_at": "2026-07-09T07:43:49.781Z"
  }
},
{
  "model": "notifications.notification",
  "pk": 102,
  "fields": {
    "company": 15,
    "recipient": 3,
    "sender": 2,
    "type": "order_new",
    "title": "Đơn hàng mới cần duyệt",
    "message": "Đơn hàng DH-DOGATE-002 của khách Sever Webmail đang chờ duyệt.",
    "link": "/orders/22",
    "is_read": true,
    "created_at": "2026-07-09T07:44:13.892Z"
  }
},
{
  "model": "notifications.notification",
  "pk": 103,
  "fields": {
    "company": 15,
    "recipient": 4,
    "sender": 2,
    "type": "order_new",
    "title": "Đơn hàng mới cần duyệt",
    "message": "Đơn hàng DH-DOGATE-002 của khách Sever Webmail đang chờ duyệt.",
    "link": "/orders/22",
    "is_read": false,
    "created_at": "2026-07-09T07:44:14.031Z"
  }
},
{
  "model": "notifications.notification",
  "pk": 104,
  "fields": {
    "company": 15,
    "recipient": 2,
    "sender": 2,
    "type": "order_approved",
    "title": "Đơn hàng đã được duyệt",
    "message": "Đơn hàng DH-DOGATE-002 của khách Sever Webmail đã được chấp thuận.",
    "link": "/orders/22",
    "is_read": true,
    "created_at": "2026-07-09T07:44:14.099Z"
  }
},
{
  "model": "notifications.notification",
  "pk": 105,
  "fields": {
    "company": 15,
    "recipient": 2,
    "sender": 2,
    "type": "approval",
    "title": "Yêu cầu Duyệt xuất kho nợ - DH-DOGATE-002 đã được duyệt",
    "message": "Giám đốc đã phê duyệt yêu cầu của bạn.",
    "link": "/approvals",
    "is_read": true,
    "created_at": "2026-07-09T07:45:09.240Z"
  }
},
{
  "model": "notifications.notification",
  "pk": 106,
  "fields": {
    "company": 15,
    "recipient": 3,
    "sender": 2,
    "type": "order_new",
    "title": "Đơn hàng mới cần duyệt",
    "message": "Đơn hàng DH-DOGATE-TEST-3 của khách Sever Webmail đang chờ duyệt.",
    "link": "/orders/23",
    "is_read": true,
    "created_at": "2026-07-09T07:46:56.864Z"
  }
},
{
  "model": "notifications.notification",
  "pk": 107,
  "fields": {
    "company": 15,
    "recipient": 4,
    "sender": 2,
    "type": "order_new",
    "title": "Đơn hàng mới cần duyệt",
    "message": "Đơn hàng DH-DOGATE-TEST-3 của khách Sever Webmail đang chờ duyệt.",
    "link": "/orders/23",
    "is_read": false,
    "created_at": "2026-07-09T07:46:57.029Z"
  }
},
{
  "model": "notifications.notification",
  "pk": 108,
  "fields": {
    "company": 15,
    "recipient": 2,
    "sender": 2,
    "type": "order_approved",
    "title": "Đơn hàng đã được duyệt",
    "message": "Đơn hàng DH-DOGATE-TEST-3 của khách Sever Webmail đã được chấp thuận.",
    "link": "/orders/23",
    "is_read": true,
    "created_at": "2026-07-09T07:46:57.078Z"
  }
},
{
  "model": "notifications.notification",
  "pk": 109,
  "fields": {
    "company": 15,
    "recipient": 3,
    "sender": 2,
    "type": "order_new",
    "title": "Đơn hàng mới cần duyệt",
    "message": "Đơn hàng DHFUJI-20260709-001 của khách Sever Webmail đang chờ duyệt.",
    "link": "/orders/24",
    "is_read": true,
    "created_at": "2026-07-09T09:44:29.173Z"
  }
},
{
  "model": "notifications.notification",
  "pk": 110,
  "fields": {
    "company": 15,
    "recipient": 4,
    "sender": 2,
    "type": "order_new",
    "title": "Đơn hàng mới cần duyệt",
    "message": "Đơn hàng DHFUJI-20260709-001 của khách Sever Webmail đang chờ duyệt.",
    "link": "/orders/24",
    "is_read": false,
    "created_at": "2026-07-09T09:44:29.408Z"
  }
},
{
  "model": "notifications.notification",
  "pk": 111,
  "fields": {
    "company": 15,
    "recipient": 2,
    "sender": 2,
    "type": "order_approved",
    "title": "Đơn hàng đã được duyệt",
    "message": "Đơn hàng DHFUJI-20260709-001 của khách Sever Webmail đã được chấp thuận.",
    "link": "/orders/24",
    "is_read": true,
    "created_at": "2026-07-09T09:44:42.420Z"
  }
},
{
  "model": "notifications.notification",
  "pk": 112,
  "fields": {
    "company": 15,
    "recipient": 2,
    "sender": 2,
    "type": "approval",
    "title": "Yêu cầu Duyệt xuất kho nợ - DHFUJI-20260709-001 bị từ chối",
    "message": "Giám đốc đã từ chối yêu cầu của bạn.",
    "link": "/approvals",
    "is_read": true,
    "created_at": "2026-07-09T09:47:12.297Z"
  }
},
{
  "model": "notifications.notification",
  "pk": 113,
  "fields": {
    "company": 15,
    "recipient": 2,
    "sender": 5,
    "type": "approval",
    "title": "Yêu cầu duyệt báo giá FUJI-BG-20260710-001",
    "message": "NVKD 1 vừa trình duyệt báo giá FUJI-BG-20260710-001 cho khách hàng LE DINH TUYEN.",
    "link": "/approvals",
    "is_read": true,
    "created_at": "2026-07-10T04:33:01.579Z"
  }
},
{
  "model": "notifications.notification",
  "pk": 114,
  "fields": {
    "company": 15,
    "recipient": 5,
    "sender": 2,
    "type": "approval",
    "title": "Yêu cầu Phê duyệt Báo giá FUJI-BG-20260710-001 đã được duyệt",
    "message": "Giám đốc đã phê duyệt yêu cầu của bạn.",
    "link": "/approvals",
    "is_read": true,
    "created_at": "2026-07-10T04:33:24.275Z"
  }
},
{
  "model": "notifications.notification",
  "pk": 115,
  "fields": {
    "company": 15,
    "recipient": 2,
    "sender": 5,
    "type": "order_new",
    "title": "Đơn hàng mới cần duyệt",
    "message": "Đơn hàng FUJI-DH-20260710-001 của khách LE DINH TUYEN đang chờ duyệt.",
    "link": "/orders/25",
    "is_read": true,
    "created_at": "2026-07-10T04:34:45.638Z"
  }
},
{
  "model": "notifications.notification",
  "pk": 116,
  "fields": {
    "company": 15,
    "recipient": 3,
    "sender": 5,
    "type": "order_new",
    "title": "Đơn hàng mới cần duyệt",
    "message": "Đơn hàng FUJI-DH-20260710-001 của khách LE DINH TUYEN đang chờ duyệt.",
    "link": "/orders/25",
    "is_read": true,
    "created_at": "2026-07-10T04:34:45.647Z"
  }
},
{
  "model": "notifications.notification",
  "pk": 117,
  "fields": {
    "company": 15,
    "recipient": 4,
    "sender": 5,
    "type": "order_new",
    "title": "Đơn hàng mới cần duyệt",
    "message": "Đơn hàng FUJI-DH-20260710-001 của khách LE DINH TUYEN đang chờ duyệt.",
    "link": "/orders/25",
    "is_read": false,
    "created_at": "2026-07-10T04:34:45.656Z"
  }
},
{
  "model": "notifications.notification",
  "pk": 118,
  "fields": {
    "company": 15,
    "recipient": 5,
    "sender": 2,
    "type": "order_approved",
    "title": "Đơn hàng đã được duyệt",
    "message": "Đơn hàng FUJI-DH-20260710-001 của khách LE DINH TUYEN đã được chấp thuận.",
    "link": "/orders/25",
    "is_read": true,
    "created_at": "2026-07-10T04:35:11.186Z"
  }
},
{
  "model": "notifications.notification",
  "pk": 119,
  "fields": {
    "company": 15,
    "recipient": 5,
    "sender": 2,
    "type": "approval",
    "title": "Yêu cầu Phê duyệt Đơn hàng FUJI-DH-20260710-001 đã được duyệt",
    "message": "Giám đốc đã phê duyệt yêu cầu của bạn.",
    "link": "/approvals",
    "is_read": true,
    "created_at": "2026-07-10T04:35:11.226Z"
  }
},
{
  "model": "notifications.notification",
  "pk": 120,
  "fields": {
    "company": 15,
    "recipient": 2,
    "sender": 2,
    "type": "approval",
    "title": "Yêu cầu Duyệt xuất kho nợ - FUJI-DH-20260710-001 đã được duyệt",
    "message": "Giám đốc đã phê duyệt yêu cầu của bạn.",
    "link": "/approvals",
    "is_read": true,
    "created_at": "2026-07-10T05:05:05.513Z"
  }
},
{
  "model": "notifications.notification",
  "pk": 121,
  "fields": {
    "company": 15,
    "recipient": 2,
    "sender": 5,
    "type": "approval",
    "title": "Yêu cầu duyệt báo giá FUJI-BG-20260710-002",
    "message": "NVKD 1 vừa trình duyệt báo giá FUJI-BG-20260710-002 cho khách hàng LE DINH TUYEN.",
    "link": "/approvals",
    "is_read": true,
    "created_at": "2026-07-10T05:19:20.085Z"
  }
},
{
  "model": "notifications.notification",
  "pk": 122,
  "fields": {
    "company": 15,
    "recipient": 5,
    "sender": 2,
    "type": "approval",
    "title": "Yêu cầu Phê duyệt Báo giá FUJI-BG-20260710-002 đã được duyệt",
    "message": "Giám đốc đã phê duyệt yêu cầu của bạn.",
    "link": "/approvals",
    "is_read": true,
    "created_at": "2026-07-10T05:19:43.551Z"
  }
},
{
  "model": "notifications.notification",
  "pk": 123,
  "fields": {
    "company": 15,
    "recipient": 2,
    "sender": 5,
    "type": "order_new",
    "title": "Đơn hàng mới cần duyệt",
    "message": "Đơn hàng FUJI-DH-20260710-002 của khách LE DINH TUYEN đang chờ duyệt.",
    "link": "/orders/26",
    "is_read": true,
    "created_at": "2026-07-10T05:20:14.696Z"
  }
},
{
  "model": "notifications.notification",
  "pk": 124,
  "fields": {
    "company": 15,
    "recipient": 3,
    "sender": 5,
    "type": "order_new",
    "title": "Đơn hàng mới cần duyệt",
    "message": "Đơn hàng FUJI-DH-20260710-002 của khách LE DINH TUYEN đang chờ duyệt.",
    "link": "/orders/26",
    "is_read": true,
    "created_at": "2026-07-10T05:20:14.705Z"
  }
},
{
  "model": "notifications.notification",
  "pk": 125,
  "fields": {
    "company": 15,
    "recipient": 4,
    "sender": 5,
    "type": "order_new",
    "title": "Đơn hàng mới cần duyệt",
    "message": "Đơn hàng FUJI-DH-20260710-002 của khách LE DINH TUYEN đang chờ duyệt.",
    "link": "/orders/26",
    "is_read": false,
    "created_at": "2026-07-10T05:20:14.712Z"
  }
},
{
  "model": "notifications.notification",
  "pk": 126,
  "fields": {
    "company": 15,
    "recipient": 3,
    "sender": 2,
    "type": "order_new",
    "title": "Đơn hàng mới cần duyệt",
    "message": "Đơn hàng FUJI-DH-20260710-001 của khách LE DINH TUYEN đang chờ duyệt.",
    "link": "/orders/27",
    "is_read": true,
    "created_at": "2026-07-10T05:23:08.062Z"
  }
},
{
  "model": "notifications.notification",
  "pk": 127,
  "fields": {
    "company": 15,
    "recipient": 4,
    "sender": 2,
    "type": "order_new",
    "title": "Đơn hàng mới cần duyệt",
    "message": "Đơn hàng FUJI-DH-20260710-001 của khách LE DINH TUYEN đang chờ duyệt.",
    "link": "/orders/27",
    "is_read": false,
    "created_at": "2026-07-10T05:23:08.070Z"
  }
},
{
  "model": "notifications.notification",
  "pk": 128,
  "fields": {
    "company": 15,
    "recipient": 2,
    "sender": 2,
    "type": "approval",
    "title": "Yêu cầu Duyệt xuất kho nợ - FUJI-DH-20260710-001 đã được duyệt",
    "message": "Giám đốc đã phê duyệt yêu cầu của bạn.",
    "link": "/approvals",
    "is_read": true,
    "created_at": "2026-07-10T05:26:58.090Z"
  }
},
{
  "model": "notifications.notification",
  "pk": 129,
  "fields": {
    "company": 15,
    "recipient": 3,
    "sender": 2,
    "type": "order_new",
    "title": "Đơn hàng mới cần duyệt",
    "message": "Đơn hàng FUJI-DH-20260710-002 của khách Sever Webmail đang chờ duyệt.",
    "link": "/orders/28",
    "is_read": true,
    "created_at": "2026-07-10T09:45:22.684Z"
  }
},
{
  "model": "notifications.notification",
  "pk": 130,
  "fields": {
    "company": 15,
    "recipient": 4,
    "sender": 2,
    "type": "order_new",
    "title": "Đơn hàng mới cần duyệt",
    "message": "Đơn hàng FUJI-DH-20260710-002 của khách Sever Webmail đang chờ duyệt.",
    "link": "/orders/28",
    "is_read": false,
    "created_at": "2026-07-10T09:45:23.216Z"
  }
},
{
  "model": "notifications.notification",
  "pk": 131,
  "fields": {
    "company": 15,
    "recipient": 2,
    "sender": 2,
    "type": "approval",
    "title": "Yêu cầu Duyệt xuất kho nợ - FUJI-DH-20260710-002 đã được duyệt",
    "message": "Giám đốc đã phê duyệt yêu cầu của bạn.",
    "link": "/approvals",
    "is_read": true,
    "created_at": "2026-07-10T10:09:17.666Z"
  }
},
{
  "model": "notifications.notification",
  "pk": 132,
  "fields": {
    "company": 15,
    "recipient": 5,
    "sender": null,
    "type": "crm_assigned",
    "title": "Bạn có khách hàng mới được phân công",
    "message": "Khách hàng Vũ Thị Huế (0988565777) đã được phân công cho bạn.",
    "link": "/customers/25",
    "is_read": true,
    "created_at": "2026-07-10T10:28:48.026Z"
  }
},
{
  "model": "notifications.notification",
  "pk": 133,
  "fields": {
    "company": 15,
    "recipient": 2,
    "sender": 5,
    "type": "approval",
    "title": "Yêu cầu duyệt báo giá FUJI-BG-20260710-001",
    "message": "NVKD 1 vừa trình duyệt báo giá FUJI-BG-20260710-001 cho khách hàng Vũ Thị Huế.",
    "link": "/approvals",
    "is_read": true,
    "created_at": "2026-07-10T10:31:32.239Z"
  }
},
{
  "model": "notifications.notification",
  "pk": 134,
  "fields": {
    "company": 15,
    "recipient": 5,
    "sender": 2,
    "type": "approval",
    "title": "Yêu cầu Phê duyệt Báo giá FUJI-BG-20260710-001 đã được duyệt",
    "message": "Giám đốc đã phê duyệt yêu cầu của bạn.",
    "link": "/approvals",
    "is_read": true,
    "created_at": "2026-07-10T10:31:42.715Z"
  }
},
{
  "model": "notifications.notification",
  "pk": 135,
  "fields": {
    "company": 15,
    "recipient": 2,
    "sender": 5,
    "type": "order_new",
    "title": "Đơn hàng mới cần duyệt",
    "message": "Đơn hàng FUJI-DH-20260710-001 của khách Vũ Thị Huế đang chờ duyệt.",
    "link": "/orders/29",
    "is_read": true,
    "created_at": "2026-07-10T10:32:21.041Z"
  }
},
{
  "model": "notifications.notification",
  "pk": 136,
  "fields": {
    "company": 15,
    "recipient": 3,
    "sender": 5,
    "type": "order_new",
    "title": "Đơn hàng mới cần duyệt",
    "message": "Đơn hàng FUJI-DH-20260710-001 của khách Vũ Thị Huế đang chờ duyệt.",
    "link": "/orders/29",
    "is_read": true,
    "created_at": "2026-07-10T10:32:21.052Z"
  }
},
{
  "model": "notifications.notification",
  "pk": 137,
  "fields": {
    "company": 15,
    "recipient": 4,
    "sender": 5,
    "type": "order_new",
    "title": "Đơn hàng mới cần duyệt",
    "message": "Đơn hàng FUJI-DH-20260710-001 của khách Vũ Thị Huế đang chờ duyệt.",
    "link": "/orders/29",
    "is_read": false,
    "created_at": "2026-07-10T10:32:21.057Z"
  }
},
{
  "model": "notifications.notification",
  "pk": 138,
  "fields": {
    "company": 15,
    "recipient": 5,
    "sender": 2,
    "type": "approval",
    "title": "Yêu cầu Phê duyệt Đơn hàng FUJI-DH-20260710-001 đã được duyệt",
    "message": "Giám đốc đã phê duyệt yêu cầu của bạn.",
    "link": "/approvals",
    "is_read": true,
    "created_at": "2026-07-10T10:35:28.968Z"
  }
},
{
  "model": "notifications.notification",
  "pk": 139,
  "fields": {
    "company": 15,
    "recipient": 5,
    "sender": 2,
    "type": "approval",
    "title": "Yêu cầu Duyệt xuất kho nợ - FUJI-DH-20260710-001 đã được duyệt",
    "message": "Giám đốc đã phê duyệt yêu cầu của bạn.",
    "link": "/approvals",
    "is_read": true,
    "created_at": "2026-07-10T10:40:43.450Z"
  }
},
{
  "model": "notifications.notification",
  "pk": 140,
  "fields": {
    "company": 15,
    "recipient": 5,
    "sender": 2,
    "type": "approval",
    "title": "Yêu cầu Duyệt xuất kho nợ - FUJI-DH-20260710-001 bị từ chối",
    "message": "Giám đốc đã từ chối yêu cầu của bạn.",
    "link": "/approvals",
    "is_read": true,
    "created_at": "2026-07-10T10:40:47.079Z"
  }
},
{
  "model": "notifications.notification",
  "pk": 172,
  "fields": {
    "company": 15,
    "recipient": 5,
    "sender": null,
    "type": "crm_assigned",
    "title": "Bạn có khách hàng mới được phân công",
    "message": "Khách hàng LE DINH TUYEN (0989198265) đã được phân công cho bạn.",
    "link": "/customers/26",
    "is_read": true,
    "created_at": "2026-07-11T01:38:29.156Z"
  }
},
{
  "model": "notifications.notification",
  "pk": 173,
  "fields": {
    "company": 15,
    "recipient": 2,
    "sender": 5,
    "type": "approval",
    "title": "Yêu cầu duyệt báo giá FUJI-BG-20260711-001",
    "message": "NVKD 1 vừa trình duyệt báo giá FUJI-BG-20260711-001 cho khách hàng LE DINH TUYEN.",
    "link": "/approvals",
    "is_read": true,
    "created_at": "2026-07-11T01:42:35.562Z"
  }
},
{
  "model": "notifications.notification",
  "pk": 174,
  "fields": {
    "company": 15,
    "recipient": 5,
    "sender": 2,
    "type": "approval",
    "title": "Yêu cầu Phê duyệt Báo giá FUJI-BG-20260711-001 đã được duyệt",
    "message": "Giám đốc đã phê duyệt yêu cầu của bạn.",
    "link": "/approvals",
    "is_read": true,
    "created_at": "2026-07-11T01:42:40.299Z"
  }
},
{
  "model": "notifications.notification",
  "pk": 175,
  "fields": {
    "company": 15,
    "recipient": 2,
    "sender": 5,
    "type": "order_new",
    "title": "Đơn hàng mới cần duyệt",
    "message": "Đơn hàng FUJI-DH-20260711-001 của khách LE DINH TUYEN đang chờ duyệt.",
    "link": "/orders/30",
    "is_read": true,
    "created_at": "2026-07-11T01:43:22.759Z"
  }
},
{
  "model": "notifications.notification",
  "pk": 176,
  "fields": {
    "company": 15,
    "recipient": 3,
    "sender": 5,
    "type": "order_new",
    "title": "Đơn hàng mới cần duyệt",
    "message": "Đơn hàng FUJI-DH-20260711-001 của khách LE DINH TUYEN đang chờ duyệt.",
    "link": "/orders/30",
    "is_read": true,
    "created_at": "2026-07-11T01:43:22.768Z"
  }
},
{
  "model": "notifications.notification",
  "pk": 177,
  "fields": {
    "company": 15,
    "recipient": 4,
    "sender": 5,
    "type": "order_new",
    "title": "Đơn hàng mới cần duyệt",
    "message": "Đơn hàng FUJI-DH-20260711-001 của khách LE DINH TUYEN đang chờ duyệt.",
    "link": "/orders/30",
    "is_read": false,
    "created_at": "2026-07-11T01:43:22.778Z"
  }
},
{
  "model": "notifications.notification",
  "pk": 178,
  "fields": {
    "company": 15,
    "recipient": 5,
    "sender": 2,
    "type": "order_rejected",
    "title": "Đơn hàng bị từ chối",
    "message": "Đơn hàng FUJI-DH-20260711-001 của khách LE DINH TUYEN đã bị từ chối.",
    "link": "/orders/30",
    "is_read": true,
    "created_at": "2026-07-11T01:43:39.133Z"
  }
},
{
  "model": "notifications.notification",
  "pk": 179,
  "fields": {
    "company": 15,
    "recipient": 5,
    "sender": 2,
    "type": "approval",
    "title": "Yêu cầu Phê duyệt Đơn hàng FUJI-DH-20260711-001 bị từ chối",
    "message": "Giám đốc đã từ chối yêu cầu của bạn.",
    "link": "/approvals",
    "is_read": true,
    "created_at": "2026-07-11T01:43:39.164Z"
  }
},
{
  "model": "notifications.notification",
  "pk": 180,
  "fields": {
    "company": 15,
    "recipient": 2,
    "sender": 5,
    "type": "order_new",
    "title": "Đơn hàng mới cần duyệt",
    "message": "Đơn hàng FUJI-DH-20260711-002 của khách LE DINH TUYEN đang chờ duyệt.",
    "link": "/orders/31",
    "is_read": true,
    "created_at": "2026-07-11T01:46:25.841Z"
  }
},
{
  "model": "notifications.notification",
  "pk": 181,
  "fields": {
    "company": 15,
    "recipient": 3,
    "sender": 5,
    "type": "order_new",
    "title": "Đơn hàng mới cần duyệt",
    "message": "Đơn hàng FUJI-DH-20260711-002 của khách LE DINH TUYEN đang chờ duyệt.",
    "link": "/orders/31",
    "is_read": true,
    "created_at": "2026-07-11T01:46:25.860Z"
  }
},
{
  "model": "notifications.notification",
  "pk": 182,
  "fields": {
    "company": 15,
    "recipient": 4,
    "sender": 5,
    "type": "order_new",
    "title": "Đơn hàng mới cần duyệt",
    "message": "Đơn hàng FUJI-DH-20260711-002 của khách LE DINH TUYEN đang chờ duyệt.",
    "link": "/orders/31",
    "is_read": false,
    "created_at": "2026-07-11T01:46:25.867Z"
  }
},
{
  "model": "notifications.notification",
  "pk": 183,
  "fields": {
    "company": 15,
    "recipient": 2,
    "sender": 5,
    "type": "order_new",
    "title": "Đơn hàng mới cần duyệt",
    "message": "Đơn hàng FUJI-DH-20260711-003 của khách LE DINH TUYEN đang chờ duyệt.",
    "link": "/orders/32",
    "is_read": true,
    "created_at": "2026-07-11T01:50:29.035Z"
  }
},
{
  "model": "notifications.notification",
  "pk": 184,
  "fields": {
    "company": 15,
    "recipient": 3,
    "sender": 5,
    "type": "order_new",
    "title": "Đơn hàng mới cần duyệt",
    "message": "Đơn hàng FUJI-DH-20260711-003 của khách LE DINH TUYEN đang chờ duyệt.",
    "link": "/orders/32",
    "is_read": true,
    "created_at": "2026-07-11T01:50:29.077Z"
  }
},
{
  "model": "notifications.notification",
  "pk": 185,
  "fields": {
    "company": 15,
    "recipient": 4,
    "sender": 5,
    "type": "order_new",
    "title": "Đơn hàng mới cần duyệt",
    "message": "Đơn hàng FUJI-DH-20260711-003 của khách LE DINH TUYEN đang chờ duyệt.",
    "link": "/orders/32",
    "is_read": false,
    "created_at": "2026-07-11T01:50:29.108Z"
  }
},
{
  "model": "notifications.notification",
  "pk": 186,
  "fields": {
    "company": 15,
    "recipient": 2,
    "sender": 5,
    "type": "order_new",
    "title": "Đơn hàng mới cần duyệt",
    "message": "Đơn hàng FUJI-DH-20260711-004 của khách LE DINH TUYEN đang chờ duyệt.",
    "link": "/orders/33",
    "is_read": true,
    "created_at": "2026-07-11T01:50:46.805Z"
  }
},
{
  "model": "notifications.notification",
  "pk": 187,
  "fields": {
    "company": 15,
    "recipient": 3,
    "sender": 5,
    "type": "order_new",
    "title": "Đơn hàng mới cần duyệt",
    "message": "Đơn hàng FUJI-DH-20260711-004 của khách LE DINH TUYEN đang chờ duyệt.",
    "link": "/orders/33",
    "is_read": true,
    "created_at": "2026-07-11T01:50:46.859Z"
  }
},
{
  "model": "notifications.notification",
  "pk": 188,
  "fields": {
    "company": 15,
    "recipient": 4,
    "sender": 5,
    "type": "order_new",
    "title": "Đơn hàng mới cần duyệt",
    "message": "Đơn hàng FUJI-DH-20260711-004 của khách LE DINH TUYEN đang chờ duyệt.",
    "link": "/orders/33",
    "is_read": false,
    "created_at": "2026-07-11T01:50:46.884Z"
  }
},
{
  "model": "notifications.notification",
  "pk": 189,
  "fields": {
    "company": 15,
    "recipient": 2,
    "sender": 5,
    "type": "order_new",
    "title": "Đơn hàng mới cần duyệt",
    "message": "Đơn hàng FUJI-DH-20260711-003 của khách Vũ Thị Huế đang chờ duyệt.",
    "link": "/orders/34",
    "is_read": true,
    "created_at": "2026-07-11T01:54:23.770Z"
  }
},
{
  "model": "notifications.notification",
  "pk": 190,
  "fields": {
    "company": 15,
    "recipient": 3,
    "sender": 5,
    "type": "order_new",
    "title": "Đơn hàng mới cần duyệt",
    "message": "Đơn hàng FUJI-DH-20260711-003 của khách Vũ Thị Huế đang chờ duyệt.",
    "link": "/orders/34",
    "is_read": true,
    "created_at": "2026-07-11T01:54:24.097Z"
  }
},
{
  "model": "notifications.notification",
  "pk": 191,
  "fields": {
    "company": 15,
    "recipient": 4,
    "sender": 5,
    "type": "order_new",
    "title": "Đơn hàng mới cần duyệt",
    "message": "Đơn hàng FUJI-DH-20260711-003 của khách Vũ Thị Huế đang chờ duyệt.",
    "link": "/orders/34",
    "is_read": false,
    "created_at": "2026-07-11T01:54:24.150Z"
  }
},
{
  "model": "notifications.notification",
  "pk": 192,
  "fields": {
    "company": 15,
    "recipient": 2,
    "sender": 5,
    "type": "order_new",
    "title": "Đơn hàng mới cần duyệt",
    "message": "Đơn hàng FUJI-DH-20260711-004 của khách Vũ Thị Huế đang chờ duyệt.",
    "link": "/orders/35",
    "is_read": true,
    "created_at": "2026-07-11T01:54:29.369Z"
  }
},
{
  "model": "notifications.notification",
  "pk": 193,
  "fields": {
    "company": 15,
    "recipient": 3,
    "sender": 5,
    "type": "order_new",
    "title": "Đơn hàng mới cần duyệt",
    "message": "Đơn hàng FUJI-DH-20260711-004 của khách Vũ Thị Huế đang chờ duyệt.",
    "link": "/orders/35",
    "is_read": true,
    "created_at": "2026-07-11T01:54:29.398Z"
  }
},
{
  "model": "notifications.notification",
  "pk": 194,
  "fields": {
    "company": 15,
    "recipient": 4,
    "sender": 5,
    "type": "order_new",
    "title": "Đơn hàng mới cần duyệt",
    "message": "Đơn hàng FUJI-DH-20260711-004 của khách Vũ Thị Huế đang chờ duyệt.",
    "link": "/orders/35",
    "is_read": false,
    "created_at": "2026-07-11T01:54:29.421Z"
  }
},
{
  "model": "notifications.notification",
  "pk": 195,
  "fields": {
    "company": 15,
    "recipient": 2,
    "sender": 5,
    "type": "order_new",
    "title": "Đơn hàng mới cần duyệt",
    "message": "Đơn hàng FUJI-DH-20260711-005 của khách Vũ Thị Huế đang chờ duyệt.",
    "link": "/orders/36",
    "is_read": true,
    "created_at": "2026-07-11T01:55:27.024Z"
  }
},
{
  "model": "notifications.notification",
  "pk": 196,
  "fields": {
    "company": 15,
    "recipient": 3,
    "sender": 5,
    "type": "order_new",
    "title": "Đơn hàng mới cần duyệt",
    "message": "Đơn hàng FUJI-DH-20260711-005 của khách Vũ Thị Huế đang chờ duyệt.",
    "link": "/orders/36",
    "is_read": true,
    "created_at": "2026-07-11T01:55:27.068Z"
  }
},
{
  "model": "notifications.notification",
  "pk": 197,
  "fields": {
    "company": 15,
    "recipient": 4,
    "sender": 5,
    "type": "order_new",
    "title": "Đơn hàng mới cần duyệt",
    "message": "Đơn hàng FUJI-DH-20260711-005 của khách Vũ Thị Huế đang chờ duyệt.",
    "link": "/orders/36",
    "is_read": false,
    "created_at": "2026-07-11T01:55:27.099Z"
  }
},
{
  "model": "notifications.notification",
  "pk": 198,
  "fields": {
    "company": 15,
    "recipient": 2,
    "sender": 5,
    "type": "order_new",
    "title": "Đơn hàng mới cần duyệt",
    "message": "Đơn hàng FUJI-DH-20260711-003 của khách Vũ Thị Huế đang chờ duyệt.",
    "link": "/orders/37",
    "is_read": true,
    "created_at": "2026-07-11T01:59:06.986Z"
  }
},
{
  "model": "notifications.notification",
  "pk": 199,
  "fields": {
    "company": 15,
    "recipient": 3,
    "sender": 5,
    "type": "order_new",
    "title": "Đơn hàng mới cần duyệt",
    "message": "Đơn hàng FUJI-DH-20260711-003 của khách Vũ Thị Huế đang chờ duyệt.",
    "link": "/orders/37",
    "is_read": true,
    "created_at": "2026-07-11T01:59:07.287Z"
  }
},
{
  "model": "notifications.notification",
  "pk": 200,
  "fields": {
    "company": 15,
    "recipient": 4,
    "sender": 5,
    "type": "order_new",
    "title": "Đơn hàng mới cần duyệt",
    "message": "Đơn hàng FUJI-DH-20260711-003 của khách Vũ Thị Huế đang chờ duyệt.",
    "link": "/orders/37",
    "is_read": false,
    "created_at": "2026-07-11T01:59:07.315Z"
  }
},
{
  "model": "notifications.notification",
  "pk": 201,
  "fields": {
    "company": 15,
    "recipient": 5,
    "sender": 2,
    "type": "order_rejected",
    "title": "Đơn hàng bị từ chối",
    "message": "Đơn hàng FUJI-DH-20260711-003 của khách Vũ Thị Huế đã bị từ chối.",
    "link": "/orders/37",
    "is_read": true,
    "created_at": "2026-07-11T01:59:23.410Z"
  }
},
{
  "model": "notifications.notification",
  "pk": 202,
  "fields": {
    "company": 15,
    "recipient": 5,
    "sender": 2,
    "type": "approval",
    "title": "Yêu cầu Phê duyệt Đơn hàng FUJI-DH-20260711-003 bị từ chối",
    "message": "Giám đốc đã từ chối yêu cầu của bạn.",
    "link": "/approvals",
    "is_read": true,
    "created_at": "2026-07-11T01:59:23.437Z"
  }
},
{
  "model": "notifications.notification",
  "pk": 203,
  "fields": {
    "company": 15,
    "recipient": 2,
    "sender": 5,
    "type": "order_new",
    "title": "Đơn hàng mới cần duyệt",
    "message": "Đơn hàng FUJI-DH-20260711-001 của khách Vũ Thị Huế đang chờ duyệt.",
    "link": "/orders/38",
    "is_read": true,
    "created_at": "2026-07-11T02:09:02.048Z"
  }
},
{
  "model": "notifications.notification",
  "pk": 204,
  "fields": {
    "company": 15,
    "recipient": 3,
    "sender": 5,
    "type": "order_new",
    "title": "Đơn hàng mới cần duyệt",
    "message": "Đơn hàng FUJI-DH-20260711-001 của khách Vũ Thị Huế đang chờ duyệt.",
    "link": "/orders/38",
    "is_read": true,
    "created_at": "2026-07-11T02:09:02.333Z"
  }
},
{
  "model": "notifications.notification",
  "pk": 205,
  "fields": {
    "company": 15,
    "recipient": 4,
    "sender": 5,
    "type": "order_new",
    "title": "Đơn hàng mới cần duyệt",
    "message": "Đơn hàng FUJI-DH-20260711-001 của khách Vũ Thị Huế đang chờ duyệt.",
    "link": "/orders/38",
    "is_read": false,
    "created_at": "2026-07-11T02:09:02.362Z"
  }
},
{
  "model": "notifications.notification",
  "pk": 206,
  "fields": {
    "company": 15,
    "recipient": 5,
    "sender": 2,
    "type": "order_rejected",
    "title": "Đơn hàng bị từ chối",
    "message": "Đơn hàng FUJI-DH-20260711-001 của khách Vũ Thị Huế đã bị từ chối.",
    "link": "/orders/38",
    "is_read": true,
    "created_at": "2026-07-11T02:09:31.775Z"
  }
},
{
  "model": "notifications.notification",
  "pk": 207,
  "fields": {
    "company": 15,
    "recipient": 5,
    "sender": 2,
    "type": "approval",
    "title": "Yêu cầu Phê duyệt Đơn hàng FUJI-DH-20260711-001 bị từ chối",
    "message": "Giám đốc đã từ chối yêu cầu của bạn.",
    "link": "/approvals",
    "is_read": true,
    "created_at": "2026-07-11T02:09:31.807Z"
  }
},
{
  "model": "notifications.notification",
  "pk": 208,
  "fields": {
    "company": 15,
    "recipient": 5,
    "sender": 2,
    "type": "approval",
    "title": "Yêu cầu Phê duyệt lại Đơn hàng FUJI-DH-20260711-001 đã được duyệt",
    "message": "Giám đốc đã phê duyệt yêu cầu của bạn.",
    "link": "/approvals",
    "is_read": true,
    "created_at": "2026-07-11T02:09:56.676Z"
  }
},
{
  "model": "notifications.notification",
  "pk": 209,
  "fields": {
    "company": 15,
    "recipient": 2,
    "sender": 5,
    "type": "order_new",
    "title": "Đơn hàng mới cần duyệt",
    "message": "Đơn hàng FUJI-DH-20260711-001 của khách LE DINH TUYEN đang chờ duyệt.",
    "link": "/orders/39",
    "is_read": true,
    "created_at": "2026-07-11T02:16:19.816Z"
  }
},
{
  "model": "notifications.notification",
  "pk": 210,
  "fields": {
    "company": 15,
    "recipient": 3,
    "sender": 5,
    "type": "order_new",
    "title": "Đơn hàng mới cần duyệt",
    "message": "Đơn hàng FUJI-DH-20260711-001 của khách LE DINH TUYEN đang chờ duyệt.",
    "link": "/orders/39",
    "is_read": true,
    "created_at": "2026-07-11T02:16:19.837Z"
  }
},
{
  "model": "notifications.notification",
  "pk": 211,
  "fields": {
    "company": 15,
    "recipient": 4,
    "sender": 5,
    "type": "order_new",
    "title": "Đơn hàng mới cần duyệt",
    "message": "Đơn hàng FUJI-DH-20260711-001 của khách LE DINH TUYEN đang chờ duyệt.",
    "link": "/orders/39",
    "is_read": false,
    "created_at": "2026-07-11T02:16:19.845Z"
  }
},
{
  "model": "notifications.notification",
  "pk": 212,
  "fields": {
    "company": 15,
    "recipient": 5,
    "sender": 2,
    "type": "order_rejected",
    "title": "Đơn hàng bị từ chối",
    "message": "Đơn hàng FUJI-DH-20260711-001 của khách LE DINH TUYEN đã bị từ chối.",
    "link": "/orders/39",
    "is_read": true,
    "created_at": "2026-07-11T02:16:41.043Z"
  }
},
{
  "model": "notifications.notification",
  "pk": 213,
  "fields": {
    "company": 15,
    "recipient": 5,
    "sender": 2,
    "type": "approval",
    "title": "Yêu cầu Phê duyệt Đơn hàng FUJI-DH-20260711-001 bị từ chối",
    "message": "Giám đốc đã từ chối yêu cầu của bạn.",
    "link": "/approvals",
    "is_read": true,
    "created_at": "2026-07-11T02:16:41.069Z"
  }
},
{
  "model": "notifications.notification",
  "pk": 214,
  "fields": {
    "company": 15,
    "recipient": 2,
    "sender": 5,
    "type": "order_new",
    "title": "Đơn hàng mới cần duyệt",
    "message": "Đơn hàng FUJI-DH-20260711-002 của khách LE DINH TUYEN đang chờ duyệt.",
    "link": "/orders/40",
    "is_read": true,
    "created_at": "2026-07-11T02:18:05.505Z"
  }
},
{
  "model": "notifications.notification",
  "pk": 215,
  "fields": {
    "company": 15,
    "recipient": 3,
    "sender": 5,
    "type": "order_new",
    "title": "Đơn hàng mới cần duyệt",
    "message": "Đơn hàng FUJI-DH-20260711-002 của khách LE DINH TUYEN đang chờ duyệt.",
    "link": "/orders/40",
    "is_read": true,
    "created_at": "2026-07-11T02:18:05.517Z"
  }
},
{
  "model": "notifications.notification",
  "pk": 216,
  "fields": {
    "company": 15,
    "recipient": 4,
    "sender": 5,
    "type": "order_new",
    "title": "Đơn hàng mới cần duyệt",
    "message": "Đơn hàng FUJI-DH-20260711-002 của khách LE DINH TUYEN đang chờ duyệt.",
    "link": "/orders/40",
    "is_read": false,
    "created_at": "2026-07-11T02:18:05.526Z"
  }
},
{
  "model": "notifications.notification",
  "pk": 217,
  "fields": {
    "company": 15,
    "recipient": 2,
    "sender": 5,
    "type": "approval",
    "title": "Yêu cầu duyệt báo giá FUJI-BG-20260711-002",
    "message": "NVKD 1 vừa trình duyệt báo giá FUJI-BG-20260711-002 cho khách hàng Vũ Thị Huế.",
    "link": "/approvals",
    "is_read": true,
    "created_at": "2026-07-11T02:21:06.891Z"
  }
},
{
  "model": "notifications.notification",
  "pk": 218,
  "fields": {
    "company": 15,
    "recipient": 5,
    "sender": 2,
    "type": "approval",
    "title": "Yêu cầu Phê duyệt Báo giá FUJI-BG-20260711-002 bị từ chối",
    "message": "Giám đốc đã từ chối yêu cầu của bạn.",
    "link": "/approvals",
    "is_read": true,
    "created_at": "2026-07-11T02:21:13.379Z"
  }
},
{
  "model": "notifications.notification",
  "pk": 219,
  "fields": {
    "company": 15,
    "recipient": 2,
    "sender": 5,
    "type": "approval",
    "title": "Yêu cầu duyệt báo giá FUJI-BG-20260711-002",
    "message": "NVKD 1 vừa trình duyệt báo giá FUJI-BG-20260711-002 cho khách hàng Vũ Thị Huế.",
    "link": "/approvals",
    "is_read": true,
    "created_at": "2026-07-11T02:21:40.103Z"
  }
},
{
  "model": "notifications.notification",
  "pk": 220,
  "fields": {
    "company": 15,
    "recipient": 5,
    "sender": 2,
    "type": "approval",
    "title": "Yêu cầu Phê duyệt Báo giá FUJI-BG-20260711-002 đã được duyệt",
    "message": "Giám đốc đã phê duyệt yêu cầu của bạn.",
    "link": "/approvals",
    "is_read": true,
    "created_at": "2026-07-11T02:21:46.001Z"
  }
},
{
  "model": "notifications.notification",
  "pk": 221,
  "fields": {
    "company": 15,
    "recipient": 2,
    "sender": 5,
    "type": "approval",
    "title": "Yêu cầu duyệt báo giá FUJI-BG-20260711-003",
    "message": "NVKD 1 vừa trình duyệt báo giá FUJI-BG-20260711-003 cho khách hàng LE DINH TUYEN.",
    "link": "/approvals",
    "is_read": true,
    "created_at": "2026-07-11T02:24:19.910Z"
  }
},
{
  "model": "notifications.notification",
  "pk": 222,
  "fields": {
    "company": 15,
    "recipient": 5,
    "sender": 2,
    "type": "approval",
    "title": "Yêu cầu Phê duyệt Báo giá FUJI-BG-20260711-003 bị từ chối",
    "message": "Giám đốc đã từ chối yêu cầu của bạn.",
    "link": "/approvals",
    "is_read": true,
    "created_at": "2026-07-11T02:24:39.597Z"
  }
},
{
  "model": "notifications.notification",
  "pk": 223,
  "fields": {
    "company": 15,
    "recipient": 2,
    "sender": 5,
    "type": "order_new",
    "title": "Đơn hàng mới cần duyệt",
    "message": "Đơn hàng FUJI-DH-20260711-003 của khách Vũ Thị Huế đang chờ duyệt.",
    "link": "/orders/41",
    "is_read": true,
    "created_at": "2026-07-11T02:25:16.122Z"
  }
},
{
  "model": "notifications.notification",
  "pk": 224,
  "fields": {
    "company": 15,
    "recipient": 3,
    "sender": 5,
    "type": "order_new",
    "title": "Đơn hàng mới cần duyệt",
    "message": "Đơn hàng FUJI-DH-20260711-003 của khách Vũ Thị Huế đang chờ duyệt.",
    "link": "/orders/41",
    "is_read": true,
    "created_at": "2026-07-11T02:25:16.129Z"
  }
},
{
  "model": "notifications.notification",
  "pk": 225,
  "fields": {
    "company": 15,
    "recipient": 4,
    "sender": 5,
    "type": "order_new",
    "title": "Đơn hàng mới cần duyệt",
    "message": "Đơn hàng FUJI-DH-20260711-003 của khách Vũ Thị Huế đang chờ duyệt.",
    "link": "/orders/41",
    "is_read": false,
    "created_at": "2026-07-11T02:25:16.136Z"
  }
},
{
  "model": "notifications.notification",
  "pk": 226,
  "fields": {
    "company": 15,
    "recipient": 5,
    "sender": 2,
    "type": "order_rejected",
    "title": "Đơn hàng bị từ chối",
    "message": "Đơn hàng FUJI-DH-20260711-003 của khách Vũ Thị Huế đã bị từ chối.",
    "link": "/orders/41",
    "is_read": true,
    "created_at": "2026-07-11T02:25:46.481Z"
  }
},
{
  "model": "notifications.notification",
  "pk": 227,
  "fields": {
    "company": 15,
    "recipient": 5,
    "sender": 2,
    "type": "approval",
    "title": "Yêu cầu Phê duyệt Đơn hàng FUJI-DH-20260711-003 bị từ chối",
    "message": "Giám đốc đã từ chối yêu cầu của bạn.",
    "link": "/approvals",
    "is_read": true,
    "created_at": "2026-07-11T02:25:46.509Z"
  }
},
{
  "model": "notifications.notification",
  "pk": 228,
  "fields": {
    "company": 15,
    "recipient": 2,
    "sender": 5,
    "type": "order_new",
    "title": "Đơn hàng mới cần duyệt",
    "message": "Đơn hàng FUJI-DH-20260711-004 của khách Vũ Thị Huế đang chờ duyệt.",
    "link": "/orders/42",
    "is_read": true,
    "created_at": "2026-07-11T02:28:57.374Z"
  }
},
{
  "model": "notifications.notification",
  "pk": 229,
  "fields": {
    "company": 15,
    "recipient": 3,
    "sender": 5,
    "type": "order_new",
    "title": "Đơn hàng mới cần duyệt",
    "message": "Đơn hàng FUJI-DH-20260711-004 của khách Vũ Thị Huế đang chờ duyệt.",
    "link": "/orders/42",
    "is_read": true,
    "created_at": "2026-07-11T02:28:57.411Z"
  }
},
{
  "model": "notifications.notification",
  "pk": 230,
  "fields": {
    "company": 15,
    "recipient": 4,
    "sender": 5,
    "type": "order_new",
    "title": "Đơn hàng mới cần duyệt",
    "message": "Đơn hàng FUJI-DH-20260711-004 của khách Vũ Thị Huế đang chờ duyệt.",
    "link": "/orders/42",
    "is_read": false,
    "created_at": "2026-07-11T02:28:57.418Z"
  }
},
{
  "model": "notifications.notification",
  "pk": 231,
  "fields": {
    "company": 15,
    "recipient": 5,
    "sender": 2,
    "type": "order_rejected",
    "title": "Đơn hàng bị từ chối",
    "message": "Đơn hàng FUJI-DH-20260711-004 của khách Vũ Thị Huế đã bị từ chối.",
    "link": "/orders/42",
    "is_read": true,
    "created_at": "2026-07-11T02:30:19.116Z"
  }
},
{
  "model": "notifications.notification",
  "pk": 232,
  "fields": {
    "company": 15,
    "recipient": 5,
    "sender": 2,
    "type": "order_rejected",
    "title": "Đơn hàng bị từ chối",
    "message": "Đơn hàng FUJI-DH-20260711-004 của khách Vũ Thị Huế đã bị từ chối.",
    "link": "/orders/42",
    "is_read": true,
    "created_at": "2026-07-11T02:33:39.447Z"
  }
},
{
  "model": "notifications.notification",
  "pk": 233,
  "fields": {
    "company": 15,
    "recipient": 2,
    "sender": 5,
    "type": "order_new",
    "title": "Đơn hàng mới cần duyệt",
    "message": "Đơn hàng FUJI-DH-20260711-005 của khách Vũ Thị Huế đang chờ duyệt.",
    "link": "/orders/43",
    "is_read": true,
    "created_at": "2026-07-11T02:40:55.669Z"
  }
},
{
  "model": "notifications.notification",
  "pk": 234,
  "fields": {
    "company": 15,
    "recipient": 3,
    "sender": 5,
    "type": "order_new",
    "title": "Đơn hàng mới cần duyệt",
    "message": "Đơn hàng FUJI-DH-20260711-005 của khách Vũ Thị Huế đang chờ duyệt.",
    "link": "/orders/43",
    "is_read": true,
    "created_at": "2026-07-11T02:40:55.693Z"
  }
},
{
  "model": "notifications.notification",
  "pk": 235,
  "fields": {
    "company": 15,
    "recipient": 4,
    "sender": 5,
    "type": "order_new",
    "title": "Đơn hàng mới cần duyệt",
    "message": "Đơn hàng FUJI-DH-20260711-005 của khách Vũ Thị Huế đang chờ duyệt.",
    "link": "/orders/43",
    "is_read": false,
    "created_at": "2026-07-11T02:40:55.701Z"
  }
},
{
  "model": "notifications.notification",
  "pk": 236,
  "fields": {
    "company": 15,
    "recipient": 5,
    "sender": 2,
    "type": "approval",
    "title": "Yêu cầu Phê duyệt Đơn hàng FUJI-DH-20260711-005 đã được duyệt",
    "message": "Giám đốc đã phê duyệt yêu cầu của bạn.",
    "link": "/approvals",
    "is_read": true,
    "created_at": "2026-07-11T02:41:00.710Z"
  }
},
{
  "model": "notifications.notification",
  "pk": 237,
  "fields": {
    "company": 15,
    "recipient": 2,
    "sender": 5,
    "type": "order_new",
    "title": "Đơn hàng mới cần duyệt",
    "message": "Đơn hàng FUJI-DH-20260711-006 của khách LE DINH TUYEN đang chờ duyệt.",
    "link": "/orders/44",
    "is_read": true,
    "created_at": "2026-07-11T02:41:25.514Z"
  }
},
{
  "model": "notifications.notification",
  "pk": 238,
  "fields": {
    "company": 15,
    "recipient": 3,
    "sender": 5,
    "type": "order_new",
    "title": "Đơn hàng mới cần duyệt",
    "message": "Đơn hàng FUJI-DH-20260711-006 của khách LE DINH TUYEN đang chờ duyệt.",
    "link": "/orders/44",
    "is_read": true,
    "created_at": "2026-07-11T02:41:25.539Z"
  }
},
{
  "model": "notifications.notification",
  "pk": 239,
  "fields": {
    "company": 15,
    "recipient": 4,
    "sender": 5,
    "type": "order_new",
    "title": "Đơn hàng mới cần duyệt",
    "message": "Đơn hàng FUJI-DH-20260711-006 của khách LE DINH TUYEN đang chờ duyệt.",
    "link": "/orders/44",
    "is_read": false,
    "created_at": "2026-07-11T02:41:25.545Z"
  }
},
{
  "model": "notifications.notification",
  "pk": 240,
  "fields": {
    "company": 15,
    "recipient": 5,
    "sender": 2,
    "type": "order_rejected",
    "title": "Đơn hàng bị từ chối",
    "message": "Đơn hàng FUJI-DH-20260711-006 của khách LE DINH TUYEN đã bị từ chối.",
    "link": "/orders/44",
    "is_read": true,
    "created_at": "2026-07-11T02:41:41.839Z"
  }
},
{
  "model": "notifications.notification",
  "pk": 241,
  "fields": {
    "company": 15,
    "recipient": 5,
    "sender": 2,
    "type": "order_rejected",
    "title": "Đơn hàng bị từ chối",
    "message": "Đơn hàng FUJI-DH-20260711-006 của khách LE DINH TUYEN đã bị từ chối.",
    "link": "/orders/44",
    "is_read": true,
    "created_at": "2026-07-11T02:55:55.810Z"
  }
},
{
  "model": "notifications.notification",
  "pk": 242,
  "fields": {
    "company": 15,
    "recipient": 3,
    "sender": 2,
    "type": "order_new",
    "title": "Đơn hàng mới cần duyệt",
    "message": "Đơn hàng FUJI-DH-20260711-001 của khách Vũ Thị Huế đang chờ duyệt.",
    "link": "/orders/45",
    "is_read": true,
    "created_at": "2026-07-11T06:53:18.108Z"
  }
},
{
  "model": "notifications.notification",
  "pk": 243,
  "fields": {
    "company": 15,
    "recipient": 4,
    "sender": 2,
    "type": "order_new",
    "title": "Đơn hàng mới cần duyệt",
    "message": "Đơn hàng FUJI-DH-20260711-001 của khách Vũ Thị Huế đang chờ duyệt.",
    "link": "/orders/45",
    "is_read": false,
    "created_at": "2026-07-11T06:53:18.354Z"
  }
},
{
  "model": "notifications.notification",
  "pk": 244,
  "fields": {
    "company": 15,
    "recipient": 3,
    "sender": 2,
    "type": "order_new",
    "title": "Đơn hàng mới cần duyệt",
    "message": "Đơn hàng FUJI-DH-20260711-002 của khách LE DINH TUYEN đang chờ duyệt.",
    "link": "/orders/46",
    "is_read": true,
    "created_at": "2026-07-11T07:02:33.713Z"
  }
},
{
  "model": "notifications.notification",
  "pk": 245,
  "fields": {
    "company": 15,
    "recipient": 4,
    "sender": 2,
    "type": "order_new",
    "title": "Đơn hàng mới cần duyệt",
    "message": "Đơn hàng FUJI-DH-20260711-002 của khách LE DINH TUYEN đang chờ duyệt.",
    "link": "/orders/46",
    "is_read": false,
    "created_at": "2026-07-11T07:02:33.730Z"
  }
},
{
  "model": "notifications.notification",
  "pk": 246,
  "fields": {
    "company": 15,
    "recipient": 2,
    "sender": 2,
    "type": "order_rejected",
    "title": "Đơn hàng bị từ chối",
    "message": "Đơn hàng FUJI-DH-20260711-002 của khách LE DINH TUYEN đã bị từ chối.",
    "link": "/orders/46",
    "is_read": true,
    "created_at": "2026-07-11T07:02:39.005Z"
  }
},
{
  "model": "notifications.notification",
  "pk": 247,
  "fields": {
    "company": 15,
    "recipient": 3,
    "sender": 2,
    "type": "order_new",
    "title": "Đơn hàng mới cần duyệt",
    "message": "Đơn hàng FUJI-DH-20260711-001 của khách Vũ Thị Huế đang chờ duyệt.",
    "link": "/orders/47",
    "is_read": true,
    "created_at": "2026-07-11T07:26:43.744Z"
  }
},
{
  "model": "notifications.notification",
  "pk": 248,
  "fields": {
    "company": 15,
    "recipient": 4,
    "sender": 2,
    "type": "order_new",
    "title": "Đơn hàng mới cần duyệt",
    "message": "Đơn hàng FUJI-DH-20260711-001 của khách Vũ Thị Huế đang chờ duyệt.",
    "link": "/orders/47",
    "is_read": false,
    "created_at": "2026-07-11T07:26:43.956Z"
  }
},
{
  "model": "notifications.notification",
  "pk": 249,
  "fields": {
    "company": 15,
    "recipient": 3,
    "sender": 2,
    "type": "order_new",
    "title": "Đơn hàng mới cần duyệt",
    "message": "Đơn hàng FUJI-DH-20260711-001 của khách LE DINH TUYEN đang chờ duyệt.",
    "link": "/orders/48",
    "is_read": true,
    "created_at": "2026-07-11T07:47:41.885Z"
  }
},
{
  "model": "notifications.notification",
  "pk": 250,
  "fields": {
    "company": 15,
    "recipient": 4,
    "sender": 2,
    "type": "order_new",
    "title": "Đơn hàng mới cần duyệt",
    "message": "Đơn hàng FUJI-DH-20260711-001 của khách LE DINH TUYEN đang chờ duyệt.",
    "link": "/orders/48",
    "is_read": false,
    "created_at": "2026-07-11T07:47:42.124Z"
  }
},
{
  "model": "notifications.notification",
  "pk": 251,
  "fields": {
    "company": 15,
    "recipient": 2,
    "sender": 2,
    "type": "order_rejected",
    "title": "Đơn hàng bị từ chối",
    "message": "Đơn hàng FUJI-DH-20260711-001 của khách LE DINH TUYEN đã bị từ chối.",
    "link": "/orders/48",
    "is_read": true,
    "created_at": "2026-07-11T08:17:05.502Z"
  }
},
{
  "model": "notifications.notification",
  "pk": 252,
  "fields": {
    "company": 15,
    "recipient": 2,
    "sender": 2,
    "type": "approval",
    "title": "Yêu cầu duyệt báo giá FUJI-BG-20260711-002",
    "message": "Giám đốc vừa trình duyệt báo giá FUJI-BG-20260711-002 cho khách hàng Vũ Thị Huế.",
    "link": "/approvals",
    "is_read": true,
    "created_at": "2026-07-11T08:43:07.084Z"
  }
},
{
  "model": "notifications.notification",
  "pk": 253,
  "fields": {
    "company": 15,
    "recipient": 2,
    "sender": 2,
    "type": "approval",
    "title": "Báo giá FUJI-BG-20260711-002 đã được duyệt",
    "message": "Báo giá FUJI-BG-20260711-002 đã được Giám đốc phê duyệt.",
    "link": "/quotations",
    "is_read": true,
    "created_at": "2026-07-11T08:43:09.446Z"
  }
},
{
  "model": "notifications.notification",
  "pk": 254,
  "fields": {
    "company": 15,
    "recipient": 3,
    "sender": 2,
    "type": "order_new",
    "title": "Đơn hàng mới cần duyệt",
    "message": "Đơn hàng FUJI-DH-20260711-002 của khách Vũ Thị Huế đang chờ duyệt.",
    "link": "/orders/49",
    "is_read": true,
    "created_at": "2026-07-11T08:43:39.569Z"
  }
},
{
  "model": "notifications.notification",
  "pk": 255,
  "fields": {
    "company": 15,
    "recipient": 4,
    "sender": 2,
    "type": "order_new",
    "title": "Đơn hàng mới cần duyệt",
    "message": "Đơn hàng FUJI-DH-20260711-002 của khách Vũ Thị Huế đang chờ duyệt.",
    "link": "/orders/49",
    "is_read": false,
    "created_at": "2026-07-11T08:43:39.578Z"
  }
},
{
  "model": "notifications.notification",
  "pk": 256,
  "fields": {
    "company": 15,
    "recipient": 2,
    "sender": 2,
    "type": "order_rejected",
    "title": "Đơn hàng bị từ chối",
    "message": "Đơn hàng FUJI-DH-20260711-002 của khách Vũ Thị Huế đã bị từ chối.",
    "link": "/orders/49",
    "is_read": true,
    "created_at": "2026-07-11T08:51:02.105Z"
  }
},
{
  "model": "notifications.notification",
  "pk": 257,
  "fields": {
    "company": 15,
    "recipient": 7,
    "sender": 2,
    "type": "approval",
    "title": "Yêu cầu Phê duyệt lại Đơn hàng FUJI-DH-20260711-002 đã được duyệt",
    "message": "Giám đốc đã phê duyệt yêu cầu của bạn.",
    "link": "/approvals",
    "is_read": true,
    "created_at": "2026-07-11T09:11:34.644Z"
  }
},
{
  "model": "notifications.notification",
  "pk": 258,
  "fields": {
    "company": 15,
    "recipient": 3,
    "sender": 2,
    "type": "order_new",
    "title": "Đơn hàng mới cần duyệt",
    "message": "Đơn hàng FUJI-DH-20260711-003 của khách LE DINH TUYEN đang chờ duyệt.",
    "link": "/orders/50",
    "is_read": true,
    "created_at": "2026-07-11T09:53:38.330Z"
  }
},
{
  "model": "notifications.notification",
  "pk": 259,
  "fields": {
    "company": 15,
    "recipient": 4,
    "sender": 2,
    "type": "order_new",
    "title": "Đơn hàng mới cần duyệt",
    "message": "Đơn hàng FUJI-DH-20260711-003 của khách LE DINH TUYEN đang chờ duyệt.",
    "link": "/orders/50",
    "is_read": false,
    "created_at": "2026-07-11T09:53:38.590Z"
  }
},
{
  "model": "notifications.notification",
  "pk": 260,
  "fields": {
    "company": 15,
    "recipient": 3,
    "sender": 2,
    "type": "order_new",
    "title": "Đơn hàng mới cần duyệt",
    "message": "Đơn hàng FUJI-DH-20260711-004 của khách LE DINH TUYEN đang chờ duyệt.",
    "link": "/orders/51",
    "is_read": true,
    "created_at": "2026-07-11T10:03:25.776Z"
  }
},
{
  "model": "notifications.notification",
  "pk": 261,
  "fields": {
    "company": 15,
    "recipient": 4,
    "sender": 2,
    "type": "order_new",
    "title": "Đơn hàng mới cần duyệt",
    "message": "Đơn hàng FUJI-DH-20260711-004 của khách LE DINH TUYEN đang chờ duyệt.",
    "link": "/orders/51",
    "is_read": false,
    "created_at": "2026-07-11T10:03:26.140Z"
  }
},
{
  "model": "notifications.notification",
  "pk": 262,
  "fields": {
    "company": 15,
    "recipient": 5,
    "sender": null,
    "type": "crm_assigned",
    "title": "Bạn có khách hàng mới được phân công",
    "message": "Khách hàng Anh Tuyền (0988565777) đã được phân công cho bạn.",
    "link": "/customers/27",
    "is_read": true,
    "created_at": "2026-07-17T07:07:20.765Z"
  }
},
{
  "model": "notifications.notification",
  "pk": 263,
  "fields": {
    "company": 15,
    "recipient": 5,
    "sender": null,
    "type": "crm_assigned",
    "title": "Bạn có khách hàng mới được phân công",
    "message": "Khách hàng Chị Huế (0989198265) đã được phân công cho bạn.",
    "link": "/customers/28",
    "is_read": true,
    "created_at": "2026-07-17T07:07:59.595Z"
  }
},
{
  "model": "notifications.notification",
  "pk": 264,
  "fields": {
    "company": 15,
    "recipient": 3,
    "sender": 5,
    "type": "approval",
    "title": "Yêu cầu duyệt báo giá FUJI-BG-20260717-004",
    "message": "NVKD 1 vừa trình duyệt báo giá FUJI-BG-20260717-004 cho khách hàng Chị Huế.",
    "link": "/approvals",
    "is_read": true,
    "created_at": "2026-07-17T08:03:06.074Z"
  }
},
{
  "model": "notifications.notification",
  "pk": 265,
  "fields": {
    "company": 15,
    "recipient": 2,
    "sender": 5,
    "type": "approval",
    "title": "Yêu cầu duyệt báo giá FUJI-BG-20260717-004",
    "message": "NVKD 1 vừa trình duyệt báo giá FUJI-BG-20260717-004 cho khách hàng Chị Huế.",
    "link": "/approvals",
    "is_read": true,
    "created_at": "2026-07-17T08:03:49.695Z"
  }
},
{
  "model": "notifications.notification",
  "pk": 266,
  "fields": {
    "company": 15,
    "recipient": 5,
    "sender": 2,
    "type": "approval",
    "title": "Yêu cầu Phê duyệt Báo giá FUJI-BG-20260717-004 đã được duyệt",
    "message": "Giám đốc đã phê duyệt yêu cầu của bạn.",
    "link": "/approvals",
    "is_read": true,
    "created_at": "2026-07-17T08:10:03.576Z"
  }
},
{
  "model": "notifications.notification",
  "pk": 267,
  "fields": {
    "company": 15,
    "recipient": 2,
    "sender": 5,
    "type": "approval",
    "title": "Yêu cầu duyệt báo giá FUJI-BG-20260717-004",
    "message": "NVKD 1 vừa trình duyệt báo giá FUJI-BG-20260717-004 cho khách hàng Chị Huế.",
    "link": "/approvals",
    "is_read": true,
    "created_at": "2026-07-17T08:12:17.636Z"
  }
},
{
  "model": "notifications.notification",
  "pk": 268,
  "fields": {
    "company": 15,
    "recipient": 3,
    "sender": 5,
    "type": "approval",
    "title": "Yêu cầu duyệt báo giá FUJI-BG-20260717-004",
    "message": "NVKD 1 vừa trình duyệt báo giá FUJI-BG-20260717-004 cho khách hàng Chị Huế.",
    "link": "/approvals",
    "is_read": true,
    "created_at": "2026-07-17T08:12:58.185Z"
  }
},
{
  "model": "notifications.notification",
  "pk": 269,
  "fields": {
    "company": 15,
    "recipient": 5,
    "sender": 2,
    "type": "approval",
    "title": "Yêu cầu Phê duyệt Báo giá FUJI-BG-20260717-004 bị từ chối",
    "message": "Giám đốc đã từ chối yêu cầu của bạn.",
    "link": "/approvals",
    "is_read": true,
    "created_at": "2026-07-17T08:14:03.939Z"
  }
},
{
  "model": "notifications.notification",
  "pk": 270,
  "fields": {
    "company": 15,
    "recipient": 2,
    "sender": 5,
    "type": "order_new",
    "title": "Đơn hàng mới cần duyệt",
    "message": "Đơn hàng FUJI-DH-20260717-005 của khách Chị Huế đang chờ duyệt.",
    "link": "/orders/52",
    "is_read": true,
    "created_at": "2026-07-17T09:07:34.053Z"
  }
},
{
  "model": "notifications.notification",
  "pk": 271,
  "fields": {
    "company": 15,
    "recipient": 3,
    "sender": 5,
    "type": "order_new",
    "title": "Đơn hàng mới cần duyệt",
    "message": "Đơn hàng FUJI-DH-20260717-005 của khách Chị Huế đang chờ duyệt.",
    "link": "/orders/52",
    "is_read": true,
    "created_at": "2026-07-17T09:07:34.321Z"
  }
},
{
  "model": "notifications.notification",
  "pk": 272,
  "fields": {
    "company": 15,
    "recipient": 4,
    "sender": 5,
    "type": "order_new",
    "title": "Đơn hàng mới cần duyệt",
    "message": "Đơn hàng FUJI-DH-20260717-005 của khách Chị Huế đang chờ duyệt.",
    "link": "/orders/52",
    "is_read": false,
    "created_at": "2026-07-17T09:07:34.327Z"
  }
},
{
  "model": "notifications.notification",
  "pk": 273,
  "fields": {
    "company": 15,
    "recipient": 5,
    "sender": 3,
    "type": "approval",
    "title": "Yêu cầu Phê duyệt Đơn hàng FUJI-DH-20260717-005 đã được duyệt",
    "message": "TPKD 1 đã phê duyệt yêu cầu của bạn.",
    "link": "/approvals",
    "is_read": true,
    "created_at": "2026-07-17T09:25:09.152Z"
  }
},
{
  "model": "notifications.notification",
  "pk": 274,
  "fields": {
    "company": 15,
    "recipient": 3,
    "sender": 2,
    "type": "order_new",
    "title": "Đơn hàng mới cần duyệt",
    "message": "Đơn hàng FUJI-DH-20260717-001 của khách Chị Huế đang chờ duyệt.",
    "link": "/orders/53",
    "is_read": false,
    "created_at": "2026-07-17T09:39:51.436Z"
  }
},
{
  "model": "notifications.notification",
  "pk": 275,
  "fields": {
    "company": 15,
    "recipient": 4,
    "sender": 2,
    "type": "order_new",
    "title": "Đơn hàng mới cần duyệt",
    "message": "Đơn hàng FUJI-DH-20260717-001 của khách Chị Huế đang chờ duyệt.",
    "link": "/orders/53",
    "is_read": false,
    "created_at": "2026-07-17T09:39:51.682Z"
  }
},
{
  "model": "notifications.notification",
  "pk": 276,
  "fields": {
    "company": 15,
    "recipient": 3,
    "sender": 2,
    "type": "order_new",
    "title": "Đơn hàng mới cần duyệt",
    "message": "Đơn hàng FUJI-DH-20260717-001 của khách Anh Tuyền đang chờ duyệt.",
    "link": "/orders/54",
    "is_read": false,
    "created_at": "2026-07-17T09:51:17.874Z"
  }
},
{
  "model": "notifications.notification",
  "pk": 277,
  "fields": {
    "company": 15,
    "recipient": 4,
    "sender": 2,
    "type": "order_new",
    "title": "Đơn hàng mới cần duyệt",
    "message": "Đơn hàng FUJI-DH-20260717-001 của khách Anh Tuyền đang chờ duyệt.",
    "link": "/orders/54",
    "is_read": false,
    "created_at": "2026-07-17T09:51:18.125Z"
  }
},
{
  "model": "notifications.notification",
  "pk": 278,
  "fields": {
    "company": 15,
    "recipient": 3,
    "sender": 2,
    "type": "order_new",
    "title": "Đơn hàng mới cần duyệt",
    "message": "Đơn hàng FUJI-DH-20260717-005 của khách Chị Huế đang chờ duyệt.",
    "link": "/orders/55",
    "is_read": false,
    "created_at": "2026-07-17T10:02:04.856Z"
  }
},
{
  "model": "notifications.notification",
  "pk": 279,
  "fields": {
    "company": 15,
    "recipient": 4,
    "sender": 2,
    "type": "order_new",
    "title": "Đơn hàng mới cần duyệt",
    "message": "Đơn hàng FUJI-DH-20260717-005 của khách Chị Huế đang chờ duyệt.",
    "link": "/orders/55",
    "is_read": false,
    "created_at": "2026-07-17T10:02:04.879Z"
  }
},
{
  "model": "notifications.notification",
  "pk": 280,
  "fields": {
    "company": 15,
    "recipient": 3,
    "sender": 2,
    "type": "order_new",
    "title": "Đơn hàng mới cần duyệt",
    "message": "Đơn hàng FUJI-DH-20260717-006 của khách Chị Huế đang chờ duyệt.",
    "link": "/orders/56",
    "is_read": false,
    "created_at": "2026-07-17T10:06:20.258Z"
  }
},
{
  "model": "notifications.notification",
  "pk": 281,
  "fields": {
    "company": 15,
    "recipient": 4,
    "sender": 2,
    "type": "order_new",
    "title": "Đơn hàng mới cần duyệt",
    "message": "Đơn hàng FUJI-DH-20260717-006 của khách Chị Huế đang chờ duyệt.",
    "link": "/orders/56",
    "is_read": false,
    "created_at": "2026-07-17T10:06:20.513Z"
  }
},
{
  "model": "notifications.notification",
  "pk": 282,
  "fields": {
    "company": 15,
    "recipient": 2,
    "sender": 2,
    "type": "order_rejected",
    "title": "Đơn hàng bị từ chối",
    "message": "Đơn hàng FUJI-DH-20260717-005 của khách Chị Huế đã bị từ chối.",
    "link": "/orders/55",
    "is_read": true,
    "created_at": "2026-07-17T10:12:32.653Z"
  }
},
{
  "model": "notifications.notification",
  "pk": 283,
  "fields": {
    "company": 15,
    "recipient": 3,
    "sender": 2,
    "type": "order_new",
    "title": "Đơn hàng mới cần duyệt",
    "message": "Đơn hàng FUJI-DH-20260717-001 của khách Chị Huế đang chờ duyệt.",
    "link": "/orders/57",
    "is_read": false,
    "created_at": "2026-07-17T10:15:42.357Z"
  }
},
{
  "model": "notifications.notification",
  "pk": 284,
  "fields": {
    "company": 15,
    "recipient": 4,
    "sender": 2,
    "type": "order_new",
    "title": "Đơn hàng mới cần duyệt",
    "message": "Đơn hàng FUJI-DH-20260717-001 của khách Chị Huế đang chờ duyệt.",
    "link": "/orders/57",
    "is_read": false,
    "created_at": "2026-07-17T10:15:42.376Z"
  }
},
{
  "model": "notifications.notification",
  "pk": 285,
  "fields": {
    "company": 15,
    "recipient": 3,
    "sender": 2,
    "type": "order_new",
    "title": "Đơn hàng mới cần duyệt",
    "message": "Đơn hàng FUJI-DH-20260717-006 của khách Anh Tuyền đang chờ duyệt.",
    "link": "/orders/58",
    "is_read": false,
    "created_at": "2026-07-17T10:19:26.791Z"
  }
},
{
  "model": "notifications.notification",
  "pk": 286,
  "fields": {
    "company": 15,
    "recipient": 4,
    "sender": 2,
    "type": "order_new",
    "title": "Đơn hàng mới cần duyệt",
    "message": "Đơn hàng FUJI-DH-20260717-006 của khách Anh Tuyền đang chờ duyệt.",
    "link": "/orders/58",
    "is_read": false,
    "created_at": "2026-07-17T10:19:26.837Z"
  }
},
{
  "model": "notifications.notification",
  "pk": 287,
  "fields": {
    "company": 15,
    "recipient": 3,
    "sender": 2,
    "type": "order_new",
    "title": "Đơn hàng mới cần duyệt",
    "message": "Đơn hàng FUJI-DH-20260717-001 của khách Chị Huế đang chờ duyệt.",
    "link": "/orders/59",
    "is_read": false,
    "created_at": "2026-07-17T10:24:28.265Z"
  }
},
{
  "model": "notifications.notification",
  "pk": 288,
  "fields": {
    "company": 15,
    "recipient": 4,
    "sender": 2,
    "type": "order_new",
    "title": "Đơn hàng mới cần duyệt",
    "message": "Đơn hàng FUJI-DH-20260717-001 của khách Chị Huế đang chờ duyệt.",
    "link": "/orders/59",
    "is_read": false,
    "created_at": "2026-07-17T10:24:28.545Z"
  }
},
{
  "model": "notifications.notification",
  "pk": 289,
  "fields": {
    "company": 15,
    "recipient": 3,
    "sender": 2,
    "type": "order_new",
    "title": "Đơn hàng mới cần duyệt",
    "message": "Đơn hàng FUJI-DH-20260717-002 của khách Anh Tuyền đang chờ duyệt.",
    "link": "/orders/60",
    "is_read": false,
    "created_at": "2026-07-17T10:26:48.182Z"
  }
},
{
  "model": "notifications.notification",
  "pk": 290,
  "fields": {
    "company": 15,
    "recipient": 4,
    "sender": 2,
    "type": "order_new",
    "title": "Đơn hàng mới cần duyệt",
    "message": "Đơn hàng FUJI-DH-20260717-002 của khách Anh Tuyền đang chờ duyệt.",
    "link": "/orders/60",
    "is_read": false,
    "created_at": "2026-07-17T10:26:48.210Z"
  }
},
{
  "model": "notifications.notification",
  "pk": 291,
  "fields": {
    "company": 15,
    "recipient": 2,
    "sender": 5,
    "type": "order_new",
    "title": "Đơn hàng mới cần duyệt",
    "message": "Đơn hàng FUJI-DH-20260717-001 của khách Chị Huế đang chờ duyệt.",
    "link": "/orders/61",
    "is_read": true,
    "created_at": "2026-07-17T10:45:47.008Z"
  }
},
{
  "model": "notifications.notification",
  "pk": 292,
  "fields": {
    "company": 15,
    "recipient": 3,
    "sender": 5,
    "type": "order_new",
    "title": "Đơn hàng mới cần duyệt",
    "message": "Đơn hàng FUJI-DH-20260717-001 của khách Chị Huế đang chờ duyệt.",
    "link": "/orders/61",
    "is_read": false,
    "created_at": "2026-07-17T10:45:47.033Z"
  }
},
{
  "model": "notifications.notification",
  "pk": 293,
  "fields": {
    "company": 15,
    "recipient": 4,
    "sender": 5,
    "type": "order_new",
    "title": "Đơn hàng mới cần duyệt",
    "message": "Đơn hàng FUJI-DH-20260717-001 của khách Chị Huế đang chờ duyệt.",
    "link": "/orders/61",
    "is_read": false,
    "created_at": "2026-07-17T10:45:47.041Z"
  }
},
{
  "model": "notifications.notification",
  "pk": 294,
  "fields": {
    "company": 15,
    "recipient": 2,
    "sender": 2,
    "type": "approval",
    "title": "Yêu cầu Duyệt xuất kho nợ - FUJI-DH-20260717-001 đã được duyệt",
    "message": "Giám đốc đã phê duyệt yêu cầu của bạn.",
    "link": "/approvals",
    "is_read": true,
    "created_at": "2026-07-20T04:36:40.301Z"
  }
},
{
  "model": "notifications.notification",
  "pk": 295,
  "fields": {
    "company": 15,
    "recipient": 5,
    "sender": null,
    "type": "crm_assigned",
    "title": "Bạn có khách hàng mới được phân công",
    "message": "Khách hàng anh B (0623145212) đã được phân công cho bạn.",
    "link": "/customers/29",
    "is_read": true,
    "created_at": "2026-07-20T07:54:30.896Z"
  }
},
{
  "model": "notifications.notification",
  "pk": 296,
  "fields": {
    "company": 15,
    "recipient": 3,
    "sender": null,
    "type": "crm_assigned",
    "title": "Bạn có khách hàng mới được phân công",
    "message": "Khách hàng Anh C (0989198266) đã được phân công cho bạn.",
    "link": "/customers/30",
    "is_read": false,
    "created_at": "2026-07-20T08:03:43.781Z"
  }
},
{
  "model": "notifications.notification",
  "pk": 297,
  "fields": {
    "company": 15,
    "recipient": 2,
    "sender": null,
    "type": "order_new",
    "title": "Đơn hàng mới cần duyệt",
    "message": "Đơn hàng ORD-TEST-daf6bc của khách Test KH Auto ZNS đang chờ duyệt.",
    "link": "/orders/62",
    "is_read": true,
    "created_at": "2026-07-20T08:36:52.471Z"
  }
},
{
  "model": "notifications.notification",
  "pk": 298,
  "fields": {
    "company": 15,
    "recipient": 3,
    "sender": null,
    "type": "order_new",
    "title": "Đơn hàng mới cần duyệt",
    "message": "Đơn hàng ORD-TEST-daf6bc của khách Test KH Auto ZNS đang chờ duyệt.",
    "link": "/orders/62",
    "is_read": false,
    "created_at": "2026-07-20T08:36:52.764Z"
  }
},
{
  "model": "notifications.notification",
  "pk": 299,
  "fields": {
    "company": 15,
    "recipient": 4,
    "sender": null,
    "type": "order_new",
    "title": "Đơn hàng mới cần duyệt",
    "message": "Đơn hàng ORD-TEST-daf6bc của khách Test KH Auto ZNS đang chờ duyệt.",
    "link": "/orders/62",
    "is_read": false,
    "created_at": "2026-07-20T08:36:52.811Z"
  }
},
{
  "model": "notifications.notification",
  "pk": 300,
  "fields": {
    "company": 15,
    "recipient": 2,
    "sender": 5,
    "type": "approval",
    "title": "Yêu cầu duyệt báo giá FUJI-BG-20260717-001",
    "message": "NVKD 1 vừa trình duyệt báo giá FUJI-BG-20260717-001 cho khách hàng Chị Huế.",
    "link": "/approvals",
    "is_read": true,
    "created_at": "2026-07-20T12:18:19.792Z"
  }
},
{
  "model": "notifications.notification",
  "pk": 301,
  "fields": {
    "company": 15,
    "recipient": 5,
    "sender": 2,
    "type": "approval",
    "title": "Yêu cầu Phê duyệt Báo giá FUJI-BG-20260717-001 đã được duyệt",
    "message": "Giám đốc đã phê duyệt yêu cầu của bạn.",
    "link": "/approvals",
    "is_read": true,
    "created_at": "2026-07-20T12:18:26.441Z"
  }
},
{
  "model": "notifications.notification",
  "pk": 302,
  "fields": {
    "company": 15,
    "recipient": 2,
    "sender": 5,
    "type": "order_new",
    "title": "Đơn hàng mới cần duyệt",
    "message": "Đơn hàng FUJI-DH-20260717-001 của khách Chị Huế đang chờ duyệt.",
    "link": "/orders/1",
    "is_read": true,
    "created_at": "2026-07-20T16:24:21.278Z"
  }
},
{
  "model": "notifications.notification",
  "pk": 303,
  "fields": {
    "company": 15,
    "recipient": 3,
    "sender": 5,
    "type": "order_new",
    "title": "Đơn hàng mới cần duyệt",
    "message": "Đơn hàng FUJI-DH-20260717-001 của khách Chị Huế đang chờ duyệt.",
    "link": "/orders/1",
    "is_read": false,
    "created_at": "2026-07-20T16:24:21.423Z"
  }
},
{
  "model": "notifications.notification",
  "pk": 304,
  "fields": {
    "company": 15,
    "recipient": 4,
    "sender": 5,
    "type": "order_new",
    "title": "Đơn hàng mới cần duyệt",
    "message": "Đơn hàng FUJI-DH-20260717-001 của khách Chị Huế đang chờ duyệt.",
    "link": "/orders/1",
    "is_read": false,
    "created_at": "2026-07-20T16:24:21.434Z"
  }
},
{
  "model": "notifications.notification",
  "pk": 305,
  "fields": {
    "company": 15,
    "recipient": 2,
    "sender": 5,
    "type": "order_new",
    "title": "Đơn hàng mới cần duyệt",
    "message": "Đơn hàng FUJI-DH-20072026-001 của khách Chị Huế đang chờ duyệt.",
    "link": "/orders/2",
    "is_read": true,
    "created_at": "2026-07-20T16:25:06.758Z"
  }
},
{
  "model": "notifications.notification",
  "pk": 306,
  "fields": {
    "company": 15,
    "recipient": 3,
    "sender": 5,
    "type": "order_new",
    "title": "Đơn hàng mới cần duyệt",
    "message": "Đơn hàng FUJI-DH-20072026-001 của khách Chị Huế đang chờ duyệt.",
    "link": "/orders/2",
    "is_read": false,
    "created_at": "2026-07-20T16:25:06.771Z"
  }
},
{
  "model": "notifications.notification",
  "pk": 307,
  "fields": {
    "company": 15,
    "recipient": 4,
    "sender": 5,
    "type": "order_new",
    "title": "Đơn hàng mới cần duyệt",
    "message": "Đơn hàng FUJI-DH-20072026-001 của khách Chị Huế đang chờ duyệt.",
    "link": "/orders/2",
    "is_read": false,
    "created_at": "2026-07-20T16:25:06.778Z"
  }
},
{
  "model": "notifications.notification",
  "pk": 308,
  "fields": {
    "company": 15,
    "recipient": 5,
    "sender": 2,
    "type": "order_rejected",
    "title": "Đơn hàng bị từ chối",
    "message": "Đơn hàng FUJI-DH-20072026-001 của khách Chị Huế đã bị từ chối.",
    "link": "/orders/2",
    "is_read": true,
    "created_at": "2026-07-20T16:26:09.926Z"
  }
},
{
  "model": "notifications.notification",
  "pk": 309,
  "fields": {
    "company": 15,
    "recipient": 3,
    "sender": 2,
    "type": "order_new",
    "title": "Đơn hàng mới cần duyệt",
    "message": "Đơn hàng FUJI-DH-20072026-001 của khách Anh Tuyền đang chờ duyệt.",
    "link": "/orders/3",
    "is_read": false,
    "created_at": "2026-07-20T16:28:42.508Z"
  }
},
{
  "model": "notifications.notification",
  "pk": 310,
  "fields": {
    "company": 15,
    "recipient": 4,
    "sender": 2,
    "type": "order_new",
    "title": "Đơn hàng mới cần duyệt",
    "message": "Đơn hàng FUJI-DH-20072026-001 của khách Anh Tuyền đang chờ duyệt.",
    "link": "/orders/3",
    "is_read": false,
    "created_at": "2026-07-20T16:28:42.521Z"
  }
},
{
  "model": "notifications.notification",
  "pk": 311,
  "fields": {
    "company": 15,
    "recipient": 2,
    "sender": 2,
    "type": "approval",
    "title": "Yêu cầu Phê duyệt Đơn hàng FUJI-DH-20260717-001 bị từ chối",
    "message": "Giám đốc đã từ chối yêu cầu của bạn.",
    "link": "/approvals",
    "is_read": true,
    "created_at": "2026-07-20T16:29:17.478Z"
  }
},
{
  "model": "notifications.notification",
  "pk": 312,
  "fields": {
    "company": 15,
    "recipient": 2,
    "sender": 2,
    "type": "approval",
    "title": "Yêu cầu Phê duyệt Đơn hàng FUJI-DH-20260717-006 đã được duyệt",
    "message": "Giám đốc đã phê duyệt yêu cầu của bạn.",
    "link": "/approvals",
    "is_read": true,
    "created_at": "2026-07-20T16:29:20.863Z"
  }
},
{
  "model": "notifications.notification",
  "pk": 313,
  "fields": {
    "company": 15,
    "recipient": 2,
    "sender": 2,
    "type": "approval",
    "title": "Yêu cầu Duyệt xuất kho nợ - FUJI-DH-20072026-001 bị từ chối",
    "message": "Giám đốc đã từ chối yêu cầu của bạn.",
    "link": "/approvals",
    "is_read": true,
    "created_at": "2026-07-20T16:42:32.789Z"
  }
},
{
  "model": "notifications.notification",
  "pk": 314,
  "fields": {
    "company": 15,
    "recipient": 2,
    "sender": 5,
    "type": "approval",
    "title": "Yêu cầu duyệt báo giá FUJI-BG-20072026-002",
    "message": "NVKD 1 vừa trình duyệt báo giá FUJI-BG-20072026-002 cho khách hàng Chị Huế.",
    "link": "/approvals",
    "is_read": true,
    "created_at": "2026-07-20T16:44:47.306Z"
  }
},
{
  "model": "notifications.notification",
  "pk": 315,
  "fields": {
    "company": 15,
    "recipient": 5,
    "sender": 2,
    "type": "approval",
    "title": "Yêu cầu Phê duyệt Báo giá FUJI-BG-20072026-002 đã được duyệt",
    "message": "Giám đốc đã phê duyệt yêu cầu của bạn.",
    "link": "/approvals",
    "is_read": true,
    "created_at": "2026-07-20T16:44:55.818Z"
  }
},
{
  "model": "notifications.notification",
  "pk": 316,
  "fields": {
    "company": 15,
    "recipient": 2,
    "sender": 5,
    "type": "order_new",
    "title": "Đơn hàng mới cần duyệt",
    "message": "Đơn hàng FUJI-DH-20072026-002 của khách Chị Huế đang chờ duyệt.",
    "link": "/orders/4",
    "is_read": true,
    "created_at": "2026-07-20T16:45:08.758Z"
  }
},
{
  "model": "notifications.notification",
  "pk": 317,
  "fields": {
    "company": 15,
    "recipient": 3,
    "sender": 5,
    "type": "order_new",
    "title": "Đơn hàng mới cần duyệt",
    "message": "Đơn hàng FUJI-DH-20072026-002 của khách Chị Huế đang chờ duyệt.",
    "link": "/orders/4",
    "is_read": false,
    "created_at": "2026-07-20T16:45:08.768Z"
  }
},
{
  "model": "notifications.notification",
  "pk": 318,
  "fields": {
    "company": 15,
    "recipient": 4,
    "sender": 5,
    "type": "order_new",
    "title": "Đơn hàng mới cần duyệt",
    "message": "Đơn hàng FUJI-DH-20072026-002 của khách Chị Huế đang chờ duyệt.",
    "link": "/orders/4",
    "is_read": false,
    "created_at": "2026-07-20T16:45:08.774Z"
  }
},
{
  "model": "notifications.notification",
  "pk": 319,
  "fields": {
    "company": 15,
    "recipient": 5,
    "sender": 2,
    "type": "approval",
    "title": "Yêu cầu Phê duyệt Đơn hàng FUJI-DH-20072026-002 đã được duyệt",
    "message": "Giám đốc đã phê duyệt yêu cầu của bạn.",
    "link": "/approvals",
    "is_read": true,
    "created_at": "2026-07-20T16:45:19.100Z"
  }
},
{
  "model": "notifications.notification",
  "pk": 320,
  "fields": {
    "company": 15,
    "recipient": 5,
    "sender": 7,
    "type": "approval",
    "title": "Yêu cầu Duyệt xuất kho nợ - FUJI-DH-20072026-002 đã được duyệt",
    "message": "Nguyễn Thị Mai (Kế toán) đã phê duyệt yêu cầu của bạn.",
    "link": "/approvals",
    "is_read": true,
    "created_at": "2026-07-20T16:46:07.702Z"
  }
},
{
  "model": "notifications.notification",
  "pk": 321,
  "fields": {
    "company": 15,
    "recipient": 3,
    "sender": 2,
    "type": "order_new",
    "title": "Đơn hàng mới cần duyệt",
    "message": "Đơn hàng FUJI-DH-21072026-001 của khách Anh Tuyền đang chờ duyệt.",
    "link": "/orders/5",
    "is_read": false,
    "created_at": "2026-07-20T17:01:14.222Z"
  }
},
{
  "model": "notifications.notification",
  "pk": 322,
  "fields": {
    "company": 15,
    "recipient": 4,
    "sender": 2,
    "type": "order_new",
    "title": "Đơn hàng mới cần duyệt",
    "message": "Đơn hàng FUJI-DH-21072026-001 của khách Anh Tuyền đang chờ duyệt.",
    "link": "/orders/5",
    "is_read": false,
    "created_at": "2026-07-20T17:01:14.407Z"
  }
},
{
  "model": "notifications.notification",
  "pk": 323,
  "fields": {
    "company": 15,
    "recipient": 2,
    "sender": 5,
    "type": "order_new",
    "title": "Đơn hàng mới cần duyệt",
    "message": "Đơn hàng FUJI-DH-21072026-001 của khách Anh Tuyền đang chờ duyệt.",
    "link": "/orders/6",
    "is_read": true,
    "created_at": "2026-07-20T17:02:09.580Z"
  }
},
{
  "model": "notifications.notification",
  "pk": 324,
  "fields": {
    "company": 15,
    "recipient": 3,
    "sender": 5,
    "type": "order_new",
    "title": "Đơn hàng mới cần duyệt",
    "message": "Đơn hàng FUJI-DH-21072026-001 của khách Anh Tuyền đang chờ duyệt.",
    "link": "/orders/6",
    "is_read": false,
    "created_at": "2026-07-20T17:02:09.595Z"
  }
},
{
  "model": "notifications.notification",
  "pk": 325,
  "fields": {
    "company": 15,
    "recipient": 4,
    "sender": 5,
    "type": "order_new",
    "title": "Đơn hàng mới cần duyệt",
    "message": "Đơn hàng FUJI-DH-21072026-001 của khách Anh Tuyền đang chờ duyệt.",
    "link": "/orders/6",
    "is_read": false,
    "created_at": "2026-07-20T17:02:09.603Z"
  }
},
{
  "model": "notifications.notification",
  "pk": 326,
  "fields": {
    "company": 15,
    "recipient": 2,
    "sender": 5,
    "type": "order_new",
    "title": "Đơn hàng mới cần duyệt",
    "message": "Đơn hàng FUJI-DH-21072026-001 của khách Anh Tuyền đang chờ duyệt.",
    "link": "/orders/7",
    "is_read": true,
    "created_at": "2026-07-20T17:16:14.439Z"
  }
},
{
  "model": "notifications.notification",
  "pk": 327,
  "fields": {
    "company": 15,
    "recipient": 3,
    "sender": 5,
    "type": "order_new",
    "title": "Đơn hàng mới cần duyệt",
    "message": "Đơn hàng FUJI-DH-21072026-001 của khách Anh Tuyền đang chờ duyệt.",
    "link": "/orders/7",
    "is_read": false,
    "created_at": "2026-07-20T17:16:14.972Z"
  }
},
{
  "model": "notifications.notification",
  "pk": 328,
  "fields": {
    "company": 15,
    "recipient": 4,
    "sender": 5,
    "type": "order_new",
    "title": "Đơn hàng mới cần duyệt",
    "message": "Đơn hàng FUJI-DH-21072026-001 của khách Anh Tuyền đang chờ duyệt.",
    "link": "/orders/7",
    "is_read": false,
    "created_at": "2026-07-20T17:16:14.995Z"
  }
},
{
  "model": "notifications.notification",
  "pk": 329,
  "fields": {
    "company": 15,
    "recipient": 5,
    "sender": 2,
    "type": "approval",
    "title": "Yêu cầu Duyệt xuất kho nợ - FUJI-DH-21072026-001 đã được duyệt",
    "message": "Giám đốc đã phê duyệt yêu cầu của bạn.",
    "link": "/approvals",
    "is_read": true,
    "created_at": "2026-07-20T17:17:35.240Z"
  }
},
{
  "model": "notifications.notification",
  "pk": 330,
  "fields": {
    "company": 15,
    "recipient": 3,
    "sender": 2,
    "type": "order_new",
    "title": "Đơn hàng mới cần duyệt",
    "message": "Đơn hàng FUJI-DH-21072026-002 của khách Chị Huế đang chờ duyệt.",
    "link": "/orders/8",
    "is_read": false,
    "created_at": "2026-07-21T05:23:15.470Z"
  }
},
{
  "model": "notifications.notification",
  "pk": 331,
  "fields": {
    "company": 15,
    "recipient": 4,
    "sender": 2,
    "type": "order_new",
    "title": "Đơn hàng mới cần duyệt",
    "message": "Đơn hàng FUJI-DH-21072026-002 của khách Chị Huế đang chờ duyệt.",
    "link": "/orders/8",
    "is_read": false,
    "created_at": "2026-07-21T05:23:15.783Z"
  }
},
{
  "model": "notifications.notification",
  "pk": 332,
  "fields": {
    "company": 15,
    "recipient": 3,
    "sender": 2,
    "type": "order_new",
    "title": "Đơn hàng mới cần duyệt",
    "message": "Đơn hàng FUJI-DH-21072026-003 của khách Anh Tuyền đang chờ duyệt.",
    "link": "/orders/9",
    "is_read": false,
    "created_at": "2026-07-21T05:29:26.176Z"
  }
},
{
  "model": "notifications.notification",
  "pk": 333,
  "fields": {
    "company": 15,
    "recipient": 4,
    "sender": 2,
    "type": "order_new",
    "title": "Đơn hàng mới cần duyệt",
    "message": "Đơn hàng FUJI-DH-21072026-003 của khách Anh Tuyền đang chờ duyệt.",
    "link": "/orders/9",
    "is_read": false,
    "created_at": "2026-07-21T05:29:26.436Z"
  }
},
{
  "model": "notifications.notification",
  "pk": 334,
  "fields": {
    "company": 15,
    "recipient": 2,
    "sender": 2,
    "type": "approval",
    "title": "Yêu cầu Duyệt xuất kho nợ - FUJI-DH-21072026-003 đã được duyệt",
    "message": "Giám đốc đã phê duyệt yêu cầu của bạn.",
    "link": "/approvals",
    "is_read": true,
    "created_at": "2026-07-21T05:30:03.805Z"
  }
},
{
  "model": "notifications.notification",
  "pk": 335,
  "fields": {
    "company": 15,
    "recipient": 2,
    "sender": 5,
    "type": "order_new",
    "title": "Đơn hàng mới cần duyệt",
    "message": "Đơn hàng FUJI-DH-21072026-004 của khách Chị Huế đang chờ duyệt.",
    "link": "/orders/10",
    "is_read": true,
    "created_at": "2026-07-21T05:40:34.541Z"
  }
},
{
  "model": "notifications.notification",
  "pk": 336,
  "fields": {
    "company": 15,
    "recipient": 3,
    "sender": 5,
    "type": "order_new",
    "title": "Đơn hàng mới cần duyệt",
    "message": "Đơn hàng FUJI-DH-21072026-004 của khách Chị Huế đang chờ duyệt.",
    "link": "/orders/10",
    "is_read": false,
    "created_at": "2026-07-21T05:40:34.646Z"
  }
},
{
  "model": "notifications.notification",
  "pk": 337,
  "fields": {
    "company": 15,
    "recipient": 4,
    "sender": 5,
    "type": "order_new",
    "title": "Đơn hàng mới cần duyệt",
    "message": "Đơn hàng FUJI-DH-21072026-004 của khách Chị Huế đang chờ duyệt.",
    "link": "/orders/10",
    "is_read": false,
    "created_at": "2026-07-21T05:40:34.656Z"
  }
},
{
  "model": "notifications.notification",
  "pk": 338,
  "fields": {
    "company": 15,
    "recipient": 5,
    "sender": 2,
    "type": "approval",
    "title": "Yêu cầu Phê duyệt Đơn hàng FUJI-DH-21072026-004 (Cập nhật) đã được duyệt",
    "message": "Giám đốc đã phê duyệt yêu cầu của bạn.",
    "link": "/approvals",
    "is_read": true,
    "created_at": "2026-07-21T05:49:00.206Z"
  }
},
{
  "model": "notifications.notification",
  "pk": 339,
  "fields": {
    "company": 15,
    "recipient": 5,
    "sender": 2,
    "type": "approval",
    "title": "Yêu cầu Duyệt xuất kho nợ - FUJI-DH-21072026-004 đã được duyệt",
    "message": "Giám đốc đã phê duyệt yêu cầu của bạn.",
    "link": "/approvals",
    "is_read": true,
    "created_at": "2026-07-21T05:49:48.986Z"
  }
},
{
  "model": "notifications.notification",
  "pk": 340,
  "fields": {
    "company": 15,
    "recipient": 2,
    "sender": 5,
    "type": "approval",
    "title": "Yêu cầu duyệt báo giá FUJI-BG-22072026-001",
    "message": "NVKD 1 vừa trình duyệt báo giá FUJI-BG-22072026-001 cho khách hàng Chị Huế.",
    "link": "/approvals",
    "is_read": true,
    "created_at": "2026-07-22T03:53:05.517Z"
  }
},
{
  "model": "notifications.notification",
  "pk": 341,
  "fields": {
    "company": 15,
    "recipient": 5,
    "sender": 2,
    "type": "approval",
    "title": "Yêu cầu Phê duyệt Báo giá FUJI-BG-22072026-001 đã được duyệt",
    "message": "Giám đốc đã phê duyệt yêu cầu của bạn.",
    "link": "/approvals",
    "is_read": true,
    "created_at": "2026-07-22T03:53:22.849Z"
  }
},
{
  "model": "notifications.notification",
  "pk": 342,
  "fields": {
    "company": 15,
    "recipient": 2,
    "sender": 5,
    "type": "order_new",
    "title": "Đơn hàng mới cần duyệt",
    "message": "Đơn hàng FUJI-DH-22072026-001 của khách Chị Huế đang chờ duyệt.",
    "link": "/orders/11",
    "is_read": true,
    "created_at": "2026-07-22T03:53:36.816Z"
  }
},
{
  "model": "notifications.notification",
  "pk": 343,
  "fields": {
    "company": 15,
    "recipient": 3,
    "sender": 5,
    "type": "order_new",
    "title": "Đơn hàng mới cần duyệt",
    "message": "Đơn hàng FUJI-DH-22072026-001 của khách Chị Huế đang chờ duyệt.",
    "link": "/orders/11",
    "is_read": false,
    "created_at": "2026-07-22T03:53:36.826Z"
  }
},
{
  "model": "notifications.notification",
  "pk": 344,
  "fields": {
    "company": 15,
    "recipient": 4,
    "sender": 5,
    "type": "order_new",
    "title": "Đơn hàng mới cần duyệt",
    "message": "Đơn hàng FUJI-DH-22072026-001 của khách Chị Huế đang chờ duyệt.",
    "link": "/orders/11",
    "is_read": false,
    "created_at": "2026-07-22T03:53:36.836Z"
  }
},
{
  "model": "notifications.notification",
  "pk": 345,
  "fields": {
    "company": 15,
    "recipient": 5,
    "sender": 2,
    "type": "approval",
    "title": "Yêu cầu Phê duyệt Đơn hàng FUJI-DH-22072026-001 đã được duyệt",
    "message": "Giám đốc đã phê duyệt yêu cầu của bạn.",
    "link": "/approvals",
    "is_read": true,
    "created_at": "2026-07-22T03:53:50.684Z"
  }
},
{
  "model": "notifications.notification",
  "pk": 346,
  "fields": {
    "company": 15,
    "recipient": 3,
    "sender": 2,
    "type": "system_update",
    "title": "Có thông báo nội bộ mới: Kiểm tra",
    "message": "<p>Kiểm tra</p>",
    "link": "/announcements",
    "is_read": false,
    "created_at": "2026-07-22T11:18:29.271Z"
  }
},
{
  "model": "notifications.notification",
  "pk": 347,
  "fields": {
    "company": 15,
    "recipient": 4,
    "sender": 2,
    "type": "system_update",
    "title": "Có thông báo nội bộ mới: Kiểm tra",
    "message": "<p>Kiểm tra</p>",
    "link": "/announcements",
    "is_read": false,
    "created_at": "2026-07-22T11:18:29.271Z"
  }
},
{
  "model": "notifications.notification",
  "pk": 348,
  "fields": {
    "company": 15,
    "recipient": 5,
    "sender": 2,
    "type": "system_update",
    "title": "Có thông báo nội bộ mới: Kiểm tra",
    "message": "<p>Kiểm tra</p>",
    "link": "/announcements",
    "is_read": true,
    "created_at": "2026-07-22T11:18:29.271Z"
  }
},
{
  "model": "notifications.notification",
  "pk": 349,
  "fields": {
    "company": 15,
    "recipient": 6,
    "sender": 2,
    "type": "system_update",
    "title": "Có thông báo nội bộ mới: Kiểm tra",
    "message": "<p>Kiểm tra</p>",
    "link": "/announcements",
    "is_read": true,
    "created_at": "2026-07-22T11:18:29.271Z"
  }
},
{
  "model": "notifications.notification",
  "pk": 350,
  "fields": {
    "company": 15,
    "recipient": 7,
    "sender": 2,
    "type": "system_update",
    "title": "Có thông báo nội bộ mới: Kiểm tra",
    "message": "<p>Kiểm tra</p>",
    "link": "/announcements",
    "is_read": false,
    "created_at": "2026-07-22T11:18:29.271Z"
  }
},
{
  "model": "notifications.notification",
  "pk": 351,
  "fields": {
    "company": 15,
    "recipient": 8,
    "sender": 2,
    "type": "system_update",
    "title": "Có thông báo nội bộ mới: Kiểm tra",
    "message": "<p>Kiểm tra</p>",
    "link": "/announcements",
    "is_read": false,
    "created_at": "2026-07-22T11:18:29.271Z"
  }
},
{
  "model": "notifications.notification",
  "pk": 352,
  "fields": {
    "company": 15,
    "recipient": 9,
    "sender": 2,
    "type": "system_update",
    "title": "Có thông báo nội bộ mới: Kiểm tra",
    "message": "<p>Kiểm tra</p>",
    "link": "/announcements",
    "is_read": false,
    "created_at": "2026-07-22T11:18:29.271Z"
  }
},
{
  "model": "notifications.notification",
  "pk": 353,
  "fields": {
    "company": 15,
    "recipient": 3,
    "sender": 2,
    "type": "system_update",
    "title": "Có thông báo nội bộ mới: Không có thông báo",
    "message": "<p>hihi</p>",
    "link": "/announcements",
    "is_read": false,
    "created_at": "2026-07-22T11:19:24.316Z"
  }
},
{
  "model": "notifications.notification",
  "pk": 354,
  "fields": {
    "company": 15,
    "recipient": 4,
    "sender": 2,
    "type": "system_update",
    "title": "Có thông báo nội bộ mới: Không có thông báo",
    "message": "<p>hihi</p>",
    "link": "/announcements",
    "is_read": false,
    "created_at": "2026-07-22T11:19:24.316Z"
  }
},
{
  "model": "notifications.notification",
  "pk": 355,
  "fields": {
    "company": 15,
    "recipient": 5,
    "sender": 2,
    "type": "system_update",
    "title": "Có thông báo nội bộ mới: Không có thông báo",
    "message": "<p>hihi</p>",
    "link": "/announcements",
    "is_read": true,
    "created_at": "2026-07-22T11:19:24.316Z"
  }
},
{
  "model": "notifications.notification",
  "pk": 356,
  "fields": {
    "company": 15,
    "recipient": 6,
    "sender": 2,
    "type": "system_update",
    "title": "Có thông báo nội bộ mới: Không có thông báo",
    "message": "<p>hihi</p>",
    "link": "/announcements",
    "is_read": true,
    "created_at": "2026-07-22T11:19:24.316Z"
  }
},
{
  "model": "notifications.notification",
  "pk": 357,
  "fields": {
    "company": 15,
    "recipient": 7,
    "sender": 2,
    "type": "system_update",
    "title": "Có thông báo nội bộ mới: Không có thông báo",
    "message": "<p>hihi</p>",
    "link": "/announcements",
    "is_read": false,
    "created_at": "2026-07-22T11:19:24.316Z"
  }
},
{
  "model": "notifications.notification",
  "pk": 358,
  "fields": {
    "company": 15,
    "recipient": 8,
    "sender": 2,
    "type": "system_update",
    "title": "Có thông báo nội bộ mới: Không có thông báo",
    "message": "<p>hihi</p>",
    "link": "/announcements",
    "is_read": false,
    "created_at": "2026-07-22T11:19:24.316Z"
  }
},
{
  "model": "notifications.notification",
  "pk": 359,
  "fields": {
    "company": 15,
    "recipient": 9,
    "sender": 2,
    "type": "system_update",
    "title": "Có thông báo nội bộ mới: Không có thông báo",
    "message": "<p>hihi</p>",
    "link": "/announcements",
    "is_read": false,
    "created_at": "2026-07-22T11:19:24.316Z"
  }
},
{
  "model": "notifications.notification",
  "pk": 360,
  "fields": {
    "company": 15,
    "recipient": 3,
    "sender": 2,
    "type": "system_update",
    "title": "Có thông báo nội bộ mới: Xin chào",
    "message": "<p>Chào</p>",
    "link": "/announcements",
    "is_read": false,
    "created_at": "2026-07-22T15:46:34.223Z"
  }
},
{
  "model": "notifications.notification",
  "pk": 361,
  "fields": {
    "company": 15,
    "recipient": 4,
    "sender": 2,
    "type": "system_update",
    "title": "Có thông báo nội bộ mới: Xin chào",
    "message": "<p>Chào</p>",
    "link": "/announcements",
    "is_read": false,
    "created_at": "2026-07-22T15:46:34.223Z"
  }
},
{
  "model": "notifications.notification",
  "pk": 362,
  "fields": {
    "company": 15,
    "recipient": 5,
    "sender": 2,
    "type": "system_update",
    "title": "Có thông báo nội bộ mới: Xin chào",
    "message": "<p>Chào</p>",
    "link": "/announcements",
    "is_read": true,
    "created_at": "2026-07-22T15:46:34.223Z"
  }
},
{
  "model": "notifications.notification",
  "pk": 363,
  "fields": {
    "company": 15,
    "recipient": 6,
    "sender": 2,
    "type": "system_update",
    "title": "Có thông báo nội bộ mới: Xin chào",
    "message": "<p>Chào</p>",
    "link": "/announcements",
    "is_read": true,
    "created_at": "2026-07-22T15:46:34.223Z"
  }
},
{
  "model": "notifications.notification",
  "pk": 364,
  "fields": {
    "company": 15,
    "recipient": 7,
    "sender": 2,
    "type": "system_update",
    "title": "Có thông báo nội bộ mới: Xin chào",
    "message": "<p>Chào</p>",
    "link": "/announcements",
    "is_read": false,
    "created_at": "2026-07-22T15:46:34.223Z"
  }
},
{
  "model": "notifications.notification",
  "pk": 365,
  "fields": {
    "company": 15,
    "recipient": 8,
    "sender": 2,
    "type": "system_update",
    "title": "Có thông báo nội bộ mới: Xin chào",
    "message": "<p>Chào</p>",
    "link": "/announcements",
    "is_read": false,
    "created_at": "2026-07-22T15:46:34.223Z"
  }
},
{
  "model": "notifications.notification",
  "pk": 366,
  "fields": {
    "company": 15,
    "recipient": 9,
    "sender": 2,
    "type": "system_update",
    "title": "Có thông báo nội bộ mới: Xin chào",
    "message": "<p>Chào</p>",
    "link": "/announcements",
    "is_read": false,
    "created_at": "2026-07-22T15:46:34.223Z"
  }
},
{
  "model": "notifications.notification",
  "pk": 367,
  "fields": {
    "company": 15,
    "recipient": 3,
    "sender": 2,
    "type": "system_update",
    "title": "Có thông báo nội bộ mới: Nội quy công ty",
    "message": "<p>Sửa nội quy công ty</p>",
    "link": "/announcements",
    "is_read": false,
    "created_at": "2026-07-22T16:19:29.676Z"
  }
},
{
  "model": "notifications.notification",
  "pk": 368,
  "fields": {
    "company": 15,
    "recipient": 4,
    "sender": 2,
    "type": "system_update",
    "title": "Có thông báo nội bộ mới: Nội quy công ty",
    "message": "<p>Sửa nội quy công ty</p>",
    "link": "/announcements",
    "is_read": false,
    "created_at": "2026-07-22T16:19:29.676Z"
  }
},
{
  "model": "notifications.notification",
  "pk": 369,
  "fields": {
    "company": 15,
    "recipient": 5,
    "sender": 2,
    "type": "system_update",
    "title": "Có thông báo nội bộ mới: Nội quy công ty",
    "message": "<p>Sửa nội quy công ty</p>",
    "link": "/announcements",
    "is_read": true,
    "created_at": "2026-07-22T16:19:29.676Z"
  }
},
{
  "model": "notifications.notification",
  "pk": 370,
  "fields": {
    "company": 15,
    "recipient": 6,
    "sender": 2,
    "type": "system_update",
    "title": "Có thông báo nội bộ mới: Nội quy công ty",
    "message": "<p>Sửa nội quy công ty</p>",
    "link": "/announcements",
    "is_read": true,
    "created_at": "2026-07-22T16:19:29.676Z"
  }
},
{
  "model": "notifications.notification",
  "pk": 371,
  "fields": {
    "company": 15,
    "recipient": 7,
    "sender": 2,
    "type": "system_update",
    "title": "Có thông báo nội bộ mới: Nội quy công ty",
    "message": "<p>Sửa nội quy công ty</p>",
    "link": "/announcements",
    "is_read": false,
    "created_at": "2026-07-22T16:19:29.676Z"
  }
},
{
  "model": "notifications.notification",
  "pk": 372,
  "fields": {
    "company": 15,
    "recipient": 8,
    "sender": 2,
    "type": "system_update",
    "title": "Có thông báo nội bộ mới: Nội quy công ty",
    "message": "<p>Sửa nội quy công ty</p>",
    "link": "/announcements",
    "is_read": false,
    "created_at": "2026-07-22T16:19:29.676Z"
  }
},
{
  "model": "notifications.notification",
  "pk": 373,
  "fields": {
    "company": 15,
    "recipient": 9,
    "sender": 2,
    "type": "system_update",
    "title": "Có thông báo nội bộ mới: Nội quy công ty",
    "message": "<p>Sửa nội quy công ty</p>",
    "link": "/announcements",
    "is_read": false,
    "created_at": "2026-07-22T16:19:29.676Z"
  }
},
{
  "model": "notifications.notification",
  "pk": 374,
  "fields": {
    "company": 15,
    "recipient": 4,
    "sender": 2,
    "type": "crm_assigned",
    "title": "Bạn có khách hàng mới được phân công",
    "message": "Khách hàng Chị Huế (0989198265) đã được phân công cho bạn.",
    "link": "/customers/28",
    "is_read": false,
    "created_at": "2026-07-23T16:51:51.819Z"
  }
},
{
  "model": "notifications.notification",
  "pk": 375,
  "fields": {
    "company": 15,
    "recipient": 5,
    "sender": 2,
    "type": "crm_assigned",
    "title": "Bạn có khách hàng mới được phân công",
    "message": "Khách hàng Chị Huế (0989198265) đã được phân công cho bạn.",
    "link": "/customers/28",
    "is_read": true,
    "created_at": "2026-07-23T16:52:29.464Z"
  }
},
{
  "model": "notifications.notification",
  "pk": 376,
  "fields": {
    "company": 15,
    "recipient": 3,
    "sender": 2,
    "type": "order_new",
    "title": "Đơn hàng mới cần duyệt",
    "message": "Đơn hàng FUJI-DH-24072026-001 của khách Anh Tuyền đang chờ duyệt.",
    "link": "/orders/12",
    "is_read": false,
    "created_at": "2026-07-24T02:13:40.508Z"
  }
},
{
  "model": "notifications.notification",
  "pk": 377,
  "fields": {
    "company": 15,
    "recipient": 4,
    "sender": 2,
    "type": "order_new",
    "title": "Đơn hàng mới cần duyệt",
    "message": "Đơn hàng FUJI-DH-24072026-001 của khách Anh Tuyền đang chờ duyệt.",
    "link": "/orders/12",
    "is_read": false,
    "created_at": "2026-07-24T02:13:40.587Z"
  }
},
{
  "model": "notifications.notification",
  "pk": 378,
  "fields": {
    "company": 15,
    "recipient": 3,
    "sender": 2,
    "type": "order_new",
    "title": "Đơn hàng mới cần duyệt",
    "message": "Đơn hàng FUJI-DH-24072026-002 của khách Chị Huế đang chờ duyệt.",
    "link": "/orders/13",
    "is_read": false,
    "created_at": "2026-07-24T02:19:28.329Z"
  }
},
{
  "model": "notifications.notification",
  "pk": 379,
  "fields": {
    "company": 15,
    "recipient": 4,
    "sender": 2,
    "type": "order_new",
    "title": "Đơn hàng mới cần duyệt",
    "message": "Đơn hàng FUJI-DH-24072026-002 của khách Chị Huế đang chờ duyệt.",
    "link": "/orders/13",
    "is_read": false,
    "created_at": "2026-07-24T02:19:28.374Z"
  }
},
{
  "model": "notifications.notification",
  "pk": 380,
  "fields": {
    "company": 15,
    "recipient": 6,
    "sender": 2,
    "type": "crm_assigned",
    "title": "Bạn có khách hàng mới được phân công",
    "message": "Khách hàng Lê Đình Khánh (0988565232) đã được phân công cho bạn.",
    "link": "/customers/29",
    "is_read": true,
    "created_at": "2026-07-24T02:57:04.627Z"
  }
},
{
  "model": "notifications.notification",
  "pk": 381,
  "fields": {
    "company": 15,
    "recipient": 2,
    "sender": 6,
    "type": "order_new",
    "title": "Đơn hàng mới cần duyệt",
    "message": "Đơn hàng FUJI-DH-24072026-003 của khách Lê Đình Khánh đang chờ duyệt.",
    "link": "/orders/14",
    "is_read": true,
    "created_at": "2026-07-24T02:58:18.793Z"
  }
},
{
  "model": "notifications.notification",
  "pk": 382,
  "fields": {
    "company": 15,
    "recipient": 3,
    "sender": 6,
    "type": "order_new",
    "title": "Đơn hàng mới cần duyệt",
    "message": "Đơn hàng FUJI-DH-24072026-003 của khách Lê Đình Khánh đang chờ duyệt.",
    "link": "/orders/14",
    "is_read": false,
    "created_at": "2026-07-24T02:58:18.821Z"
  }
},
{
  "model": "notifications.notification",
  "pk": 383,
  "fields": {
    "company": 15,
    "recipient": 4,
    "sender": 6,
    "type": "order_new",
    "title": "Đơn hàng mới cần duyệt",
    "message": "Đơn hàng FUJI-DH-24072026-003 của khách Lê Đình Khánh đang chờ duyệt.",
    "link": "/orders/14",
    "is_read": false,
    "created_at": "2026-07-24T02:58:18.872Z"
  }
},
{
  "model": "notifications.notification",
  "pk": 384,
  "fields": {
    "company": 15,
    "recipient": 6,
    "sender": 2,
    "type": "approval",
    "title": "Yêu cầu Phê duyệt Đơn hàng FUJI-DH-24072026-003 đã được duyệt",
    "message": "Giám đốc đã phê duyệt yêu cầu của bạn.",
    "link": "/approvals",
    "is_read": true,
    "created_at": "2026-07-24T02:59:10.584Z"
  }
},
{
  "model": "notifications.notification",
  "pk": 385,
  "fields": {
    "company": 15,
    "recipient": 4,
    "sender": null,
    "type": "crm_assigned",
    "title": "Bạn có khách hàng mới được phân công",
    "message": "Khách hàng Nguyễn Test Webhook Lần 2 (0999888777) đã được phân công cho bạn.",
    "link": "/customers/32",
    "is_read": false,
    "created_at": "2026-07-24T05:54:10.493Z"
  }
},
{
  "model": "notifications.notification",
  "pk": 386,
  "fields": {
    "company": 15,
    "recipient": 4,
    "sender": null,
    "type": "crm_assigned",
    "title": "Bạn có khách hàng mới được phân công",
    "message": "Khách hàng Nguyễn Test Lần 3 (0912111333) đã được phân công cho bạn.",
    "link": "/customers/33",
    "is_read": false,
    "created_at": "2026-07-24T06:01:29.550Z"
  }
},
{
  "model": "notifications.notification",
  "pk": 387,
  "fields": {
    "company": 15,
    "recipient": 4,
    "sender": 2,
    "type": "crm_assigned",
    "title": "Bạn có khách hàng mới được phân công",
    "message": "Khách hàng Lê Thắm (0327562123) đã được phân công cho bạn.",
    "link": "/customers/36",
    "is_read": false,
    "created_at": "2026-07-24T08:07:04.380Z"
  }
},
{
  "model": "notifications.notification",
  "pk": 388,
  "fields": {
    "company": 15,
    "recipient": 3,
    "sender": 2,
    "type": "crm_assigned",
    "title": "Bạn có khách hàng mới được phân công",
    "message": "Khách hàng Nguyễn Thuý (0932562142) đã được phân công cho bạn.",
    "link": "/customers/35",
    "is_read": false,
    "created_at": "2026-07-24T08:07:04.478Z"
  }
},
{
  "model": "notifications.internalannouncement",
  "pk": 4,
  "fields": {
    "company": 15,
    "title": "Xin chào các bạn",
    "content": "<p>Chào</p>",
    "created_by": 2,
    "is_all_company": true,
    "priority": "high",
    "category": null,
    "is_pinned": true,
    "created_at": "2026-07-22T15:46:34.114Z",
    "departments": [],
    "target_users": []
  }
},
{
  "model": "notifications.internalannouncement",
  "pk": 5,
  "fields": {
    "company": 15,
    "title": "Nội quy công ty",
    "content": "<p>Sửa nội quy công ty</p>",
    "created_by": 2,
    "is_all_company": true,
    "priority": "normal",
    "category": "Nội quy công ty",
    "is_pinned": false,
    "created_at": "2026-07-22T16:19:29.659Z",
    "departments": [],
    "target_users": []
  }
},
{
  "model": "notifications.announcementattachment",
  "pk": 3,
  "fields": {
    "announcement": 4,
    "file": "announcements/Sửa.docx",
    "file_name": "Sửa.docx",
    "file_size": 18522,
    "created_at": "2026-07-22T15:46:34.209Z"
  }
},
{
  "model": "notifications.announcementread",
  "pk": 4,
  "fields": {
    "announcement": 4,
    "user": 2,
    "read_at": "2026-07-22T15:46:41.461Z"
  }
},
{
  "model": "notifications.announcementread",
  "pk": 5,
  "fields": {
    "announcement": 4,
    "user": 5,
    "read_at": "2026-07-22T16:01:54.898Z"
  }
},
{
  "model": "notifications.announcementread",
  "pk": 8,
  "fields": {
    "announcement": 5,
    "user": 2,
    "read_at": "2026-07-22T16:20:01.630Z"
  }
},
{
  "model": "notifications.announcementread",
  "pk": 9,
  "fields": {
    "announcement": 5,
    "user": 5,
    "read_at": "2026-07-23T15:49:12.372Z"
  }
},
{
  "model": "notifications.announcementread",
  "pk": 10,
  "fields": {
    "announcement": 4,
    "user": 6,
    "read_at": "2026-07-24T02:36:05.842Z"
  }
},
{
  "model": "notifications.announcementread",
  "pk": 11,
  "fields": {
    "announcement": 5,
    "user": 6,
    "read_at": "2026-07-24T02:36:07.619Z"
  }
},
{
  "model": "approvals.approvalrequest",
  "pk": 97,
  "fields": {
    "company": 15,
    "content_type": 22,
    "object_id": 57,
    "requester": 2,
    "title": "Phê duyệt Đơn hàng FUJI-DH-20260717-001",
    "description": "Đơn hàng FUJI-DH-20260717-001 — Khách hàng: Chị Huế",
    "status": "rejected",
    "created_at": "2026-07-17T10:15:42.390Z",
    "updated_at": "2026-07-20T16:29:17.470Z"
  }
},
{
  "model": "approvals.approvalrequest",
  "pk": 98,
  "fields": {
    "company": 15,
    "content_type": 22,
    "object_id": 58,
    "requester": 2,
    "title": "Phê duyệt Đơn hàng FUJI-DH-20260717-006",
    "description": "Đơn hàng FUJI-DH-20260717-006 — Khách hàng: Anh Tuyền",
    "status": "approved",
    "created_at": "2026-07-17T10:19:26.890Z",
    "updated_at": "2026-07-20T16:29:20.856Z"
  }
},
{
  "model": "approvals.approvalrequest",
  "pk": 105,
  "fields": {
    "company": 15,
    "content_type": 19,
    "object_id": 35,
    "requester": 5,
    "title": "Phê duyệt Báo giá FUJI-BG-20072026-002",
    "description": "Yêu cầu phê duyệt báo giá",
    "status": "approved",
    "created_at": "2026-07-20T16:44:47.299Z",
    "updated_at": "2026-07-20T16:44:55.809Z"
  }
},
{
  "model": "approvals.approvalrequest",
  "pk": 110,
  "fields": {
    "company": 15,
    "content_type": 22,
    "object_id": 7,
    "requester": 5,
    "title": "Phê duyệt Đơn hàng FUJI-DH-21072026-001",
    "description": "Đơn hàng FUJI-DH-21072026-001 — Khách hàng: Anh Tuyền",
    "status": "approved",
    "created_at": "2026-07-20T17:16:15.038Z",
    "updated_at": "2026-07-20T17:16:15.038Z"
  }
},
{
  "model": "approvals.approvalrequest",
  "pk": 111,
  "fields": {
    "company": 15,
    "content_type": 22,
    "object_id": 7,
    "requester": 5,
    "title": "Duyệt xuất kho nợ - FUJI-DH-21072026-001",
    "description": "Khách hàng Anh Tuyền còn nợ 9,500,000 đ. Trình duyệt xuất kho trước khi thu đủ tiền.",
    "status": "approved",
    "created_at": "2026-07-20T17:17:30.026Z",
    "updated_at": "2026-07-20T17:17:35.187Z"
  }
},
{
  "model": "approvals.approvalrequest",
  "pk": 115,
  "fields": {
    "company": 15,
    "content_type": 22,
    "object_id": 10,
    "requester": 5,
    "title": "Phê duyệt Đơn hàng FUJI-DH-21072026-004",
    "description": "Đơn hàng FUJI-DH-21072026-004 — Khách hàng: Chị Huế",
    "status": "rejected",
    "created_at": "2026-07-21T05:40:34.726Z",
    "updated_at": "2026-07-21T05:40:34.726Z"
  }
},
{
  "model": "approvals.approvalrequest",
  "pk": 116,
  "fields": {
    "company": 15,
    "content_type": 22,
    "object_id": 10,
    "requester": 5,
    "title": "Phê duyệt Đơn hàng FUJI-DH-21072026-004 (Cập nhật)",
    "description": "Đơn hàng FUJI-DH-21072026-004 — Khách hàng: Chị Huế",
    "status": "approved",
    "created_at": "2026-07-21T05:48:51.451Z",
    "updated_at": "2026-07-21T05:49:00.027Z"
  }
},
{
  "model": "approvals.approvalrequest",
  "pk": 117,
  "fields": {
    "company": 15,
    "content_type": 22,
    "object_id": 10,
    "requester": 5,
    "title": "Duyệt xuất kho nợ - FUJI-DH-21072026-004",
    "description": "Khách hàng Chị Huế còn nợ 19,500,000 đ. Trình duyệt xuất kho trước khi thu đủ tiền.",
    "status": "approved",
    "created_at": "2026-07-21T05:49:35.467Z",
    "updated_at": "2026-07-21T05:49:48.858Z"
  }
},
{
  "model": "approvals.approvalrequest",
  "pk": 118,
  "fields": {
    "company": 15,
    "content_type": 20,
    "object_id": 1,
    "requester": 5,
    "title": "Phê duyệt Báo giá FUJI-BG-22072026-001",
    "description": "Yêu cầu phê duyệt báo giá",
    "status": "approved",
    "created_at": "2026-07-22T03:53:05.435Z",
    "updated_at": "2026-07-22T03:53:22.795Z"
  }
},
{
  "model": "approvals.approvalrequest",
  "pk": 119,
  "fields": {
    "company": 15,
    "content_type": 23,
    "object_id": 11,
    "requester": 5,
    "title": "Phê duyệt Đơn hàng FUJI-DH-22072026-001",
    "description": "Đơn hàng FUJI-DH-22072026-001 — Khách hàng: Chị Huế",
    "status": "approved",
    "created_at": "2026-07-22T03:53:36.854Z",
    "updated_at": "2026-07-22T03:53:50.503Z"
  }
},
{
  "model": "approvals.approvalrequest",
  "pk": 120,
  "fields": {
    "company": 15,
    "content_type": 23,
    "object_id": 12,
    "requester": 2,
    "title": "Phê duyệt Đơn hàng FUJI-DH-24072026-001",
    "description": "Đơn hàng FUJI-DH-24072026-001 — Khách hàng: Anh Tuyền",
    "status": "approved",
    "created_at": "2026-07-24T02:13:40.669Z",
    "updated_at": "2026-07-24T02:13:40.669Z"
  }
},
{
  "model": "approvals.approvalrequest",
  "pk": 121,
  "fields": {
    "company": 15,
    "content_type": 23,
    "object_id": 13,
    "requester": 2,
    "title": "Phê duyệt Đơn hàng FUJI-DH-24072026-002",
    "description": "Đơn hàng FUJI-DH-24072026-002 — Khách hàng: Chị Huế",
    "status": "approved",
    "created_at": "2026-07-24T02:19:28.459Z",
    "updated_at": "2026-07-24T02:19:28.459Z"
  }
},
{
  "model": "approvals.approvalrequest",
  "pk": 122,
  "fields": {
    "company": 15,
    "content_type": 23,
    "object_id": 14,
    "requester": 6,
    "title": "Phê duyệt Đơn hàng FUJI-DH-24072026-003",
    "description": "Đơn hàng FUJI-DH-24072026-003 — Khách hàng: Lê Đình Khánh",
    "status": "approved",
    "created_at": "2026-07-24T02:58:18.955Z",
    "updated_at": "2026-07-24T02:59:10.443Z"
  }
},
{
  "model": "approvals.approvalstep",
  "pk": 96,
  "fields": {
    "request": 97,
    "step_order": 1,
    "approver_user": null,
    "approver_role": null,
    "acted_by": 2,
    "status": "rejected",
    "comment": "",
    "comments": "",
    "acted_at": "2026-07-20T16:29:17.465Z"
  }
},
{
  "model": "approvals.approvalstep",
  "pk": 97,
  "fields": {
    "request": 98,
    "step_order": 1,
    "approver_user": null,
    "approver_role": null,
    "acted_by": 2,
    "status": "approved",
    "comment": "",
    "comments": "",
    "acted_at": "2026-07-20T16:29:20.848Z"
  }
},
{
  "model": "approvals.approvalstep",
  "pk": 104,
  "fields": {
    "request": 105,
    "step_order": 1,
    "approver_user": 2,
    "approver_role": null,
    "acted_by": 2,
    "status": "approved",
    "comment": "",
    "comments": "",
    "acted_at": "2026-07-20T16:44:55.802Z"
  }
},
{
  "model": "approvals.approvalstep",
  "pk": 109,
  "fields": {
    "request": 110,
    "step_order": 1,
    "approver_user": null,
    "approver_role": null,
    "acted_by": 2,
    "status": "approved",
    "comment": "",
    "comments": "",
    "acted_at": null
  }
},
{
  "model": "approvals.approvalstep",
  "pk": 110,
  "fields": {
    "request": 111,
    "step_order": 1,
    "approver_user": 2,
    "approver_role": null,
    "acted_by": 2,
    "status": "approved",
    "comment": "",
    "comments": "",
    "acted_at": "2026-07-20T17:17:35.176Z"
  }
},
{
  "model": "approvals.approvalstep",
  "pk": 114,
  "fields": {
    "request": 115,
    "step_order": 1,
    "approver_user": null,
    "approver_role": null,
    "acted_by": 2,
    "status": "approved",
    "comment": "",
    "comments": "",
    "acted_at": null
  }
},
{
  "model": "approvals.approvalstep",
  "pk": 115,
  "fields": {
    "request": 116,
    "step_order": 1,
    "approver_user": null,
    "approver_role": null,
    "acted_by": 2,
    "status": "approved",
    "comment": "",
    "comments": "",
    "acted_at": "2026-07-21T05:49:00.003Z"
  }
},
{
  "model": "approvals.approvalstep",
  "pk": 116,
  "fields": {
    "request": 117,
    "step_order": 1,
    "approver_user": 2,
    "approver_role": null,
    "acted_by": 2,
    "status": "approved",
    "comment": "",
    "comments": "",
    "acted_at": "2026-07-21T05:49:48.842Z"
  }
},
{
  "model": "approvals.approvalstep",
  "pk": 117,
  "fields": {
    "request": 118,
    "step_order": 1,
    "approver_user": 2,
    "approver_role": null,
    "acted_by": 2,
    "status": "approved",
    "comment": "",
    "comments": "",
    "acted_at": "2026-07-22T03:53:22.778Z"
  }
},
{
  "model": "approvals.approvalstep",
  "pk": 118,
  "fields": {
    "request": 119,
    "step_order": 1,
    "approver_user": null,
    "approver_role": null,
    "acted_by": 2,
    "status": "approved",
    "comment": "",
    "comments": "",
    "acted_at": "2026-07-22T03:53:50.492Z"
  }
},
{
  "model": "approvals.approvalstep",
  "pk": 119,
  "fields": {
    "request": 120,
    "step_order": 1,
    "approver_user": null,
    "approver_role": null,
    "acted_by": 2,
    "status": "approved",
    "comment": "",
    "comments": "",
    "acted_at": null
  }
},
{
  "model": "approvals.approvalstep",
  "pk": 120,
  "fields": {
    "request": 121,
    "step_order": 1,
    "approver_user": null,
    "approver_role": null,
    "acted_by": 2,
    "status": "approved",
    "comment": "",
    "comments": "",
    "acted_at": null
  }
},
{
  "model": "approvals.approvalstep",
  "pk": 121,
  "fields": {
    "request": 122,
    "step_order": 1,
    "approver_user": null,
    "approver_role": null,
    "acted_by": 2,
    "status": "approved",
    "comment": "",
    "comments": "",
    "acted_at": "2026-07-24T02:59:10.415Z"
  }
},
{
  "model": "finance.orderpaymentmilestone",
  "pk": 28,
  "fields": {
    "company": 15,
    "order": 11,
    "milestone_type": "deposit",
    "title": "Thanh toán đợt 1",
    "percentage": "100.00",
    "amount": "17300000.00",
    "paid_amount": "17300000.00",
    "status": "paid",
    "due_date": null,
    "note": "",
    "created_at": "2026-07-22T03:53:50.678Z",
    "updated_at": "2026-07-24T02:11:07.213Z"
  }
},
{
  "model": "finance.orderpaymentmilestone",
  "pk": 30,
  "fields": {
    "company": 15,
    "order": 12,
    "milestone_type": "deposit",
    "title": "Thanh toán đợt 1",
    "percentage": "100.00",
    "amount": "23400000.00",
    "paid_amount": "0.00",
    "status": "pending",
    "due_date": null,
    "note": "",
    "created_at": "2026-07-24T02:17:29.392Z",
    "updated_at": "2026-07-24T02:17:29.392Z"
  }
},
{
  "model": "finance.orderpaymentmilestone",
  "pk": 33,
  "fields": {
    "company": 15,
    "order": 13,
    "milestone_type": "deposit",
    "title": "Thanh toán đợt 1",
    "percentage": "50.00",
    "amount": "17500000.00",
    "paid_amount": "0.00",
    "status": "pending",
    "due_date": null,
    "note": "",
    "created_at": "2026-07-24T02:19:44.272Z",
    "updated_at": "2026-07-24T02:19:44.272Z"
  }
},
{
  "model": "finance.orderpaymentmilestone",
  "pk": 34,
  "fields": {
    "company": 15,
    "order": 13,
    "milestone_type": "after_delivery",
    "title": "Thanh toán đợt 1",
    "percentage": "50.00",
    "amount": "17500000.00",
    "paid_amount": "0.00",
    "status": "pending",
    "due_date": null,
    "note": "",
    "created_at": "2026-07-24T02:19:44.278Z",
    "updated_at": "2026-07-24T02:19:44.278Z"
  }
},
{
  "model": "finance.orderpaymentmilestone",
  "pk": 35,
  "fields": {
    "company": 15,
    "order": 14,
    "milestone_type": "deposit",
    "title": "Thanh toán đợt 1",
    "percentage": "100.00",
    "amount": "39060000.00",
    "paid_amount": "39060000.00",
    "status": "paid",
    "due_date": null,
    "note": "",
    "created_at": "2026-07-24T02:58:18.904Z",
    "updated_at": "2026-07-24T02:59:42.873Z"
  }
},
{
  "model": "finance.paymentreceipt",
  "pk": 1,
  "fields": {
    "company": 15,
    "receipt_code": "FUJI-PT-24072026-001",
    "order": 11,
    "milestone": 28,
    "amount": "17300000.00",
    "payment_method": "transfer",
    "payment_date": "2026-07-24",
    "reference_code": "",
    "note": "Thanh toán Thanh toán đợt 1 - Đơn hàng FUJI-DH-22072026-001",
    "created_by": 2,
    "attachments": [],
    "created_at": "2026-07-24T02:11:06.451Z"
  }
},
{
  "model": "finance.paymentreceipt",
  "pk": 3,
  "fields": {
    "company": 15,
    "receipt_code": "FUJI-PT-24072026-003",
    "order": 14,
    "milestone": 35,
    "amount": "39060000.00",
    "payment_method": "transfer",
    "payment_date": "2026-07-24",
    "reference_code": "",
    "note": "Thanh toán Thanh toán đợt 1 - Đơn hàng FUJI-DH-24072026-003",
    "created_by": 6,
    "attachments": [
      "http://localhost:8000/media/uploads/36f1f84b4917459790ab1a035730d8ae.jpg"
    ],
    "created_at": "2026-07-24T02:59:42.717Z"
  }
},
{
  "model": "delivery.deliveryorder",
  "pk": 1,
  "fields": {
    "company": 15,
    "order": 11,
    "delivery_code": "FUJI-GH-22072026-001",
    "status": "delivered",
    "shipper_name": "",
    "shipper_phone": "",
    "shipper_user": null,
    "shipping_address": "220 Định Công Thượng, Phường Định Công",
    "expected_date": null,
    "actual_date": "2026-07-24",
    "notes": "",
    "created_at": "2026-07-24T02:11:43.602Z",
    "updated_at": "2026-07-24T02:11:47.818Z"
  }
},
{
  "model": "delivery.deliveryorder",
  "pk": 2,
  "fields": {
    "company": 15,
    "order": 14,
    "delivery_code": "FUJI-GH-24072026-003",
    "status": "delivered",
    "shipper_name": "",
    "shipper_phone": "",
    "shipper_user": null,
    "shipping_address": "Xóm 4",
    "expected_date": null,
    "actual_date": "2026-07-24",
    "notes": "",
    "created_at": "2026-07-24T04:13:24.611Z",
    "updated_at": "2026-07-24T04:13:27.909Z"
  }
},
{
  "model": "delivery.warrantycard",
  "pk": 1,
  "fields": {
    "company": 15,
    "order": 11,
    "customer": 28,
    "warranty_code": "FUJI-BH-22072026-001",
    "status": "active",
    "start_date": "2026-07-24",
    "end_date": "2027-07-24",
    "terms": "Bảo hành 12 tháng kể từ ngày giao hàng.",
    "warranty_content": "Thực hiện bảo hành công trình khi sử dụng sản phẩm Cửa Composite Fujitech Group\n\nChính sách bảo hành \n Bộ cửa Composite (khung, cánh, phào, gioăng): Bảo hành 36 tháng. \nPhụ kiện Fujitech Look (khóa, bản lề...): Bảo hành 12 tháng. \nLưu ý: \nThời gian bảo hành được tính bắt đầu từ ngày hàng hóa được giao đến khách hàng căn cứ vào phiếu xuất kho của nhà máy\nThời gian xem xét nguyên nhân và gửi thông báo cách xử lý, khắc phục tới khách hàng từ 3-7 ngày kể từ ngày nhận được yêu cầu bảo hành.\nĐối với những sản phẩm hư hỏng do nguyên nhân từ phía nhà máy sản xuất, khách hàng sẽ được cung cấp/thay thế sản phẩm mới hoặc sửa chữa miễn phí.\nTrường hợp hư hỏng do lỗi sử dụng của khách hàng, Fujitech Door sẽ sửa chữa bảo hành tính phí với mức chi phí hữu nghị.",
    "warranty_rules": "1. Trường hợp được bảo hành \n1) Sản phẩm còn trong thời hạn bảo hành. \n2) Có phiếu bảo hành đầy đủ thông tin (mã sản phẩm, ngày mua, thông tin khách hàng). \n3) Sản phẩm được lắp đặt đúng quy chuẩn ban đầu.\n\n2. Các trường hợp không bảo hành:\n1) Lỗi sản phẩm phát sinh do khách hàng lắp đặt và sử dụng không theo chỉ dẫn. \n2) Sản phẩm sử dụng trong môi trường tiếp xúc nhiều với hóa chất tẩy rửa mạnh hoặc quá trình sử dụng không đúng cách \n3) Chịu ảnh hưởng bởi ánh nắng mặt trời trực tiếp.\n4) Sản phẩm bị hỏng do tác động của lực cơ học, bề mặt cửa bị trầy xước, bong tróc do vật sắc nhọn va quệt.\n5) Sản phẩm bị hư hỏng do thiên tai, hỏa hoạn.\n6) Sản phẩm lắp đặt sai quy cách do không phải trực tiếp Fujitech lắp đặt\n7) Màu sắc sản phẩm thay đổi nhẹ theo thời gian do điều kiện môi trường và quá trình sử dụng tự nhiên.\n8) Nguyên nhân khác mà không phải lỗi của nhà sản xuất..",
    "created_at": "2026-07-24T02:11:47.827Z",
    "updated_at": "2026-07-24T02:11:47.827Z"
  }
},
{
  "model": "delivery.warrantycard",
  "pk": 2,
  "fields": {
    "company": 15,
    "order": 14,
    "customer": 29,
    "warranty_code": "FUJI-BH-24072026-003",
    "status": "active",
    "start_date": "2026-07-24",
    "end_date": "2027-07-24",
    "terms": "Bảo hành 12 tháng kể từ ngày giao hàng.",
    "warranty_content": "Thực hiện bảo hành công trình khi sử dụng sản phẩm Cửa Composite Fujitech Group\n\nChính sách bảo hành \n Bộ cửa Composite (khung, cánh, phào, gioăng): Bảo hành 36 tháng. \nPhụ kiện Fujitech Look (khóa, bản lề...): Bảo hành 12 tháng. \nLưu ý: \nThời gian bảo hành được tính bắt đầu từ ngày hàng hóa được giao đến khách hàng căn cứ vào phiếu xuất kho của nhà máy\nThời gian xem xét nguyên nhân và gửi thông báo cách xử lý, khắc phục tới khách hàng từ 3-7 ngày kể từ ngày nhận được yêu cầu bảo hành.\nĐối với những sản phẩm hư hỏng do nguyên nhân từ phía nhà máy sản xuất, khách hàng sẽ được cung cấp/thay thế sản phẩm mới hoặc sửa chữa miễn phí.\nTrường hợp hư hỏng do lỗi sử dụng của khách hàng, Fujitech Door sẽ sửa chữa bảo hành tính phí với mức chi phí hữu nghị.",
    "warranty_rules": "1. Trường hợp được bảo hành \n1) Sản phẩm còn trong thời hạn bảo hành. \n2) Có phiếu bảo hành đầy đủ thông tin (mã sản phẩm, ngày mua, thông tin khách hàng). \n3) Sản phẩm được lắp đặt đúng quy chuẩn ban đầu.\n\n2. Các trường hợp không bảo hành:\n1) Lỗi sản phẩm phát sinh do khách hàng lắp đặt và sử dụng không theo chỉ dẫn. \n2) Sản phẩm sử dụng trong môi trường tiếp xúc nhiều với hóa chất tẩy rửa mạnh hoặc quá trình sử dụng không đúng cách \n3) Chịu ảnh hưởng bởi ánh nắng mặt trời trực tiếp.\n4) Sản phẩm bị hỏng do tác động của lực cơ học, bề mặt cửa bị trầy xước, bong tróc do vật sắc nhọn va quệt.\n5) Sản phẩm bị hư hỏng do thiên tai, hỏa hoạn.\n6) Sản phẩm lắp đặt sai quy cách do không phải trực tiếp Fujitech lắp đặt\n7) Màu sắc sản phẩm thay đổi nhẹ theo thời gian do điều kiện môi trường và quá trình sử dụng tự nhiên.\n8) Nguyên nhân khác mà không phải lỗi của nhà sản xuất..",
    "created_at": "2026-07-24T04:13:27.925Z",
    "updated_at": "2026-07-24T04:13:27.925Z"
  }
},
{
  "model": "zalo_integration.zalooaconfig",
  "pk": 1,
  "fields": {
    "company": 15,
    "oa_name": "Bất động sản Minh Phúc",
    "use_system_config": true,
    "ai_agent": null,
    "app_id": "",
    "secret_key": "",
    "oa_id": "1164593518856973451",
    "access_token": "lne1MCnr2NYr5m1Jn7K9TxOI1bVFQsugvL0YSVHpIWp1Ra8iid0nSCjtGm2xIauhYKyPMuPH5YU_TqjkkcSzAfHRD0pZFK9tv3bB0C5TEdJZF61KrGmETyKUJpFsUqPkn7zC7z9cHJNUP4fM_rH5F-Tb3s3h2deuaoGUMPKcRtoaE042a1jfJhqL6nN4SN1M_duWCTTdIXJjV0jDx4nZBUHF4mlBVnbX_ciKHkr5Vot-M25mwbTAL-9aN2V5P2rZy6PEA8D7JMEFT2K0YbDQUljR55oEQna_cMnzUvXM3GogOdTkfrm869O_Pa6_03mck0LnOReW7m2g6cDBaZaI6fqwVq6IFG82vm59MSaqGYddMnftvaON0E5vOM7aO6rAw6zXEkHq6MkHObWqi5OMSQDKVbEsMdSEKq1NEnFBOmv-",
    "refresh_token": "hZn9UsJ0NHcaCKXmRC1T5gSqJdHdtWzBh2DOM2Qm1qFeGn5eG_DEN_G0ELnAfq5gwGu1LsMiKcdq3H19F_1EN_TTMcj0tpnhZrWjLG_VRcowSHvBDSLuJQT804O4eKnsY28wTqAENWlJAq0kJAut8ErVQG0jqtmVvI8vBrAaK3JHCJq_SSTIAiD1CHbk_58DyMuj46RII2NkKZSzMjbS9DLoJK13vITdr6Gt0MwJG17V5GaC7evf5u41A7GKhauHd0WjS22yHMUT03O15gj1F9LT2ma6pNuvot4E1n_xVpArIcnM9E8gQgnMM584_4rwYa0dHHVUPbAfBHLrAQC2NgXNI3qPva8sf78E00_bRWQ6MGWREVX57graCIGkxaGcad8F0rlaG7_OI21MJlnbTLVvn2THOzPQ7m",
    "token_expires_at": "2026-07-17T10:43:37.453Z",
    "webhook_secret": "",
    "auto_send_payment_zns": true,
    "auto_send_delivery_zns": true,
    "auto_send_birthday_zns": true,
    "auto_create_customer_from_phone": true,
    "lead_cleanup_days": 30,
    "request_phone_template": "Vui lòng chia sẻ số điện thoại để chúng tôi có thể liên hệ hỗ trợ tốt nhất.",
    "request_email_template": "Xin chào quý khách! Để thuận tiện gửi thông tin và tài liệu, xin vui lòng chia sẻ địa chỉ Email của quý khách tại đây ạ.",
    "is_active": true,
    "created_at": "2026-07-14T02:32:51.927Z",
    "updated_at": "2026-07-20T08:36:52.215Z"
  }
},
{
  "model": "zalo_integration.zalooaconfig",
  "pk": 7,
  "fields": {
    "company": 15,
    "oa_name": "Nội thất Mộc Lê Gia",
    "use_system_config": true,
    "ai_agent": null,
    "app_id": "",
    "secret_key": "",
    "oa_id": "4375101215417069625",
    "access_token": "LZAtO-ruG4jSFxPevNX0H5ywi6pkPXa75cogR-fjAXOxHQzw-N0j239HsbUAOaHqUqVV0BT-VdPcMznPj64jCrGbstUm55aLR5R9Q95JV0HxUSXxi6TjAa1Sqm2QQqLlHtIrCU9AC44RJy4mm59WUouPq1FC2anHD4_o1kPLPaGnSfORxqC3GozwYNNeIoi89tgE9DbAEtOOQeWU_s03DZahy7peDWCB4Hs0AAaxB79s6vydnXWYSdWUlrh7LJ0i3cEcTUDXBnauGPnuw7ixKWOzamxD621a2mQH7TLD6tGrV8uxYs80Is93ypMvS6reTrJ04BTtI3q8JzjansvcC7vbsnwVO6LXU5hAIvnUJ1nuSzfikcXF6r0tsskw7serNo3MNB4DSIXi9i05hJLNLcOWyXwN8sH0MnBZ78Xon1lgRaTD",
    "refresh_token": "NyqOGL1GpXvLm1bAM53E4LR57qvJJgbk8hacRtXciqizYn5EI6svQIwi5NOhKuXUKy4vI1fJxcbvWNX34M_iPbg_GrelTSTIHhnXOJOhtdH0stTW92lhVIwyL7GYSD8kHEmFDqe6im4Ea6OiVGFjENRMIn012zfELUPPVGGvoN1jnHzA73AU5LZOAH014Ae6MjnuBruozWWpmqimFrVMA36OUprOLUip59DQA71vadnxkpftAK-7KIA20r5eVxnIUQqQQ1zgbJLX_IKMEnkoAp3rBX5K7QyH4VeLCdiNmJ0exLm4R2VS4G_n0HOUOv0vRuuI3GPYeWbRlmm8KLIx9G-YBYr5G_ecFQTjEqTDsZWZabObR07o82NcLXjV4lmU6j1eEHO2m1nuud429Ggc7MxR5oOyfULiLqR960",
    "token_expires_at": "2026-07-17T07:32:03.703Z",
    "webhook_secret": "",
    "auto_send_payment_zns": false,
    "auto_send_delivery_zns": false,
    "auto_send_birthday_zns": false,
    "auto_create_customer_from_phone": false,
    "lead_cleanup_days": 30,
    "request_phone_template": "Vui lòng chia sẻ số điện thoại để chúng tôi có thể liên hệ hỗ trợ tốt nhất.",
    "request_email_template": "Xin chào quý khách! Để thuận tiện gửi thông tin và tài liệu, xin vui lòng chia sẻ địa chỉ Email của quý khách tại đây ạ.",
    "is_active": true,
    "created_at": "2026-07-14T03:41:37.660Z",
    "updated_at": "2026-07-16T06:32:03.703Z"
  }
},
{
  "model": "zalo_integration.sociallead",
  "pk": 11,
  "fields": {
    "company": 15,
    "oa_config": 1,
    "platform": "zalo",
    "social_id": "2913065542086180463",
    "display_name": "",
    "avatar_url": null,
    "last_message": "0967234517",
    "last_interaction_date": "2026-07-16T07:10:53.665Z",
    "status": "chatting",
    "has_unread_message": false,
    "is_ai_active": true,
    "unread_count": 0,
    "detected_phone": "0967234517",
    "detected_email": null,
    "detected_address": null,
    "is_customer_converted": false,
    "is_starred": true,
    "assigned_to": null,
    "notes": "",
    "created_at": "2026-07-16T05:52:17.256Z",
    "updated_at": "2026-07-16T07:10:53.694Z",
    "tags": [
      1
    ]
  }
},
{
  "model": "zalo_integration.zalomessagetemplate",
  "pk": 1,
  "fields": {
    "company": 15,
    "name": "Birthday Template",
    "zalo_template_id": "demo_123",
    "template_type": "birthday",
    "content_preview": "",
    "params_schema": {},
    "is_active": true,
    "created_at": "2026-07-20T08:33:38.177Z",
    "updated_at": "2026-07-20T08:36:52.237Z"
  }
},
{
  "model": "zalo_integration.zalomessagetemplate",
  "pk": 2,
  "fields": {
    "company": 15,
    "name": "Care Template",
    "zalo_template_id": "demo_care_123",
    "template_type": "care",
    "content_preview": "",
    "params_schema": {},
    "is_active": true,
    "created_at": "2026-07-20T08:33:38.392Z",
    "updated_at": "2026-07-20T08:36:52.264Z"
  }
},
{
  "model": "zalo_integration.zalomessagetemplate",
  "pk": 3,
  "fields": {
    "company": 15,
    "name": "Warranty Template",
    "zalo_template_id": "demo_warr_123",
    "template_type": "delivery_warranty",
    "content_preview": "",
    "params_schema": {},
    "is_active": true,
    "created_at": "2026-07-20T08:33:38.421Z",
    "updated_at": "2026-07-20T08:36:52.278Z"
  }
},
{
  "model": "zalo_integration.zalomessagelog",
  "pk": 2,
  "fields": {
    "company": 15,
    "template": 1,
    "social_lead": null,
    "customer": null,
    "sent_by": null,
    "recipient_phone": "0999888777",
    "recipient_zalo_id": "",
    "params_sent": {
      "customer_name": "Test KH Auto ZNS"
    },
    "status": "sent",
    "zalo_msg_id": "demo_zns_dc09c6fb",
    "error_message": "💡 [Chế độ thử nghiệm]: Zalo OA chưa cấu hình App ID thật hoặc Mẫu ZNS đang là ID Demo. Tin nhắn đã được lưu lại để kiểm thử.",
    "sent_at": "2026-07-20T08:36:52.994Z"
  }
},
{
  "model": "zalo_integration.zalomessagelog",
  "pk": 3,
  "fields": {
    "company": 15,
    "template": 2,
    "social_lead": null,
    "customer": null,
    "sent_by": null,
    "recipient_phone": "0999888777",
    "recipient_zalo_id": "",
    "params_sent": {
      "amount": "500000",
      "receipt_code": "PT-TEST-d922e9",
      "customer_name": "Test KH Auto ZNS"
    },
    "status": "sent",
    "zalo_msg_id": "demo_zns_e6612471",
    "error_message": "💡 [Chế độ thử nghiệm]: Zalo OA chưa cấu hình App ID thật hoặc Mẫu ZNS đang là ID Demo. Tin nhắn đã được lưu lại để kiểm thử.",
    "sent_at": "2026-07-20T08:36:53.137Z"
  }
},
{
  "model": "zalo_integration.zalomessagelog",
  "pk": 4,
  "fields": {
    "company": 15,
    "template": 2,
    "social_lead": null,
    "customer": null,
    "sent_by": null,
    "recipient_phone": "0999888777",
    "recipient_zalo_id": "",
    "params_sent": {
      "order_number": "ORD-TEST-daf6bc",
      "customer_name": "Test KH Auto ZNS",
      "warranty_link": "https://system.yourdomain.com/warranty/ORD-TEST-daf6bc"
    },
    "status": "sent",
    "zalo_msg_id": "demo_zns_92124d82",
    "error_message": "💡 [Chế độ thử nghiệm]: Zalo OA chưa cấu hình App ID thật hoặc Mẫu ZNS đang là ID Demo. Tin nhắn đã được lưu lại để kiểm thử.",
    "sent_at": "2026-07-20T08:36:53.492Z"
  }
},
{
  "model": "zalo_integration.zalomessagelog",
  "pk": 5,
  "fields": {
    "company": 15,
    "template": 2,
    "social_lead": null,
    "customer": 28,
    "sent_by": null,
    "recipient_phone": "0989198265",
    "recipient_zalo_id": "",
    "params_sent": {
      "amount": "7800000.00",
      "receipt_code": "FUJI-PT-21072026-001",
      "customer_name": "Chị Huế"
    },
    "status": "pending",
    "zalo_msg_id": "",
    "error_message": "",
    "sent_at": "2026-07-21T05:23:36.990Z"
  }
},
{
  "model": "zalo_integration.zalomessagelog",
  "pk": 6,
  "fields": {
    "company": 15,
    "template": 2,
    "social_lead": null,
    "customer": 27,
    "sent_by": null,
    "recipient_phone": "0988565777",
    "recipient_zalo_id": "",
    "params_sent": {
      "order_number": "FUJI-DH-21072026-001",
      "customer_name": "Anh Tuyền",
      "warranty_link": "https://system.yourdomain.com/warranty/FUJI-DH-21072026-001"
    },
    "status": "pending",
    "zalo_msg_id": "",
    "error_message": "",
    "sent_at": "2026-07-21T15:11:17.705Z"
  }
},
{
  "model": "zalo_integration.zalomessagelog",
  "pk": 7,
  "fields": {
    "company": 15,
    "template": 2,
    "social_lead": null,
    "customer": 28,
    "sent_by": null,
    "recipient_phone": "0989198265",
    "recipient_zalo_id": "",
    "params_sent": {
      "order_number": "FUJI-DH-21072026-004",
      "customer_name": "Chị Huế",
      "warranty_link": "https://system.yourdomain.com/warranty/FUJI-DH-21072026-004"
    },
    "status": "pending",
    "zalo_msg_id": "",
    "error_message": "",
    "sent_at": "2026-07-21T16:33:10.567Z"
  }
},
{
  "model": "zalo_integration.zalomessagelog",
  "pk": 8,
  "fields": {
    "company": 15,
    "template": 2,
    "social_lead": null,
    "customer": 28,
    "sent_by": null,
    "recipient_phone": "0989198265",
    "recipient_zalo_id": "",
    "params_sent": {
      "amount": "19500000.00",
      "receipt_code": "FUJI-PT-21072026-002",
      "customer_name": "Chị Huế"
    },
    "status": "pending",
    "zalo_msg_id": "",
    "error_message": "",
    "sent_at": "2026-07-21T16:34:01.995Z"
  }
},
{
  "model": "zalo_integration.zalomessagelog",
  "pk": 9,
  "fields": {
    "company": 15,
    "template": 2,
    "social_lead": null,
    "customer": 28,
    "sent_by": null,
    "recipient_phone": "0989198265",
    "recipient_zalo_id": "",
    "params_sent": {
      "amount": "17300000.00",
      "receipt_code": "FUJI-PT-24072026-001",
      "customer_name": "Chị Huế"
    },
    "status": "pending",
    "zalo_msg_id": "",
    "error_message": "",
    "sent_at": "2026-07-24T02:11:06.597Z"
  }
},
{
  "model": "zalo_integration.zalomessagelog",
  "pk": 10,
  "fields": {
    "company": 15,
    "template": 2,
    "social_lead": null,
    "customer": 28,
    "sent_by": null,
    "recipient_phone": "0989198265",
    "recipient_zalo_id": "",
    "params_sent": {
      "order_number": "FUJI-DH-22072026-001",
      "customer_name": "Chị Huế",
      "warranty_link": "https://system.yourdomain.com/warranty/FUJI-DH-22072026-001"
    },
    "status": "pending",
    "zalo_msg_id": "",
    "error_message": "",
    "sent_at": "2026-07-24T02:11:47.918Z"
  }
},
{
  "model": "zalo_integration.zalomessagelog",
  "pk": 11,
  "fields": {
    "company": 15,
    "template": 2,
    "social_lead": null,
    "customer": 29,
    "sent_by": null,
    "recipient_phone": "0988565232",
    "recipient_zalo_id": "",
    "params_sent": {
      "amount": "39060000.00",
      "receipt_code": "FUJI-PT-24072026-002",
      "customer_name": "Lê Đình Khánh"
    },
    "status": "pending",
    "zalo_msg_id": "",
    "error_message": "",
    "sent_at": "2026-07-24T02:58:32.588Z"
  }
},
{
  "model": "zalo_integration.zalomessagelog",
  "pk": 12,
  "fields": {
    "company": 15,
    "template": 2,
    "social_lead": null,
    "customer": 29,
    "sent_by": null,
    "recipient_phone": "0988565232",
    "recipient_zalo_id": "",
    "params_sent": {
      "amount": "39060000.00",
      "receipt_code": "FUJI-PT-24072026-003",
      "customer_name": "Lê Đình Khánh"
    },
    "status": "pending",
    "zalo_msg_id": "",
    "error_message": "",
    "sent_at": "2026-07-24T02:59:42.735Z"
  }
},
{
  "model": "zalo_integration.zalomessagelog",
  "pk": 13,
  "fields": {
    "company": 15,
    "template": 2,
    "social_lead": null,
    "customer": 29,
    "sent_by": null,
    "recipient_phone": "0988565232",
    "recipient_zalo_id": "",
    "params_sent": {
      "order_number": "FUJI-DH-24072026-003",
      "customer_name": "Lê Đình Khánh",
      "warranty_link": "https://system.yourdomain.com/warranty/FUJI-DH-24072026-003"
    },
    "status": "pending",
    "zalo_msg_id": "",
    "error_message": "",
    "sent_at": "2026-07-24T04:13:28.038Z"
  }
},
{
  "model": "zalo_integration.zalomessage",
  "pk": 16,
  "fields": {
    "company": 15,
    "social_lead": 11,
    "direction": "inbound",
    "content": "hi",
    "attachment_url": "",
    "attachment_type": "",
    "zalo_msg_id": "141131b95215ea4cb303",
    "sender_user": null,
    "created_at": "2026-07-16T05:52:17.485Z"
  }
},
{
  "model": "zalo_integration.zalomessage",
  "pk": 17,
  "fields": {
    "company": 15,
    "social_lead": 11,
    "direction": "inbound",
    "content": "chào",
    "attachment_url": "",
    "attachment_type": "",
    "zalo_msg_id": "9d0c66701ddca585fcca",
    "sender_user": null,
    "created_at": "2026-07-16T05:52:29.477Z"
  }
},
{
  "model": "zalo_integration.zalomessage",
  "pk": 18,
  "fields": {
    "company": 15,
    "social_lead": 11,
    "direction": "inbound",
    "content": "hãy tl",
    "attachment_url": "",
    "attachment_type": "",
    "zalo_msg_id": "74251e1238ab80f2d9bd",
    "sender_user": null,
    "created_at": "2026-07-16T07:06:38.259Z"
  }
},
{
  "model": "zalo_integration.zalomessage",
  "pk": 19,
  "fields": {
    "company": 15,
    "social_lead": 11,
    "direction": "inbound",
    "content": "0967234517",
    "attachment_url": "",
    "attachment_type": "",
    "zalo_msg_id": "f777c116b3a80bf152be",
    "sender_user": null,
    "created_at": "2026-07-16T07:10:53.727Z"
  }
},
{
  "model": "zalo_integration.zaloleadtag",
  "pk": 1,
  "fields": {
    "company": 15,
    "name": "Khách VIP",
    "color": "#f73b3b",
    "created_at": "2026-07-16T05:41:40.880Z"
  }
},
{
  "model": "zalo_integration.zaloleadnote",
  "pk": 1,
  "fields": {
    "lead": 11,
    "user": 6,
    "content": "Không có nội dung",
    "created_at": "2026-07-16T06:49:26.094Z"
  }
},
{
  "model": "zalo_integration.zaloquickreply",
  "pk": 1,
  "fields": {
    "company": 15,
    "shortcut": "/diachi",
    "title": "Xin địa chỉ",
    "content": "Địa chỉ nhà mình ở đâu?",
    "created_by": 2,
    "created_at": "2026-07-16T05:42:57.748Z"
  }
},
{
  "model": "facebook_integration.facebookpageconfig",
  "pk": 8,
  "fields": {
    "company": 15,
    "page_name": "Mr Bee - Mật ong nguyên chất",
    "page_id": "243343795792895",
    "use_system_config": true,
    "ai_agent": null,
    "app_id": null,
    "app_secret": null,
    "page_access_token": "EAAOi715rIAYBR44jBIEX957L6A3cYD9fl3WTeOrNW4RnjFSFR93bvvv43ZBIRM93QaZCvVoKzlj28VxKAk1ysV7ZA4pAcjrkixedzKtwMWAn7HCpjK3BGLZCzeFdHbHcnZBXgwPZBMQGlhZAsTXfZBocz8sbV1IF2MVEZAvTFtC83eZCi8dALybWcQfUCDfYUXwGr7Wy9bbrSYfwMvVSm411IZD",
    "token_expires_at": null,
    "webhook_verify_token": "",
    "page_avatar": "https://scontent.fhan18-1.fna.fbcdn.net/v/t39.30808-1/276312741_4809681765825719_8303386643111870120_n.jpg?stp=cp0_dst-jpg_s50x50_tt6&_nc_cat=106&ccb=1-7&_nc_sid=f907e8&_nc_eui2=AeGoo-qRN_yOmup_epa6Thr2qd9-DflCPuyp334N-UI-7EGbl1SZm_NfhczUIxzPqAEJRPdlMLgK098ylQ6mp-DP&_nc_ohc=2aO7Bqq1gtoQ7kNvwHWNMDJ&_nc_oc=Ado6bOcPqfEhQx_1YziqeakYtID6ZzHyYZMRQU5X6ss1Hn99hi-lwDAIYb6tT3nI8Yg&_nc_zt=24&_nc_ht=scontent.fhan18-1.fna&edm=AGaHXAAEAAAA&_nc_gid=YM9yCe4A6-QXVYGv3Z-uzw&_nc_tpa=Q5bMBQFdptpxNRrNZf0cMjHHAsGxJiF0NrRs2BlZ99pMfIKAW3zNpq00j8UA_5UgQG7udH4MtthWxL3WoA&oh=00_AQBKPneraQLYA9q-f2vC7JXFe5R9Ckn1xU3AOvcim0WwlQ&oe=6A5E3BA8",
    "is_active": true,
    "auto_create_customer_from_phone": false,
    "lead_cleanup_days": 30,
    "request_phone_template": "Dạ chào bạn, để tiện chuyên viên tư vấn chi tiết và gửi bảng giá ưu đãi, bạn cho mình xin số điện thoại liên hệ với ạ ❤️",
    "request_email_template": "Dạ bạn cho mình xin địa chỉ Email để bên em gửi catalogue và thông tin chi tiết qua email cho mình nhé 📧",
    "assigned_to": null,
    "created_at": "2026-07-15T13:13:47.717Z",
    "updated_at": "2026-07-16T06:15:24.075Z"
  }
},
{
  "model": "facebook_integration.facebookleadtag",
  "pk": 1,
  "fields": {
    "company": 15,
    "name": "Đang tham khảo",
    "color": "#3b82f6",
    "created_at": "2026-07-15T11:08:28.663Z"
  }
},
{
  "model": "facebook_integration.facebookleadtag",
  "pk": 2,
  "fields": {
    "company": 15,
    "name": "Sắp chốt",
    "color": "#3ef73b",
    "created_at": "2026-07-15T13:03:12.172Z"
  }
},
{
  "model": "facebook_integration.facebooklead",
  "pk": 9,
  "fields": {
    "company": 15,
    "page_config": 8,
    "fb_user_id": "4748159361949508",
    "fb_user_name": "Lê Đình Tuyền",
    "fb_user_avatar": "https://platform-lookaside.fbsbx.com/platform/profilepic/?eai=Aa2ghfaQMXfE7c_AbF4kwuIk_yzEW7jbD6O9a4jJXqZaa-MFu2IZdNH2ASo5_OI43df3oFK4GaZPmQ&psid=4748159361949508&width=1024&ext=1786713461&hash=Aft0lWbyedbKCPVfsN5AJEP1",
    "detected_phone": "0985880201",
    "detected_email": "ledinhtuyen92@gmail.com",
    "detected_address": "220 định công, hà nội",
    "is_customer_converted": false,
    "customer": null,
    "assigned_to": null,
    "is_starred": false,
    "is_ai_active": true,
    "has_unread_message": false,
    "unread_count": 0,
    "is_archived": false,
    "last_message_at": "2026-07-23T15:41:13Z",
    "last_message_preview": "hi",
    "created_at": "2026-07-15T13:17:34.787Z",
    "updated_at": "2026-07-23T16:38:32.845Z",
    "tags": []
  }
},
{
  "model": "facebook_integration.facebooklead",
  "pk": 10,
  "fields": {
    "company": 15,
    "page_config": 8,
    "fb_user_id": "37252500474393138",
    "fb_user_name": "Su Nguyễn",
    "fb_user_avatar": null,
    "detected_phone": null,
    "detected_email": null,
    "detected_address": null,
    "is_customer_converted": false,
    "customer": null,
    "assigned_to": null,
    "is_starred": false,
    "is_ai_active": true,
    "has_unread_message": false,
    "unread_count": 0,
    "is_archived": false,
    "last_message_at": "2026-04-03T08:39:26Z",
    "last_message_preview": "Bạn đã gửi một ảnh.",
    "created_at": "2026-07-15T13:17:37.756Z",
    "updated_at": "2026-07-23T16:36:16.129Z",
    "tags": []
  }
},
{
  "model": "facebook_integration.facebooklead",
  "pk": 11,
  "fields": {
    "company": 15,
    "page_config": 8,
    "fb_user_id": "38119003541032268",
    "fb_user_name": "Chung Vu",
    "fb_user_avatar": null,
    "detected_phone": "0975569118",
    "detected_email": null,
    "detected_address": "Chung cư CT1A, sảnh 1. Khu đô thị Thành phố Giao Lưu, cổ nhuế 1, bắc từ liêm, hà nội",
    "is_customer_converted": false,
    "customer": null,
    "assigned_to": null,
    "is_starred": false,
    "is_ai_active": true,
    "has_unread_message": false,
    "unread_count": 0,
    "is_archived": false,
    "last_message_at": "2026-03-02T11:33:57Z",
    "last_message_preview": "󰀀",
    "created_at": "2026-07-15T13:17:41.269Z",
    "updated_at": "2026-07-23T16:36:18.275Z",
    "tags": []
  }
},
{
  "model": "facebook_integration.facebooklead",
  "pk": 14,
  "fields": {
    "company": 15,
    "page_config": 8,
    "fb_user_id": "4953195801466284",
    "fb_user_name": "Tô Hiền",
    "fb_user_avatar": null,
    "detected_phone": null,
    "detected_email": null,
    "detected_address": null,
    "is_customer_converted": false,
    "customer": null,
    "assigned_to": null,
    "is_starred": false,
    "is_ai_active": true,
    "has_unread_message": false,
    "unread_count": 0,
    "is_archived": false,
    "last_message_at": "2022-04-02T13:24:45Z",
    "last_message_preview": "Mật nhà e cam kết nguyên chất k pha và mới quay ạ, c yên tâm nha",
    "created_at": "2026-07-15T13:17:46.619Z",
    "updated_at": "2026-07-23T16:36:23.645Z",
    "tags": []
  }
},
{
  "model": "facebook_integration.facebooklead",
  "pk": 15,
  "fields": {
    "company": 15,
    "page_config": 8,
    "fb_user_id": "27632697386424130",
    "fb_user_name": "Anna Edwards",
    "fb_user_avatar": null,
    "detected_phone": "0358736884",
    "detected_email": null,
    "detected_address": null,
    "is_customer_converted": false,
    "customer": null,
    "assigned_to": null,
    "is_starred": false,
    "is_ai_active": true,
    "has_unread_message": false,
    "unread_count": 0,
    "is_archived": false,
    "last_message_at": "2023-03-06T04:50:14Z",
    "last_message_preview": "chị để giảm ho thì e nghĩ chị nên ngâm tỏi+gừng+mật ong sẽ hiệu quả hơn đấy ạ",
    "created_at": "2026-07-23T16:36:19.207Z",
    "updated_at": "2026-07-23T16:36:21.703Z",
    "tags": []
  }
},
{
  "model": "facebook_integration.facebooklead",
  "pk": 16,
  "fields": {
    "company": 15,
    "page_config": 8,
    "fb_user_id": "27685392661094913",
    "fb_user_name": "Van Le",
    "fb_user_avatar": null,
    "detected_phone": null,
    "detected_email": null,
    "detected_address": null,
    "is_customer_converted": false,
    "customer": null,
    "assigned_to": null,
    "is_starred": false,
    "is_ai_active": true,
    "has_unread_message": false,
    "unread_count": 0,
    "is_archived": false,
    "last_message_at": "2022-12-30T05:49:11Z",
    "last_message_preview": "C ở đâu ạ",
    "created_at": "2026-07-23T16:36:21.733Z",
    "updated_at": "2026-07-23T16:36:22.217Z",
    "tags": []
  }
},
{
  "model": "facebook_integration.facebookmessage",
  "pk": 407,
  "fields": {
    "lead": 9,
    "fb_message_id": "m_MHhcdO9jzPXWXMEJ4M0U9D5XArWXuhqgvcgPG60c2Ry7eB8te1mSFT952sPeVeZwtmOF0pQCvb56kKit4ROm4A",
    "sender_type": "page",
    "text": "Lê Đình Tuyền đã trả lời một quảng cáo.",
    "attachment_url": null,
    "attachment_type": "",
    "created_at": "2022-04-01T03:41:45Z"
  }
},
{
  "model": "facebook_integration.facebookmessage",
  "pk": 408,
  "fields": {
    "lead": 9,
    "fb_message_id": "m_127jaP9yvEiXUGCj7jUWjj5XArWXuhqgvcgPG60c2Rz15JIhs9AjIyoBof6J8HMI_HWCAdFWHRjoQoe8aW1R7Q",
    "sender_type": "page",
    "text": "Xin chào Lê Đình Tuyền ! Cảm ơn bạn đã quan tâm Mr Bee - Mật ong nguyên chất. Bạn muốn hỏi mua hũ mật bao nhiêu lit? Hoặc mình có thể liên hệ với bạn theo số điện thoại nào để tư vấn và xác nhận đơn hàng?",
    "attachment_url": null,
    "attachment_type": "",
    "created_at": "2022-04-01T03:41:46Z"
  }
},
{
  "model": "facebook_integration.facebookmessage",
  "pk": 409,
  "fields": {
    "lead": 9,
    "fb_message_id": "m_afYERwiJVZ4ue3DSjTezBD5XArWXuhqgvcgPG60c2Rx6H_1ikoun3HgaVxR-O262l17rhMYGtHYJfLGy04MKQw",
    "sender_type": "customer",
    "text": "mình hỏi hũ 1000l nhé bạn Su",
    "attachment_url": null,
    "attachment_type": "",
    "created_at": "2022-04-01T03:41:46Z"
  }
},
{
  "model": "facebook_integration.facebookmessage",
  "pk": 410,
  "fields": {
    "lead": 9,
    "fb_message_id": "m_B5Mbi6p7_nbZtNfEecgToD5XArWXuhqgvcgPG60c2Rwdxv4vfVMuAdjTCZe52NH75mUsJEq0oCR6DJmJrUvu1w",
    "sender_type": "page",
    "text": "Chai 100ml bạn đặt hàng hôm nay chỉ còn 199k thôi ạ",
    "attachment_url": null,
    "attachment_type": "",
    "created_at": "2022-04-01T03:50:13Z"
  }
},
{
  "model": "facebook_integration.facebookmessage",
  "pk": 411,
  "fields": {
    "lead": 9,
    "fb_message_id": "m_9qb2_z-cyZP-wmaM4DOlVT5XArWXuhqgvcgPG60c2Ry9GkOMTdDCOSXNPnaHk4EsPclu43cLohaoBtDS9THAwA",
    "sender_type": "page",
    "text": "Bạn lấy mấy lít ạ",
    "attachment_url": null,
    "attachment_type": "",
    "created_at": "2022-04-01T03:50:23Z"
  }
},
{
  "model": "facebook_integration.facebookmessage",
  "pk": 412,
  "fields": {
    "lead": 9,
    "fb_message_id": "m_jfHJ_fjzaCbsLahE6bvAnT5XArWXuhqgvcgPG60c2Rw7YIWRpxhyEQ-2vEy7gPpath7U1P4zxm5KrbL-2hZ8_w",
    "sender_type": "customer",
    "text": "mình lấy chỉ xốp rồi bạn",
    "attachment_url": null,
    "attachment_type": "",
    "created_at": "2022-04-01T03:51:45Z"
  }
},
{
  "model": "facebook_integration.facebookmessage",
  "pk": 413,
  "fields": {
    "lead": 9,
    "fb_message_id": "m_cHqk48saC-H6cqEtVSK1Sz5XArWXuhqgvcgPG60c2RxCsLC_2PTyjOLYQ7wxLicosZ2Can6I8GJhdMgspODq5w",
    "sender_type": "page",
    "text": "CEO Su xinh hả",
    "attachment_url": null,
    "attachment_type": "",
    "created_at": "2022-04-01T04:05:11Z"
  }
},
{
  "model": "facebook_integration.facebookmessage",
  "pk": 414,
  "fields": {
    "lead": 9,
    "fb_message_id": "m_MdwVaabh8MwtnYhL54uy4D5XArWXuhqgvcgPG60c2RywRtV1UZZKXfWWDOu1zfZWBYU1-FKiQJZSz7zuCyepBg",
    "sender_type": "page",
    "text": "Lê Đình Tuyền đã trả lời một quảng cáo.",
    "attachment_url": null,
    "attachment_type": "",
    "created_at": "2026-07-14T09:15:18Z"
  }
},
{
  "model": "facebook_integration.facebookmessage",
  "pk": 415,
  "fields": {
    "lead": 9,
    "fb_message_id": "m_t95XwapKCkkJZ3oCoAdE5D5XArWXuhqgvcgPG60c2RySHp4f2fyvrLaQwMQ0m0jVzn9RII7PURyY8_lCZPyXTA",
    "sender_type": "page",
    "text": "Chào Tuyền! Bạn đang muốn đặt mua sản phẩm mật ong tươi nguyên chất? Bạn muốn được tư vấn thông tin gì?",
    "attachment_url": null,
    "attachment_type": "",
    "created_at": "2026-07-14T09:15:24Z"
  }
},
{
  "model": "facebook_integration.facebookmessage",
  "pk": 416,
  "fields": {
    "lead": 9,
    "fb_message_id": "m_sj0a7AfPhbZA56CcdJBbNT5XArWXuhqgvcgPG60c2RzSuYWJtBYw_URkk9iO08RIINaW2A4jBDsMGQatpv7-Sg",
    "sender_type": "page",
    "text": "",
    "attachment_url": null,
    "attachment_type": "",
    "created_at": "2026-07-14T09:15:25Z"
  }
},
{
  "model": "facebook_integration.facebookmessage",
  "pk": 417,
  "fields": {
    "lead": 9,
    "fb_message_id": "m_RupU4pzX9JSRAS_dRSS-xj5XArWXuhqgvcgPG60c2RwTcUyJaBx9q-niXiq1hvucIONg9NHEA7DNiHfukKwdNQ",
    "sender_type": "customer",
    "text": "test",
    "attachment_url": null,
    "attachment_type": "",
    "created_at": "2026-07-14T09:15:25Z"
  }
},
{
  "model": "facebook_integration.facebookmessage",
  "pk": 418,
  "fields": {
    "lead": 9,
    "fb_message_id": "m_ND4kP6tc1EnQ1hnPzzepMj5XArWXuhqgvcgPG60c2RxylJ-SwADMvcUyk_-Uje6pekQzZwXUZvhyALFtXZYWjw",
    "sender_type": "customer",
    "text": "",
    "attachment_url": "https://scontent.fhan18-1.fna.fbcdn.net/v/t39.1997-6/39178562_1505197616293642_5411344281094848512_n.png?_nc_cat=1&ccb=1-7&_nc_sid=ef9b6e&_nc_eui2=AeEnjo3BGttoUiB7EGgFciWBTGXlyML-tShMZeXIwv61KFTAKnqIeLA6fiv8R_1uPio4axrO6p5DYg12dZlqvG3P&_nc_ohc=waa_8zES_jMQ7kNvwESQKDG&_nc_oc=Adpw4SlyXcHmCWG8b8TgzY1obbnOrGC0aWc8Gn16CqzHdNXF5Qohwnla8NZEwTvssfQ&_nc_zt=26&_nc_ht=scontent.fhan18-1.fna&edm=AKu_40MEAAAA&_nc_gid=8hdk0A5m9NN_pS7DwANljg&_nc_tpa=Q5bMBQENY_zw7oLmsCecHOz-k8LusE-s9BltdFcTtLP-tk4FKMy0xqg4q-F5IRtq4r_dIqHau57fFTdBCw&oh=00_AQDf-o_fj5FUXfFU8k13Lg05zNiYgMX8QAVA4hBYgPdkIQ&oe=6A5D520B",
    "attachment_type": "image",
    "created_at": "2026-07-14T09:22:20Z"
  }
},
{
  "model": "facebook_integration.facebookmessage",
  "pk": 419,
  "fields": {
    "lead": 9,
    "fb_message_id": "m_0aKo3qIsSMSmFIDx7nsH7j5XArWXuhqgvcgPG60c2RxrZJJqWQ_Vc6Xv7aDJIZMOTcXx4B6uu-x5cmR0S8Uw0g",
    "sender_type": "customer",
    "text": "hi",
    "attachment_url": null,
    "attachment_type": "",
    "created_at": "2026-07-14T09:27:59Z"
  }
},
{
  "model": "facebook_integration.facebookmessage",
  "pk": 420,
  "fields": {
    "lead": 9,
    "fb_message_id": "m_fBsXAQ0rYJ5IKAjyMmT6ED5XArWXuhqgvcgPG60c2Rx6iWm6Gp34GJcbC2aoAGmiVdmffQrMZGvWiY0GA_iZsg",
    "sender_type": "customer",
    "text": "",
    "attachment_url": "https://scontent.fhan18-1.fna.fbcdn.net/v/t39.1997-6/14050190_1775285609378810_498900746_n.png?_nc_cat=1&ccb=1-7&_nc_sid=ef9b6e&_nc_eui2=AeEjfYeRrbPwfBE3O-sy4feJy8ct8R8mwfzLxy3xHybB_CbplQEPgjliTdCKryeGT0x0uZ6laJ7VzzBMgx5XtXcy&_nc_ohc=mtQqK6WFzl0Q7kNvwGGTUMx&_nc_oc=Adr3a-Z4AGZZm9OQpyPN32XMOo_Fj40HJspCjvJEoSeI681N08gqBxGU5ffGvhm_gQ0&_nc_zt=26&_nc_ht=scontent.fhan18-1.fna&edm=AKu_40MEAAAA&_nc_gid=8hdk0A5m9NN_pS7DwANljg&_nc_tpa=Q5bMBQHIcvnR1cEinea_2m3omT0-SEIxyHVd0wlFyi6rZTY0hzoPrFlWNwQVgk64wsV-cfMEgQlBRJhCMA&oh=00_AQDM89g9uXR5dpHSNasx14VfWbK-Gsdal4tP31T463rOQQ&oe=6A5D6C99",
    "attachment_type": "image",
    "created_at": "2026-07-14T09:31:46Z"
  }
},
{
  "model": "facebook_integration.facebookmessage",
  "pk": 421,
  "fields": {
    "lead": 9,
    "fb_message_id": "m_3LiTL3X3gz-j5jEVQvS2jz5XArWXuhqgvcgPG60c2RzXufMfEpVwW_szUI7QPvO2YrQhRghOdE05sqQdKnwFAw",
    "sender_type": "page",
    "text": "Hi ccc",
    "attachment_url": null,
    "attachment_type": "",
    "created_at": "2026-07-14T09:35:24Z"
  }
},
{
  "model": "facebook_integration.facebookmessage",
  "pk": 422,
  "fields": {
    "lead": 9,
    "fb_message_id": "m_-qFvxfVKheboEQbD8hMVlj5XArWXuhqgvcgPG60c2Rw-KuluYMnISFZXPzOeRiOHgvYTYp9TTuUCuH3qeGfMrQ",
    "sender_type": "customer",
    "text": "im đê",
    "attachment_url": null,
    "attachment_type": "",
    "created_at": "2026-07-14T09:35:32Z"
  }
},
{
  "model": "facebook_integration.facebookmessage",
  "pk": 423,
  "fields": {
    "lead": 9,
    "fb_message_id": "m_qdRYQ7pP50C5QEFWKum7zD5XArWXuhqgvcgPG60c2RxB2RI-zlbvIkUjrHcYM7wfjoKW7-887l9tLhTHwVaH1g",
    "sender_type": "customer",
    "text": "ba đang test cái pm",
    "attachment_url": null,
    "attachment_type": "",
    "created_at": "2026-07-14T09:35:39Z"
  }
},
{
  "model": "facebook_integration.facebookmessage",
  "pk": 424,
  "fields": {
    "lead": 9,
    "fb_message_id": "m_PPAOCA0NYt4lJHhhGPFyUz5XArWXuhqgvcgPG60c2Rwp1qftl8c7YkSF6PW9tPJ7ZMVzOKyUyg0NJsXJl622aw",
    "sender_type": "customer",
    "text": "ngon luônnnn",
    "attachment_url": null,
    "attachment_type": "",
    "created_at": "2026-07-14T09:36:40Z"
  }
},
{
  "model": "facebook_integration.facebookmessage",
  "pk": 425,
  "fields": {
    "lead": 9,
    "fb_message_id": "m_u1x2rWnQ48sU5no85Y9RTD5XArWXuhqgvcgPG60c2RwBMgezUpHfYWwpjK0VeC-YW9TSaf0QWbe1EXqhCsmplA",
    "sender_type": "page",
    "text": "chào",
    "attachment_url": null,
    "attachment_type": "",
    "created_at": "2026-07-14T09:37:10Z"
  }
},
{
  "model": "facebook_integration.facebookmessage",
  "pk": 426,
  "fields": {
    "lead": 9,
    "fb_message_id": "m_XzTEKtTt060yd5hHnb2KST5XArWXuhqgvcgPG60c2RyKEDVqUmZn0Y_7OV72K-W75UjGs_a80mLsxbS2OAgvug",
    "sender_type": "customer",
    "text": "béo bán cho 2 lít mật ong",
    "attachment_url": null,
    "attachment_type": "",
    "created_at": "2026-07-14T09:39:40Z"
  }
},
{
  "model": "facebook_integration.facebookmessage",
  "pk": 427,
  "fields": {
    "lead": 9,
    "fb_message_id": "m_ZaAkT1M3U7TXu-pMjawN-T5XArWXuhqgvcgPG60c2Rx8Jev6wNjK1ejBUgzBdG-TBHpfT9ia2UfMgHJpJfvYZQ",
    "sender_type": "page",
    "text": "Có tiền k mà hỏi mật thế",
    "attachment_url": null,
    "attachment_type": "",
    "created_at": "2026-07-14T09:40:31Z"
  }
},
{
  "model": "facebook_integration.facebookmessage",
  "pk": 428,
  "fields": {
    "lead": 9,
    "fb_message_id": "m_5TDU7ElKmBnkLkJfDSc7eD5XArWXuhqgvcgPG60c2RygewjkRBzUm1mg_aNAW5EnPMBGXQ-uXvd5OQ0rTueWrA",
    "sender_type": "page",
    "text": "Người nghèo",
    "attachment_url": null,
    "attachment_type": "",
    "created_at": "2026-07-14T09:40:35Z"
  }
},
{
  "model": "facebook_integration.facebookmessage",
  "pk": 429,
  "fields": {
    "lead": 9,
    "fb_message_id": "m_eOn7tkGfgxU1nrpawzzqiT5XArWXuhqgvcgPG60c2Rw0c6dnfiBvLDRPTeZlZLA1djUd52EheDLmSfe-Mp4q3g",
    "sender_type": "page",
    "text": "Dạ chào bạn, để tiện hỗ trợ và tư vấn chi tiết hơn, bạn cho mình xin số điện thoại liên hệ với ạ ❤️",
    "attachment_url": null,
    "attachment_type": "",
    "created_at": "2026-07-14T10:39:07Z"
  }
},
{
  "model": "facebook_integration.facebookmessage",
  "pk": 430,
  "fields": {
    "lead": 9,
    "fb_message_id": "m_UI3EzBMCm9pR_uG-sQxkdT5XArWXuhqgvcgPG60c2RyYRmH340AkXUNOs6f90yZjOfl67MzFrUTzI9g2QTXgiw",
    "sender_type": "page",
    "text": "Dạ chào bạn, để tiện hỗ trợ và tư vấn chi tiết hơn, bạn cho mình xin số điện thoại liên hệ với ạ ❤️",
    "attachment_url": null,
    "attachment_type": "",
    "created_at": "2026-07-15T09:36:13Z"
  }
},
{
  "model": "facebook_integration.facebookmessage",
  "pk": 431,
  "fields": {
    "lead": 9,
    "fb_message_id": "m_OtPMOjSPpXeNI8YjIkEonD5XArWXuhqgvcgPG60c2Rz72CZKTds9EpAPgUphrCJxUY1tnKAtovuVbucRs5ucmg",
    "sender_type": "customer",
    "text": "",
    "attachment_url": "https://scontent.fhan18-1.fna.fbcdn.net/v/t39.1997-6/14050190_1775285609378810_498900746_n.png?_nc_cat=1&ccb=1-7&_nc_sid=ef9b6e&_nc_eui2=AeEjfYeRrbPwfBE3O-sy4feJy8ct8R8mwfzLxy3xHybB_CbplQEPgjliTdCKryeGT0x0uZ6laJ7VzzBMgx5XtXcy&_nc_ohc=mtQqK6WFzl0Q7kNvwGGTUMx&_nc_oc=Adr3a-Z4AGZZm9OQpyPN32XMOo_Fj40HJspCjvJEoSeI681N08gqBxGU5ffGvhm_gQ0&_nc_zt=26&_nc_ht=scontent.fhan18-1.fna&edm=AKu_40MEAAAA&_nc_gid=8hdk0A5m9NN_pS7DwANljg&_nc_tpa=Q5bMBQFkhVmzlZOe_0d2Svg5kf9nbEfRTUq-Rx9_-pG3eiYvPiCC55vb_bX_TKJOyErKowkU01eWo6KjeQ&oh=00_AQDXw7Ha-52tZaM01esRmHctpQl-jkMensyLqpD5JE3KDw&oe=6A5D6C99",
    "attachment_type": "image",
    "created_at": "2026-07-15T10:24:56Z"
  }
},
{
  "model": "facebook_integration.facebookmessage",
  "pk": 432,
  "fields": {
    "lead": 9,
    "fb_message_id": "m_IkPCch2gL76uCGSPx1hfPj5XArWXuhqgvcgPG60c2Rx9xhr6ElLSyIv_am5r4ejucSNzsrSAMXqyd4c9K8Dhsw",
    "sender_type": "customer",
    "text": "",
    "attachment_url": "https://scontent.fhan18-1.fna.fbcdn.net/v/t39.1997-6/14146878_1775283429379028_1512662151_n.png?_nc_cat=1&ccb=1-7&_nc_sid=ef9b6e&_nc_eui2=AeEmj-3O95lt1nY1gAI7u43La0-Ocpk_iqprT45ymT-Kquk_oLT_EObBD4tbqiHB90y3sbq9_OT8KXtxxvlblcOR&_nc_ohc=qM7k7GMDgYkQ7kNvwGaZfpf&_nc_oc=AdrQFx4ANRFMYJY4el5VX1JU7NuqE3itM8war_8kRnmnfLKLgE4H3oNBOadbD2scEQw&_nc_zt=26&_nc_ht=scontent.fhan18-1.fna&edm=AKu_40MEAAAA&_nc_gid=8hdk0A5m9NN_pS7DwANljg&_nc_tpa=Q5bMBQHgFu8zpgBahb3oClw-f5xm60-aOS1jDLwAVrDIktEFnBVoNGCr3o-MtP__hp_4qjKz9fTUDy-dYQ&oh=00_AQBL60iEAd00uArhiU9WjbXk8qf6kf1YZrKJVQDQ7q_oUg&oe=6A5D6B37",
    "attachment_type": "image",
    "created_at": "2026-07-15T10:28:43Z"
  }
},
{
  "model": "facebook_integration.facebookmessage",
  "pk": 433,
  "fields": {
    "lead": 9,
    "fb_message_id": "m_nJqf3f2fN9xQ-Y8ZX0y6hD5XArWXuhqgvcgPG60c2RyaGVHWNx8IQYLh1Blsa4VB_9Ms6WA-N88k7f2OwcnTBQ",
    "sender_type": "page",
    "text": "lêu lêu",
    "attachment_url": null,
    "attachment_type": "",
    "created_at": "2026-07-15T10:44:44Z"
  }
},
{
  "model": "facebook_integration.facebookmessage",
  "pk": 434,
  "fields": {
    "lead": 9,
    "fb_message_id": "m_d03aJ7ZD6KBbAZMoaLNzpT5XArWXuhqgvcgPG60c2RzpvpcR6Y4G-yaOmMPYlVOdPB5iF3zd4GwRyl0MkWkruw",
    "sender_type": "page",
    "text": "Địa chỉ bên mình là gì",
    "attachment_url": null,
    "attachment_type": "",
    "created_at": "2026-07-15T11:10:13Z"
  }
},
{
  "model": "facebook_integration.facebookmessage",
  "pk": 435,
  "fields": {
    "lead": 10,
    "fb_message_id": "m_729kFruZZt1iMOWQ6U8a1s1dMyAxTzaOZ-e7D4DDq26q7uzrBh24H06foVSrK_NqrSl1wuLZbLQ27n3Uiwpnow",
    "sender_type": "customer",
    "text": "",
    "attachment_url": "https://scontent.fhan18-1.fna.fbcdn.net/o1/v/t2/f2/m412/AQO_SOTw2c6excc-gPspGSt38GmtjNAn4h-K9pARXJtI7DusK70vmSE4TNp6IFaBKj4eQlBdAXW745Uc2QKKkgEL.mp4?_nc_cat=108&_nc_oc=AdqJcQSMKWOSZyLgPKBanAc749aEttBRJWSpVEKdl3h_ck7jhuNX03K_veZ71LEXPDU&_nc_sid=4f86bc&_nc_ht=scontent.fhan18-1.fna.fbcdn.net&_nc_ohc=u9WU8vV-UbQQ7kNvwG1zLCN&ccb=17-1&_nc_gid=TAbwWR-XiIrye6sETGJfYQ&edm=AKu_40MEAAAA&_nc_zt=28&_nc_eui2=AeHGTO2N_UqMIoofDJ8baLDkyYTfXTO_dnvJhN9dM792e6FMOJusysKychVnIy7VsAbyln8nDF6w1EwmQGxRY-1e&_nc_tpa=Q5bMBQGG6Yht8mNYwtQJWpaR0xvpsMweyeQPD0TDSFtRsu1TXi22qtyUb7VOLBl6Wu-DdF7_ukQ_Gq8LXg&oh=00_AQDnAr_wGo3e3xX7miKEdIxqqi21bqhdOysOdT0VT45D5A&oe=6A5D49C9&dl=1",
    "attachment_type": "video",
    "created_at": "2024-03-25T01:58:45Z"
  }
},
{
  "model": "facebook_integration.facebookmessage",
  "pk": 436,
  "fields": {
    "lead": 10,
    "fb_message_id": "m_Jk4rvbMUzkjxTM1am4fJzM1dMyAxTzaOZ-e7D4DDq26kcw4udqL6v4Gw47JW7fmDkAR16fSt4Y-BUDdSLJqoZw",
    "sender_type": "customer",
    "text": "",
    "attachment_url": "https://scontent.fhan18-1.fna.fbcdn.net/v/t42.3356-2/434345678_8218109271539423_6957672298381867231_n.mp4?_nc_cat=105&ccb=1-7&_nc_sid=4f86bc&_nc_eui2=AeHDVMcFbk1DHTgluF2ODqXMc204Q6td2YNzbThDq13Zg98_s4h3cWdnPm-eAo2mDWmG3s0H31bRFw6X5Zwd-iTt&_nc_ohc=89hNCQghy5kQ7kNvwHFLAev&_nc_oc=AdpYtCLrP4Kx4q2fKzUkYGCrSP3t0pS5N8VCyq865JO34u_8vs2ZDW2dX816b_IIAGQ&_nc_zt=28&_nc_ht=scontent.fhan18-1.fna&edm=AKu_40MEAAAA&_nc_gid=TAbwWR-XiIrye6sETGJfYQ&_nc_tpa=Q5bMBQGE-ziohyiTpJ0LNP01BjyCKdGuzYGArtXkzVD4wSxyABKn7IPzXPnRHA8soIXfakqoEnudQDroWg&oh=03_Q7cD5wEj6gX6wTNSU833Ke3_dYnNxNI3jDFrrf5_bfA5LuJFdw&oe=6A595E04&dl=1",
    "attachment_type": "video",
    "created_at": "2024-03-25T01:59:06Z"
  }
},
{
  "model": "facebook_integration.facebookmessage",
  "pk": 437,
  "fields": {
    "lead": 10,
    "fb_message_id": "m_tQ1PF59g4OOr6YEww6unQ81dMyAxTzaOZ-e7D4DDq27X7S61PiAMKc9NpPNuybqlCvu36hV8shCa6OzzMqy00Q",
    "sender_type": "customer",
    "text": "",
    "attachment_url": "https://scontent.fhan18-1.fna.fbcdn.net/v/t42.3356-2/434344436_6973800129412969_1759082376728747711_n.mp4?_nc_cat=110&ccb=1-7&_nc_sid=4f86bc&_nc_eui2=AeF9_XA4eKLLG76T_oogE8_UTXzE3ZuEF1NNfMTdm4QXU9DlgcN76pSnAv9sVagOrijo5rnYJXqUN6WXTmLsbvsB&_nc_ohc=5-V10LE8b4AQ7kNvwH7r8Kk&_nc_oc=AdpW5AncdsL2I58uo_Jg8pqpArgV4hmG1p2WBf-vvrD2Y_3_JOoTb1D8kxHorfP5pds&_nc_zt=28&_nc_ht=scontent.fhan18-1.fna&edm=AKu_40MEAAAA&_nc_gid=TAbwWR-XiIrye6sETGJfYQ&_nc_tpa=Q5bMBQGgzNDHoWhnmniUP3_R-x_NKONrfLjcx134he93Fx412qEcHy_aGoOyrB28ThYzzHbM-s5N98Pldw&oh=03_Q7cD5wHhOZmgAaHUeXRFTEUJU45hGiH9jYgXwxA_w0E8V8N4dQ&oe=6A597806&dl=1",
    "attachment_type": "video",
    "created_at": "2024-03-25T02:00:11Z"
  }
},
{
  "model": "facebook_integration.facebookmessage",
  "pk": 438,
  "fields": {
    "lead": 10,
    "fb_message_id": "m_ONNF2WuB19SSDaXdNKXZ1M1dMyAxTzaOZ-e7D4DDq24NRPhatoHlqNwoRmvvCoUspqC91z5RQk2UYuiT4zBE9A",
    "sender_type": "customer",
    "text": "",
    "attachment_url": "https://scontent.fhan18-1.fna.fbcdn.net/v/t42.3356-2/434035306_24953783100936308_7683778833293261740_n.mp4?_nc_cat=110&ccb=1-7&_nc_sid=4f86bc&_nc_eui2=AeGLmbM405YOWp4jt86Zi1-okHHd0gypo6OQcd3SDKmjo1ro4S_fEig4f-jAT1j0PQ-IeFdUxYS-86gdcn9SMx02&_nc_ohc=OoFlvM8Vf7IQ7kNvwEAp9gI&_nc_oc=AdrG7w_z3KdIGlFSlsM0H71X6e5TOEV59-fgt2nspxK4qO5eUwoGbbuv8yegQnGyNvI&_nc_zt=28&_nc_ht=scontent.fhan18-1.fna&edm=AKu_40MEAAAA&_nc_gid=TAbwWR-XiIrye6sETGJfYQ&_nc_tpa=Q5bMBQE6xO332buBJLlCLtVIrfqycRPu-HytQimoz7PRI9HhmA4bAJvhim7fBwbeQwB58yVgVNLKnsyWUw&oh=03_Q7cD5wEsolTSwIM9KnO--uThrt87vlEo19QxOvj6fXrPf208CA&oe=6A595A31&dl=1",
    "attachment_type": "video",
    "created_at": "2024-03-25T02:00:21Z"
  }
},
{
  "model": "facebook_integration.facebookmessage",
  "pk": 439,
  "fields": {
    "lead": 10,
    "fb_message_id": "m_lM-0Jle-VrIkkQeE8UJ3cc1dMyAxTzaOZ-e7D4DDq26abJMqMylNkA5KWrvNC5FafOqp_M7_ega1CbIsfniYHA",
    "sender_type": "customer",
    "text": "",
    "attachment_url": "https://scontent.fhan18-1.fna.fbcdn.net/v/t42.3356-2/434338661_7147889081999892_4575123955388664449_n.mp4?_nc_cat=102&ccb=1-7&_nc_sid=4f86bc&_nc_eui2=AeHiSVwsbBSr5EHQS1V4Tt6fmgZnq_prQyCaBmer-mtDIJqVN7rb7iEFPhgtYY_Cvr5wVZJcSD4uE3KamMDKdTTA&_nc_ohc=De43Y2t1NbMQ7kNvwHdjRPD&_nc_oc=AdoVKi3tL761Xq6TxAzFA2Xs2-nQR232xa96NFQCAYxvJTqdV8MRFm6KcukaCeMEoKg&_nc_zt=28&_nc_ht=scontent.fhan18-1.fna&edm=AKu_40MEAAAA&_nc_gid=TAbwWR-XiIrye6sETGJfYQ&_nc_tpa=Q5bMBQEa--3MHIBsYxwxlSyr34H1YQmld3hGgxc3yJT5gM8HMB9QBYalgD_z2shytRR8tmyoxfZAKDus0w&oh=03_Q7cD5wHhBnHUZI34AATJGKO8q7atPiu2Sw4TapgblUmuDFz7TA&oe=6A594E0F&dl=1",
    "attachment_type": "video",
    "created_at": "2024-03-25T02:00:27Z"
  }
},
{
  "model": "facebook_integration.facebookmessage",
  "pk": 440,
  "fields": {
    "lead": 10,
    "fb_message_id": "m_saAsnMWFKurEtQYij3weEs1dMyAxTzaOZ-e7D4DDq278RsIiWkLZLkkzFveMSttURAji8_Rnk83ans_VwdxIxg",
    "sender_type": "customer",
    "text": "",
    "attachment_url": "https://scontent.fhan18-1.fna.fbcdn.net/v/t42.3356-2/434343147_6985059051617222_4718225392736675195_n.mp4?_nc_cat=105&ccb=1-7&_nc_sid=4f86bc&_nc_eui2=AeGlKrROat_6nZ8pVVFjIxkctEzTXpDkxaG0TNNekOTFoSRPUmL87psawvpxCS8F1QJSs3m6DQh4Yr5LvFYNo7Bp&_nc_ohc=guFVnZQOCeQQ7kNvwHUWaCK&_nc_oc=AdrL7e55P6hmCAndMX_rTWLHUgsiW3fKRVQWIYwW1zr9yVrzjziQ7ConvA9XFI1LX8Q&_nc_zt=28&_nc_ht=scontent.fhan18-1.fna&edm=AKu_40MEAAAA&_nc_gid=TAbwWR-XiIrye6sETGJfYQ&_nc_tpa=Q5bMBQEUrq8ZNnDES4jOSQkkNAVxRIVOyCZclUAZeRnFqoRmviOC8KdO_s1BKR-NCJ5oih1bVmRqFZze5w&oh=03_Q7cD5wHAxO_BpZm5pOsiBmWHTWNGRBw6pipasQ1ngHzHrKRvJg&oe=6A59796D&dl=1",
    "attachment_type": "video",
    "created_at": "2024-03-25T02:00:37Z"
  }
},
{
  "model": "facebook_integration.facebookmessage",
  "pk": 441,
  "fields": {
    "lead": 10,
    "fb_message_id": "m_VuXXemjyRmme-yphu9N_Zc1dMyAxTzaOZ-e7D4DDq25quHq4sR-YYAaHhC6YEdEs7TouYPAKukSY4jLNbXAmCA",
    "sender_type": "customer",
    "text": "",
    "attachment_url": "https://scontent.fhan18-1.fna.fbcdn.net/v/t42.3356-2/434341180_7336736293085698_2238062901669107729_n.mp4?_nc_cat=105&ccb=1-7&_nc_sid=4f86bc&_nc_eui2=AeE49nVpVCCcRhBY9F3fMBtpHH_vFPPdwSAcf-8U893BIF5_XJRj1ElG75c18Qw2a800QR0XLMMjzHJ0t7zMhth8&_nc_ohc=rFsDB70piccQ7kNvwEkdinl&_nc_oc=Adqubw3uD4-IK7hbPXFgi_LmnQaFugzPQMe17oN3hmklrI2qQbLvi35wBLUJVvzgV_8&_nc_zt=28&_nc_ht=scontent.fhan18-1.fna&edm=AKu_40MEAAAA&_nc_gid=TAbwWR-XiIrye6sETGJfYQ&_nc_tpa=Q5bMBQEjCQK-QS7VGqag3M4iCBbxsch1dy3ge1DvbQIxPh2f5wNAhqUqcSZZZIAeelX4wjtV7ullNXYqdQ&oh=03_Q7cD5wFzDMoYZ6uOLjct_vh-yJg_ZTwy1xk_6Q4lI1FAITUCkA&oe=6A5954B6&dl=1",
    "attachment_type": "video",
    "created_at": "2024-03-25T02:06:18Z"
  }
},
{
  "model": "facebook_integration.facebookmessage",
  "pk": 442,
  "fields": {
    "lead": 10,
    "fb_message_id": "m_hlUDKPZc8WtUhsuDtEuizs1dMyAxTzaOZ-e7D4DDq26OXMfz38Q_XEym11ph0_WX4sErNlWlN7fpFUx3aMHG6g",
    "sender_type": "customer",
    "text": "",
    "attachment_url": "https://scontent.fhan18-1.fna.fbcdn.net/v/t42.3356-2/434420955_25017266274584326_901104038859791884_n.mp4?_nc_cat=106&ccb=1-7&_nc_sid=4f86bc&_nc_eui2=AeFqm0UqAqMFKimLU_3pJ7jfH73tpzATF_0fve2nMBMX_SKRGId9Z_yvTaZX_ZYdA-_pQQXtnL85JEmClUiDSply&_nc_ohc=laNXrF-DiI4Q7kNvwHKqbII&_nc_oc=AdopH3GbwtQASnsAUBjp8Xzwml_zyeUjP2Do-C7powOJ79uVzHBy9ItgLe9mnWNqeS8&_nc_zt=28&_nc_ht=scontent.fhan18-1.fna&edm=AKu_40MEAAAA&_nc_gid=TAbwWR-XiIrye6sETGJfYQ&_nc_tpa=Q5bMBQHKvHDzRBRGDL5T1JgpwgKOvQeMcs9QQKSl9v933GfEHLEj-ViME5r_TjPkzrhu6XRUlJKFo2TSgQ&oh=03_Q7cD5wGFQDHWgrw9DozRdcfj5hie6aN5_-prRbl-L2FTVSgF7g&oe=6A596595&dl=1",
    "attachment_type": "video",
    "created_at": "2024-03-25T02:33:02Z"
  }
},
{
  "model": "facebook_integration.facebookmessage",
  "pk": 443,
  "fields": {
    "lead": 10,
    "fb_message_id": "m_vbxT_WHHqT9GduOyTvRIc81dMyAxTzaOZ-e7D4DDq25nng1nAeqnCJevDovDneBD-esf0DU6ar8IVI58zv4nIg",
    "sender_type": "customer",
    "text": "",
    "attachment_url": "https://scontent.fhan18-1.fna.fbcdn.net/v/t42.3356-2/434370559_7729930690416974_698188176735505704_n.mp4?_nc_cat=107&ccb=1-7&_nc_sid=4f86bc&_nc_eui2=AeG_iPu2WeIsi5BafBuAondkH5e0XamcqP0fl7RdqZyo_aX04kDUYJs5ZLPH2A3fq-lFdWDt4UN_AgY_MUyxYXH9&_nc_ohc=VIzCKacFgCQQ7kNvwHgp81Y&_nc_oc=AdpFIB3nE7yOfs7x9m6m95o6Ln01Y32mR4NLacEj_t8lSW0dheQ6JimlgsncKwqd8J8&_nc_zt=28&_nc_ht=scontent.fhan18-1.fna&edm=AKu_40MEAAAA&_nc_gid=TAbwWR-XiIrye6sETGJfYQ&_nc_tpa=Q5bMBQHaHeFZx-HGP_CcIv9J_AAKpyPMpy2NTqGF4BcWTpLDItrklBpK3Tma2suPT7mWzVQXVB_AcX07iA&oh=03_Q7cD5wFqRVc5j4Jy2KTm0gMpwSan1Ynz7sej-xqH5s74lwcZ3w&oe=6A59535F&dl=1",
    "attachment_type": "video",
    "created_at": "2024-03-25T02:42:33Z"
  }
},
{
  "model": "facebook_integration.facebookmessage",
  "pk": 444,
  "fields": {
    "lead": 10,
    "fb_message_id": "m_gnQ_YEc09YerEwwLI6rzPc1dMyAxTzaOZ-e7D4DDq26YIwy73HLzJ9XkRU7Gz2KeGRdAe6voYLQ1rHZd_tKTuA",
    "sender_type": "customer",
    "text": "",
    "attachment_url": "https://scontent.fhan18-1.fna.fbcdn.net/v/t42.3356-2/434366900_7576743569049805_4964932866756067025_n.mp4?_nc_cat=104&ccb=1-7&_nc_sid=4f86bc&_nc_eui2=AeFEk5z46DWE3G-2hVP05ZZkKpqkJAm2l3cqmqQkCbaXdzANlLDD9wJYlPH6OiOMwalrkrB9KxC1oxOkPeDDTNHZ&_nc_ohc=jOu_rZzTlJkQ7kNvwFXpN78&_nc_oc=AdrqZr2mYDqUJErdYMz_sw0YWTd2yUR7HzU-nLhM9Sm-0UU9EgXUK9l0qQs_sYjJ84Q&_nc_zt=28&_nc_ht=scontent.fhan18-1.fna&edm=AKu_40MEAAAA&_nc_gid=TAbwWR-XiIrye6sETGJfYQ&_nc_tpa=Q5bMBQEIuoCet5IcqnZRymyAW-yDy4DlhbLrLmfsak-t7-AbHjPF9oEpL0bRoD1UsDDfCu9WCWIwYZCx0Q&oh=03_Q7cD5wGJZM85KiUA_ehGJqoLcKn3xMEFA3viCBJNE1heV91drA&oe=6A59581D&dl=1",
    "attachment_type": "video",
    "created_at": "2024-03-25T03:20:25Z"
  }
},
{
  "model": "facebook_integration.facebookmessage",
  "pk": 445,
  "fields": {
    "lead": 10,
    "fb_message_id": "m_mTm_-w1rXpZ9EYQjTIIxEc1dMyAxTzaOZ-e7D4DDq26eWnhO9gH0HaPRNBPAZprpNRwarTPFzetHfQAKgPdpuA",
    "sender_type": "customer",
    "text": "",
    "attachment_url": "https://scontent.fhan18-1.fna.fbcdn.net/v/t1.15752-9/433826468_770022975071775_5095679287656038794_n.jpg?_nc_cat=103&ccb=1-7&_nc_sid=fc17b8&_nc_eui2=AeGc9rnHTbi0SizJN5lXXXZvYv-PM8a3Vwpi_48zxrdXCvzjaYpesHPDMRRkotyNye4x0Z3u2Rhb9JmZLVlQNJk6&_nc_ohc=OnPSdeoQD7IQ7kNvwEPWYPd&_nc_oc=AdrXSH-6HGGexGA6BMuFTU02NDAJZHvHrBS7eCMgz3IrAcE9bLiNqdyKAOb3x2hb0R4&_nc_zt=23&_nc_ht=scontent.fhan18-1.fna&edm=AKu_40MEAAAA&_nc_tpa=Q5bMBQFTjApV2O5bLWBXgTYiVNxsH679qRLhLgytpqBS5r6DsOpL5ArBTTYsm1BsEKYwss9MXbQhXulLTw&oh=03_Q7cD5wEACZyfxLw4DlEhnejkFX4iA7Jn-iLetYBKviKnWdL1aw&oe=6A7F0B85",
    "attachment_type": "image",
    "created_at": "2024-03-27T04:44:11Z"
  }
},
{
  "model": "facebook_integration.facebookmessage",
  "pk": 446,
  "fields": {
    "lead": 10,
    "fb_message_id": "m_cZlvMafq-Yw7AnxD8W5pl81dMyAxTzaOZ-e7D4DDq262TIuirrqumy4kMpBKmC37OEjHbalpG-CF56xTBw6EoQ",
    "sender_type": "page",
    "text": "",
    "attachment_url": "https://scontent.fhan18-1.fna.fbcdn.net/v/t1.15752-9/433572644_757911286065160_3483610590143838855_n.jpg?_nc_cat=100&ccb=1-7&_nc_sid=fc17b8&_nc_eui2=AeHXZuF1qWuiwdl9vtyZ5VxC38zvWbACbOvfzO9ZsAJs6_IcjYEdZ50bcahP9gzZIxYmNxThDKaAZY68BszFVKHC&_nc_ohc=jwGPeR9p46gQ7kNvwFFwDcG&_nc_oc=AdpZ4XBVKs7E5nDGtENz9AtL-AzbO8z_70p9R0WqnPz4j8akb5v-4c45jp322oqQmgc&_nc_zt=23&_nc_ht=scontent.fhan18-1.fna&edm=AKu_40MEAAAA&_nc_tpa=Q5bMBQHmCY3crKfJqO8qtHtUc9OY6GNhzgaFJfiLON3zbvJT5ppyuiZrJUVIBIyIfbAIm8X_xxvDYFRdBw&oh=03_Q7cD5wErOsght-J5C_RGUhyDe5HVrIP2kxc1TEpPcOPSiv4mow&oe=6A7F13F4",
    "attachment_type": "image",
    "created_at": "2024-03-27T04:49:57Z"
  }
},
{
  "model": "facebook_integration.facebookmessage",
  "pk": 447,
  "fields": {
    "lead": 10,
    "fb_message_id": "m_W-Uf9W_6pzKKt03RmqE0xs1dMyAxTzaOZ-e7D4DDq24j4Cc0xsW4aJZSHu8YlDi0-3a1GxHsXP115mFtM4o_8w",
    "sender_type": "page",
    "text": "",
    "attachment_url": "https://scontent.fhan18-1.fna.fbcdn.net/v/t1.15752-9/429312583_920175352905607_1334052977630890418_n.jpg?_nc_cat=101&ccb=1-7&_nc_sid=fc17b8&_nc_eui2=AeHtfcj_VbSQXXY1EDtWxUeZmJo-M2EI4IeYmj4zYQjgh6PB-5cmVPYil_giPcpYYZhctSfzLXhpxj3XwAYKSqvn&_nc_ohc=aZigzi8VjpAQ7kNvwHOzOVo&_nc_oc=AdoSC7O4LeT7aeTdQCe04QTnxvOfwkcmVwGnyi3WghMm_4XP6F6CLkaWDkpU2u2ygBY&_nc_zt=23&_nc_ht=scontent.fhan18-1.fna&edm=AKu_40MEAAAA&_nc_tpa=Q5bMBQH1ITN8p9SxAqmdUNriK3MWlyy2xwgCYQE8RKC5P_GQZwGFE44Ht30JCskzoLmFWSzTJkNDrPUcLw&oh=03_Q7cD5wGf210zyWsG8719Ds7laFBsWitQUoma8659Rp3rvh7J0g&oe=6A7EEECC",
    "attachment_type": "image",
    "created_at": "2024-03-27T04:49:58Z"
  }
},
{
  "model": "facebook_integration.facebookmessage",
  "pk": 448,
  "fields": {
    "lead": 10,
    "fb_message_id": "m_i0TBtKD6M--vY6L_6lY9P81dMyAxTzaOZ-e7D4DDq25VbSLE5wxjqmi17pANJ05VIRiHaAZU87DF1dqNBABG5Q",
    "sender_type": "page",
    "text": "",
    "attachment_url": "https://scontent.fhan18-1.fna.fbcdn.net/v/t1.15752-9/433514190_1141258237243178_6450204826003577518_n.jpg?_nc_cat=109&ccb=1-7&_nc_sid=fc17b8&_nc_eui2=AeE7g6sUmrIwlXJunOz_9DWyK6lXeQVGAoQrqVd5BUYChDtVne0nljykP5a631qEoMn7UJkPaP4lC18L6wGyonXo&_nc_ohc=V0Eu1yaw1e4Q7kNvwEkF5OK&_nc_oc=AdoQuOnMbS4uEct3DxjXxcBhhI2xKddZRuINMPGg6NiXjomLNJ6WW2KLoCSYUX55DJ0&_nc_zt=23&_nc_ht=scontent.fhan18-1.fna&edm=AKu_40MEAAAA&_nc_tpa=Q5bMBQH_nY--x0VNxy_eQT2M9M5jCFA3uYOPABt65NyfXfNoN6J-cEMJo8soUu5aDg5BUoLj0tYHWzYHCA&oh=03_Q7cD5wG-GrAxcIPRSo99Kovl1WE_VU7u4x4eU_Y2oFZkkC8AJw&oe=6A7EF3A6",
    "attachment_type": "image",
    "created_at": "2024-03-27T04:49:59Z"
  }
},
{
  "model": "facebook_integration.facebookmessage",
  "pk": 449,
  "fields": {
    "lead": 10,
    "fb_message_id": "m_aT1KI4zq5gBhuqRs760Y6M1dMyAxTzaOZ-e7D4DDq25H3yZVC0_Rd9rRWa2DQwnTRd1KpE7i-naqqFrpNxpCaQ",
    "sender_type": "page",
    "text": "",
    "attachment_url": "https://scontent.fhan18-1.fna.fbcdn.net/v/t1.15752-9/431304190_1444990826096830_4966449195202491991_n.jpg?_nc_cat=106&ccb=1-7&_nc_sid=fc17b8&_nc_eui2=AeHRsJpHhvNg1MOuLWGYO0V3s_pqHxJExW6z-mofEkTFbjk_23kBgUzLUOCmBHmiEIIobvVRzB2gAOLN1LUfhMmR&_nc_ohc=Ccvg3WxKRHQQ7kNvwGc-BW4&_nc_oc=AdrEDHe24WenHL6q4aa78eYeXSlCdcO3j2GZiJM5br_PqS7LnUKR7AtkSunL0QX8A-Y&_nc_zt=23&_nc_ht=scontent.fhan18-1.fna&edm=AKu_40MEAAAA&_nc_tpa=Q5bMBQEaJIrvAWMI3BnDH1MOxIGLGrPSVwbVIFIqP3sRUDUdk4FgK73K2Af7Rp9DIUHK62lce1Iv_n0SeA&oh=03_Q7cD5wEmo1fmVZ4-mg6I2v3IJJa1NNB-q_55NN0a-9KfeZxaeA&oe=6A7EE7C6",
    "attachment_type": "image",
    "created_at": "2024-03-27T04:49:59Z"
  }
},
{
  "model": "facebook_integration.facebookmessage",
  "pk": 450,
  "fields": {
    "lead": 10,
    "fb_message_id": "m_So0aJ_Mnvaxv-4nQOkrg881dMyAxTzaOZ-e7D4DDq250OO2zunMfLb58ulU3HSQ9pIPuVUklT0re6e0kvsz2-Q",
    "sender_type": "customer",
    "text": "",
    "attachment_url": "https://scontent.fhan18-1.fna.fbcdn.net/v/t1.15752-9/434001191_1343297536260438_3494364468974632282_n.jpg?_nc_cat=106&ccb=1-7&_nc_sid=fc17b8&_nc_eui2=AeEonUZaZiRavWmzTLbfkaYwazY-vMOieTVrNj68w6J5NW1WP-edHrHV1_8RwbaSoCZQCpG0xVGaL6rCI_KR50dl&_nc_ohc=EwT7WTTBvmoQ7kNvwHT8HN_&_nc_oc=AdqWxecVetAtJfUkET63N1NZ-xfFxEKxKcwspaM70QkAQIQ8ACmRUBLbuAMb-RkdST4&_nc_zt=23&_nc_ht=scontent.fhan18-1.fna&edm=AKu_40MEAAAA&_nc_tpa=Q5bMBQF0h0m1DF-U3TCFS_AnCrszTC4BshSqHwCq2c_IoQ7JiphP_bHWqkDmsU3PMhWFmdaeXfFaYkZlEw&oh=03_Q7cD5wFcpw_vOLXROc3idUTnb8sWcSzwjPInc0PEjnrMwkuhVA&oe=6A7EEECF",
    "attachment_type": "image",
    "created_at": "2024-03-27T06:14:45Z"
  }
},
{
  "model": "facebook_integration.facebookmessage",
  "pk": 451,
  "fields": {
    "lead": 10,
    "fb_message_id": "m__FPQ7FJbvO2yJQCsWmEyns1dMyAxTzaOZ-e7D4DDq27lhQXV2WwEAsXkhtCqLIpaeTfXcR2_JQMf9E7euskWrw",
    "sender_type": "customer",
    "text": "",
    "attachment_url": "https://scontent.fhan18-1.fna.fbcdn.net/o1/v/t2/f2/m483/AQN4p2Fq2zWpxcoXIroB-Pc9UmrafZDI2GwCGfUHcE6JgNcBZbflctvJUagIaPIPZsPoZkGg-saVP9mAlJqN_IJtLdMLLGn_F0iM4N9hoQ.mp4?_nc_cat=102&_nc_oc=Adoa2smibrdaLzx4J-X7z4lZCN9aeSdEMFR96fRWLDyx7IpFkPR6yK0b1mlBxx6Pg1E&_nc_sid=4f86bc&_nc_ht=scontent.fhan18-1.fna.fbcdn.net&_nc_ohc=2zhb6fpyqfQQ7kNvwGANnBz&ccb=17-1&_nc_gid=TAbwWR-XiIrye6sETGJfYQ&edm=AKu_40MEAAAA&_nc_zt=28&_nc_eui2=AeHO0hzk968MAMxnYKQ75g37XGsSwKn-0RBcaxLAqf7RECSEcZkK5FJqBLJNfG7Gw9OsI_441AzpPcyFAcjnvw8q&_nc_tpa=Q5bMBQHcz7MF7tPXHGStOcuY8NQQ3zapG_ib6_BQzY_Hk53hdXcDLV34g6_Jl22omaKHTywTpl5PhZZZXw&oh=03_Q7cD5wG2lXehUCau_VDH2e8zwx2ZaVkq0QMh30_BoPgc0qdcjA&oe=6A59803C&dl=1",
    "attachment_type": "video",
    "created_at": "2026-03-21T04:51:40Z"
  }
},
{
  "model": "facebook_integration.facebookmessage",
  "pk": 452,
  "fields": {
    "lead": 10,
    "fb_message_id": "m_OzmLmmGEmcOHf7ndvLcpQ81dMyAxTzaOZ-e7D4DDq24lVpaFe_eN7c8EoqlJZkELVzUvCaDuUmc0WcbkY52lMA",
    "sender_type": "customer",
    "text": "",
    "attachment_url": "https://scontent.fhan18-1.fna.fbcdn.net/o1/v/t2/f2/m483/AQNFwwCUz9F8_dYi71RSMtDvB1sdPeKu_8rC4k_23Z2KSApcIv7rO7AKgWNq404Qe4Z6hY8AolLjeyBjQThyPhV5N1tsIhDxbwHK7nyu1Q.mp4?_nc_cat=102&_nc_oc=AdoO7nsXIK5kmKNCa_eUqXbWADqMra2fNfoiYhKwz2BNdUcdRdef22dKuxNeuA4FXus&_nc_sid=4f86bc&_nc_ht=scontent.fhan18-1.fna.fbcdn.net&_nc_ohc=T4DXq567fpQQ7kNvwFt5tQH&ccb=17-1&_nc_gid=TAbwWR-XiIrye6sETGJfYQ&edm=AKu_40MEAAAA&_nc_zt=28&_nc_eui2=AeF3MEFdjF2wYHxR2X9TSX42NT4XKsvtRPA1Phcqy-1E8Lj0Nb3LAt4HRbkFOJsV012y90AcmnYcwAO4vrdQnkGB&_nc_tpa=Q5bMBQElSD2ByDiR78wPUNGG2wLQrb2GwNdbCaBIxbg9UgRWlCkNEL0BEgZCtRp1QVObpxJIjPZYqgB8KA&oh=03_Q7cD5wHxURhPjzA_XUVwUFB7ZI2ZuVBaZk4A-Fb7soPrzWw4Fg&oe=6A595EB0&dl=1",
    "attachment_type": "video",
    "created_at": "2026-03-21T05:03:37Z"
  }
},
{
  "model": "facebook_integration.facebookmessage",
  "pk": 453,
  "fields": {
    "lead": 10,
    "fb_message_id": "m_-ldvXSsawbEr5Bn2Sfndic1dMyAxTzaOZ-e7D4DDq256Jv4DOLL-4Y_K4SV4yBW92tZ8R3E1dp9UfuBeiQnd3A",
    "sender_type": "customer",
    "text": "",
    "attachment_url": "https://scontent.fhan18-1.fna.fbcdn.net/o1/v/t2/f2/m483/AQMLTwu5eGzMvBYCBrT5Lz9_Xc46ZpQMNAawmf_JY8UHjmTV4BAcBSGDj81XH4kLlcNgJQk-4KoYjmwhb0xfFdkvo_3aujN_q9oxXWOOeQ.mp4?_nc_cat=105&_nc_oc=AdpZDQrZItAHECfT3G3LATNEf6fZJghcTC0Tk9cjvbOZk26CfNvi2QoFlYmRqQnUmjI&_nc_sid=4f86bc&_nc_ht=scontent.fhan18-1.fna.fbcdn.net&_nc_ohc=cyWLRwfTpGoQ7kNvwH3uGg9&ccb=17-1&_nc_gid=TAbwWR-XiIrye6sETGJfYQ&edm=AKu_40MEAAAA&_nc_zt=28&_nc_eui2=AeESl2DLUHosgrzxUoZv8csIdiA4jSN1CEh2IDiNI3UISMMHkCaPmVWc1aJ9V1x5R0mjRHJwd_dgaQ0YYZ_kabdj&_nc_tpa=Q5bMBQEGU_kFHKHeD6LEfyEk8jGPOU_ORe-ERckhysVNNs_QWL9Sn5U9g1ATDVezbQh_YpUrQFPXD_TE-A&oh=03_Q7cD5wFAPzjUMz_AzFBsDct6HWs3vZtbI-F_-eyOKdG8e42XtA&oe=6A597BE9&dl=1",
    "attachment_type": "video",
    "created_at": "2026-03-21T05:05:48Z"
  }
},
{
  "model": "facebook_integration.facebookmessage",
  "pk": 454,
  "fields": {
    "lead": 10,
    "fb_message_id": "m_ts12GMmSDYqN84pRHLvLJ81dMyAxTzaOZ-e7D4DDq24d2NYvSTcL4HwfGrkS3qC9haXGBm-mN7RJNG3eKJPUHQ",
    "sender_type": "customer",
    "text": "",
    "attachment_url": "https://scontent.fhan18-1.fna.fbcdn.net/o1/v/t2/f2/m483/AQM3VfLGBwThSnkWJxvpt5Tu474aqkpKdjzahFXWTNHvIoWFUJv_RFAigCQmDzxC-37BIfyD6jhAaWHRSwMUq2M88GTKhOD9HZl7-kCSQQ.mp4?_nc_cat=101&_nc_oc=Adqi6EZx7TedxhhtgDChYOj5YhiGjSYbrM74-piPfcwOUhIUaZWJuu6JHAebfP-V_tg&_nc_sid=4f86bc&_nc_ht=scontent.fhan18-1.fna.fbcdn.net&_nc_ohc=KOmEMjUGEtEQ7kNvwEDdyb9&ccb=17-1&_nc_gid=TAbwWR-XiIrye6sETGJfYQ&edm=AKu_40MEAAAA&_nc_zt=28&_nc_eui2=AeGnB_VCjkEPWnDCfUpITVCMl6F4yRYimT2XoXjJFiKZPUuDkB2Ourkw6AC1na05FHufbEfO7FzCACLy8-SzrYTj&_nc_tpa=Q5bMBQFhA62Rm8zkyp0DRyZYVlfch14Vf7YE_QOKYE8oICZvSjJ3mHubmSpxfoCbKufBuUHIta7Tjvq2pg&oh=03_Q7cD5wEGj7QUNXOHiOshzGSik6IhzJoq0rFhNsjsc0U_RTMTYw&oe=6A597E9D&dl=1",
    "attachment_type": "video",
    "created_at": "2026-03-21T06:06:34Z"
  }
},
{
  "model": "facebook_integration.facebookmessage",
  "pk": 455,
  "fields": {
    "lead": 10,
    "fb_message_id": "m_KeOYVWTnW0mhsKoT00Yx181dMyAxTzaOZ-e7D4DDq25tUfi56d5mEkGM7dhARQp0cABXJd0LF34xHfXrCgzbXA",
    "sender_type": "customer",
    "text": "",
    "attachment_url": "https://scontent.fhan18-1.fna.fbcdn.net/o1/v/t2/f2/m483/AQOjIC5XQekvrmwuTVfqbOfv3R3eVm8D1a6GioRkLRPje6qJJMk1l7lBIJgVyIhRsz6his5l2KLYIAXt5n-2AzBjn-qAYyrbwgQp4GEkuQ.mp4?_nc_cat=100&_nc_oc=AdpvWd5PQ71j2zseDxpXZyGHoHFZ4-DSRmoKJCJCkv8yHgzbrC6-7-dfb0pQQLirNBA&_nc_sid=4f86bc&_nc_ht=scontent.fhan18-1.fna.fbcdn.net&_nc_ohc=H4xprt90pmYQ7kNvwEIEcjU&ccb=17-1&_nc_gid=TAbwWR-XiIrye6sETGJfYQ&edm=AKu_40MEAAAA&_nc_zt=28&_nc_eui2=AeFRk4HUhObMJAa6823IvX-VHHzctF-JqckcfNy0X4mpyVfLAKScMtHo48kiX3YXAGkfRWgBdEwieVfDdsu1Qhhi&_nc_tpa=Q5bMBQEmWEgjh3DvXU0QzlLuUWm37PDKlHFrmveWp37rvC_S7vT4vM814lMtqIt6vwBP1Aj70TFb5NGN8Q&oh=03_Q7cD5wECteIJhcdRrVtW9H1uhyj4WaTtgQHZF1U--VZDVpc1XQ&oe=6A595C56&dl=1",
    "attachment_type": "video",
    "created_at": "2026-03-21T06:06:47Z"
  }
},
{
  "model": "facebook_integration.facebookmessage",
  "pk": 456,
  "fields": {
    "lead": 10,
    "fb_message_id": "m_LVdWDN_0yE4_qfY3viHAHM1dMyAxTzaOZ-e7D4DDq25TT2T861AptyMg9h_REuYh8MDSnLJ3qnACO85ZqD40FA",
    "sender_type": "customer",
    "text": "",
    "attachment_url": "https://scontent.fhan18-1.fna.fbcdn.net/o1/v/t2/f2/m483/AQMFEe8S41MmNHBkTZ6sQ7kN-UjiuO89kFA7ZdXInTta8Rg3rEjWUokQUbMeUN5XM7ALLAeYR7mbh2sGJWFjpqVwa3f1I_3qnTg-Nwx8Bw.mp4?_nc_cat=111&_nc_oc=Adr4VpbrhSB4zqmfg1tdsqY9BM8n5Eu2eOzgq9XkOSYDZqdIfpbcTC120yK0TASb37w&_nc_sid=4f86bc&_nc_ht=scontent.fhan18-1.fna.fbcdn.net&_nc_ohc=uPfv62m8uLoQ7kNvwFmkcJX&ccb=17-1&_nc_gid=TAbwWR-XiIrye6sETGJfYQ&edm=AKu_40MEAAAA&_nc_zt=28&_nc_eui2=AeE2iv6pnBvQV5S2SEMwzrq2HqNh9BuKZykeo2H0G4pnKdizplG3g4Ddf0USi_AGBWJgUspyVjwWQbcll88Y92Lw&_nc_tpa=Q5bMBQGunkCj2SIosooehoImd-yo52y_c3q9DQxcMnsfDxTiwZw4bcxqCdVX62CGvdRXuDTzHKfXpCzgtw&oh=03_Q7cD5wGkxVnCHih7-36KliJICcrEsBXV_BcBz6ral6S051o94g&oe=6A59822B&dl=1",
    "attachment_type": "video",
    "created_at": "2026-03-21T06:06:59Z"
  }
},
{
  "model": "facebook_integration.facebookmessage",
  "pk": 457,
  "fields": {
    "lead": 10,
    "fb_message_id": "m_HVunkQwbN8G1F2nWbzI5ls1dMyAxTzaOZ-e7D4DDq26_51Lnp0snym7TAY9wslxA0o2lu4HdRak03VMpmHSuBA",
    "sender_type": "customer",
    "text": "",
    "attachment_url": "https://scontent.fhan18-1.fna.fbcdn.net/o1/v/t2/f2/m483/AQNC3bEAiXNtOlvIIbW5HjNQWyJp2bzgXzu0hvnLp0t1Cm8XdIjBZSQyXK3WwvKirvVjI59VRnsi-25KBiV8O2Swiwzt-Hdpiz7JgiTTTg.mp4?_nc_cat=101&_nc_oc=AdoXsz_J1lPGFVSeAUPqF6jBmdc3m0r132UDlHVFU6OYEAUdfS8OMUYHTMdBw8d-t8w&_nc_sid=4f86bc&_nc_ht=scontent.fhan18-1.fna.fbcdn.net&_nc_ohc=QMSUlNvI4a4Q7kNvwFeYM56&ccb=17-1&_nc_gid=TAbwWR-XiIrye6sETGJfYQ&edm=AKu_40MEAAAA&_nc_zt=28&_nc_eui2=AeF-SGWkjd8cHWxMKFZvGJmERezlQiJ75h5F7OVCInvmHomrfwk2P3qLfYIj2WBXqc-Tkjl6fIa3NxF0c6d-UkcC&_nc_tpa=Q5bMBQFDk3VbogSIaHU8iQR80GP8XYcXsx9DdVVkOAkK1icmGTX3Ukhe5Goykk2IU9_H86lHwtlqUlJ2HA&oh=03_Q7cD5wG-2yrPE1-Zuo3OzYYf_YOM3DMyWVvKRCos2iJZm0oQcw&oe=6A596681&dl=1",
    "attachment_type": "video",
    "created_at": "2026-03-21T07:13:37Z"
  }
},
{
  "model": "facebook_integration.facebookmessage",
  "pk": 458,
  "fields": {
    "lead": 10,
    "fb_message_id": "m_3GJYtbVRSldrH08Ud5ShD81dMyAxTzaOZ-e7D4DDq24wUlDPJjMnZG3KU5i708S--kDc0CjezHyDF52uy-nc2w",
    "sender_type": "customer",
    "text": "",
    "attachment_url": "https://scontent.fhan18-1.fna.fbcdn.net/o1/v/t2/f2/m483/AQNFwwCUz9F8_dYi71RSMtDvB1sdPeKu_8rC4k_23Z2KSApcIv7rO7AKgWNq404Qe4Z6hY8AolLjeyBjQThyPhV5N1tsIhDxbwHK7nyu1Q.mp4?_nc_cat=102&_nc_oc=AdoO7nsXIK5kmKNCa_eUqXbWADqMra2fNfoiYhKwz2BNdUcdRdef22dKuxNeuA4FXus&_nc_sid=4f86bc&_nc_ht=scontent.fhan18-1.fna.fbcdn.net&_nc_ohc=T4DXq567fpQQ7kNvwFt5tQH&ccb=17-1&_nc_gid=TAbwWR-XiIrye6sETGJfYQ&edm=AKu_40MEAAAA&_nc_zt=28&_nc_eui2=AeF3MEFdjF2wYHxR2X9TSX42NT4XKsvtRPA1Phcqy-1E8Lj0Nb3LAt4HRbkFOJsV012y90AcmnYcwAO4vrdQnkGB&_nc_tpa=Q5bMBQEpwbQ8LZg30k_Z50nb0yKlt2Ck7tzoIN9wdqmp1dIVs34nG0LbS8-4L1MZq0jKzYhgxUDAQY5urw&oh=03_Q7cD5wFneh1Du04SviELeHET14KQdQkl4nrXQAU-KYyTan_FKA&oe=6A595EB0&dl=1",
    "attachment_type": "video",
    "created_at": "2026-03-21T07:13:38Z"
  }
},
{
  "model": "facebook_integration.facebookmessage",
  "pk": 459,
  "fields": {
    "lead": 10,
    "fb_message_id": "m_fv25sXHvyAo_aVRh1pm1nc1dMyAxTzaOZ-e7D4DDq24rzIJUnTl-GnU5UmkEC9p9bXf-GE9QsbHS0rSgsRfBMA",
    "sender_type": "customer",
    "text": "",
    "attachment_url": "https://scontent.fhan18-1.fna.fbcdn.net/o1/v/t2/f2/m483/AQM24t9Fa3ClogKE5QQ3e4rx1GMI8C6kgCJIwOKpwR9hCm3ThKjAaFbZmeVAo-qHLTfKQ78NaWScwwC9iNWxJsJ9ukINeD8fRMyCPH-jkg.mp4?_nc_cat=100&_nc_oc=AdpzBXDMfGjaMJsMVYZvbtM3wtzHEiG332S1MnPwWbo-XjksOcECHB3NKmuQjkK3BTU&_nc_sid=4f86bc&_nc_ht=scontent.fhan18-1.fna.fbcdn.net&_nc_ohc=5YoOEBeabVEQ7kNvwFxY4Aq&ccb=17-1&_nc_gid=TAbwWR-XiIrye6sETGJfYQ&edm=AKu_40MEAAAA&_nc_zt=28&_nc_eui2=AeHC-YVWuCUJxxdillWgJ4nPXgqFtFhomBFeCoW0WGiYEVurD_fNdgCSsVDyQ5KjzMAFow3oZUsHvAecp6acp2ic&_nc_tpa=Q5bMBQEgdTkfQUPBgVzacaZDofv_xrxLl4Cmpz0sbGeIAvxZzPs1Yl8H0fKGGVOpMnmEEyA_0a22QfWi3A&oh=03_Q7cD5wFYq_XqkOyEcdZb2yZb6WXVic-3EekP71SKFoBXV6aWAg&oe=6A596D1A&dl=1",
    "attachment_type": "video",
    "created_at": "2026-03-21T07:13:46Z"
  }
},
{
  "model": "facebook_integration.facebookmessage",
  "pk": 460,
  "fields": {
    "lead": 10,
    "fb_message_id": "m_eGMTwTrAPbb1WzU5shJZCc1dMyAxTzaOZ-e7D4DDq26lIQVtiMgEh_LZ431qkLXuyycasTwmW-Ni16voY4F91Q",
    "sender_type": "customer",
    "text": "",
    "attachment_url": "https://scontent.fhan18-1.fna.fbcdn.net/o1/v/t2/f2/m483/AQNiBiFaixTBxbpBR_4BLBQC0moXrdMsWDrfETS7F2tqLfPnDhFsYTSw55awfK8pnSFGOEgWswU-Nh3FAFGKAcs5tR_54xTaeKtpvc7nwA.mp4?_nc_cat=111&_nc_oc=Adp-KOM5_dSlLxVYx4HxemEX_dSGnnlpHNkQv1bqWnjYz_oVbPVuOVRcJVqbIP12lDo&_nc_sid=4f86bc&_nc_ht=scontent.fhan18-1.fna.fbcdn.net&_nc_ohc=JjQTsg-snK0Q7kNvwF7Wjzv&ccb=17-1&_nc_gid=TAbwWR-XiIrye6sETGJfYQ&edm=AKu_40MEAAAA&_nc_zt=28&_nc_eui2=AeFr5j7uY763t1nM6XlMAn8xtZ3RWhWvzKK1ndFaFa_MovL0rK4x6duC0FT8mlxk8ukPxVda5p6ZsgZlAlBnnjez&_nc_tpa=Q5bMBQGxJSQmG_WbgVmmH4OfYzRzIJ99Qm4eo5UPqqmkbZWdgYA7Bp96VcCzOk-o7zE6xc12dppgSVL7UA&oh=03_Q7cD5wEsOTt7skctqDRYoVefxNDfBkA_QHuswo8Mm3g-vuhVrg&oe=6A5972A3&dl=1",
    "attachment_type": "video",
    "created_at": "2026-03-21T07:13:59Z"
  }
},
{
  "model": "facebook_integration.facebookmessage",
  "pk": 461,
  "fields": {
    "lead": 10,
    "fb_message_id": "m_0v2GijIaf_g689-cdxV_dM1dMyAxTzaOZ-e7D4DDq27TjbHXBcFjaHLSXdrhVUsx380bMFYOVGhyN5WX2b_3iQ",
    "sender_type": "customer",
    "text": "",
    "attachment_url": "https://scontent.fhan18-1.fna.fbcdn.net/o1/v/t2/f2/m483/AQOktpGdkbXG-vQfSqwwpL1wTbJTKUN2902L4MheN1HQoJl0eMtF_BvrzPjX4b-eHC5GzAEAxSuhGRcT3QB8KyDaSBw9tdsc6Vl9WCqcHg.mp4?_nc_cat=105&_nc_oc=AdqQWyBbUOIuutkS2eK6rLA2Xo1js0SjrkPQ-Y-0MzFMlvqSAC6q4WSTyIWsAkB2L04&_nc_sid=4f86bc&_nc_ht=scontent.fhan18-1.fna.fbcdn.net&_nc_ohc=XCCKvO_Hm2EQ7kNvwHT8KkW&ccb=17-1&_nc_gid=TAbwWR-XiIrye6sETGJfYQ&edm=AKu_40MEAAAA&_nc_zt=28&_nc_eui2=AeH9PY5Rn7bv-SAF3wCnyIWvmAVXydN-YyOYBVfJ035jI107FY64D9lmG0g7dLOwVmf5YnUnKgVaYU12RXFtp_vk&_nc_tpa=Q5bMBQHLcj2R_0RX1dlHJzqIgg9k3ZE6MKR8Y4D1iUK2DztineLipg86KjlW-Tvu6eAVWUT66WWyNswU_w&oh=03_Q7cD5wENLikAZIHfb4jLN7PTRp-p-8QAwiBj3NZ5EhsGzqfVmw&oe=6A5964D1&dl=1",
    "attachment_type": "video",
    "created_at": "2026-03-22T10:10:37Z"
  }
},
{
  "model": "facebook_integration.facebookmessage",
  "pk": 462,
  "fields": {
    "lead": 10,
    "fb_message_id": "m_DxFv9lzRMzP5WuvW6kNdZc1dMyAxTzaOZ-e7D4DDq24MIiPmymmskNYe9BFTiTMAjspg5SqUZQUBzSFh6tOJmw",
    "sender_type": "customer",
    "text": "",
    "attachment_url": "https://scontent.fhan18-1.fna.fbcdn.net/o1/v/t2/f2/m483/AQMZOuNHT_QHVmQ4XrqcG8WRqQQMazSbSVG4KEXFaqUZwvu874OIZfi5WREa2KEL5IUw2mlaxQ58KrR6cuPevY1s_w8fiyLqdMuFNiuDTw.mp4?_nc_cat=108&_nc_oc=AdqMhIl-EdE3uGrFuwLXSzMDR25-vId805YzbmGKT1PHAsCWnS2av1yfQfK4kkTELQ8&_nc_sid=4f86bc&_nc_ht=scontent.fhan18-1.fna.fbcdn.net&_nc_ohc=L9MCXkNiMDYQ7kNvwFBtmOK&ccb=17-1&_nc_gid=TAbwWR-XiIrye6sETGJfYQ&edm=AKu_40MEAAAA&_nc_zt=28&_nc_eui2=AeFcFYr__Zjt136YeRJcHHEu9u2gL4sFH5T27aAviwUflCvxadlNXQfNJk3u75OAkvrX8SfGSjeTDjFMRqR_z5WW&_nc_tpa=Q5bMBQEcnRdNqmOsNki8OBAps4CkrnzxU_9xP4l64Kq4CD7J2S1wlPIhOsNEutYY8y3fI3QSzhuTwemiPA&oh=03_Q7cD5wG3URDftUx3pqkJIXGeG5GpS9V_pP4zwESoatRmCI9BZQ&oe=6A59501A&dl=1",
    "attachment_type": "video",
    "created_at": "2026-03-23T01:14:42Z"
  }
},
{
  "model": "facebook_integration.facebookmessage",
  "pk": 463,
  "fields": {
    "lead": 10,
    "fb_message_id": "m_tOYt_-Hh1c1N-rp55Cv2HM1dMyAxTzaOZ-e7D4DDq277xhs94RRI91oD6yG6erPkaaC1khBH4JivPvFEOzw-_Q",
    "sender_type": "customer",
    "text": "",
    "attachment_url": "https://scontent.fhan18-1.fna.fbcdn.net/o1/v/t2/f2/m483/AQM3VfLGBwThSnkWJxvpt5Tu474aqkpKdjzahFXWTNHvIoWFUJv_RFAigCQmDzxC-37BIfyD6jhAaWHRSwMUq2M88GTKhOD9HZl7-kCSQQ.mp4?_nc_cat=101&_nc_oc=Adqi6EZx7TedxhhtgDChYOj5YhiGjSYbrM74-piPfcwOUhIUaZWJuu6JHAebfP-V_tg&_nc_sid=4f86bc&_nc_ht=scontent.fhan18-1.fna.fbcdn.net&_nc_ohc=KOmEMjUGEtEQ7kNvwEDdyb9&ccb=17-1&_nc_gid=TAbwWR-XiIrye6sETGJfYQ&edm=AKu_40MEAAAA&_nc_zt=28&_nc_eui2=AeGnB_VCjkEPWnDCfUpITVCMl6F4yRYimT2XoXjJFiKZPUuDkB2Ourkw6AC1na05FHufbEfO7FzCACLy8-SzrYTj&_nc_tpa=Q5bMBQFw6rITxalCzZ4iH4_sYaIQCPjzkbsjMxcvbyQcVJJROU8YC8DpKS9uGThBzkFuoZugHYuzikpvdw&oh=03_Q7cD5wHvVYkbvs0UfqX_2plPd9HHFww2lgZzXoWumq3CrehfhA&oe=6A597E9D&dl=1",
    "attachment_type": "video",
    "created_at": "2026-03-23T01:14:44Z"
  }
},
{
  "model": "facebook_integration.facebookmessage",
  "pk": 464,
  "fields": {
    "lead": 10,
    "fb_message_id": "m__UgE4--j4dJcPdPZ-8eVAs1dMyAxTzaOZ-e7D4DDq277CkvGnOqsw1ytxhdFDVJJL_2FOqRF5I3G2FOuL7uXJA",
    "sender_type": "customer",
    "text": "",
    "attachment_url": "https://scontent.fhan18-1.fna.fbcdn.net/o1/v/t2/f2/m483/AQN4p2Fq2zWpxcoXIroB-Pc9UmrafZDI2GwCGfUHcE6JgNcBZbflctvJUagIaPIPZsPoZkGg-saVP9mAlJqN_IJtLdMLLGn_F0iM4N9hoQ.mp4?_nc_cat=102&_nc_oc=Adoa2smibrdaLzx4J-X7z4lZCN9aeSdEMFR96fRWLDyx7IpFkPR6yK0b1mlBxx6Pg1E&_nc_sid=4f86bc&_nc_ht=scontent.fhan18-1.fna.fbcdn.net&_nc_ohc=2zhb6fpyqfQQ7kNvwGANnBz&ccb=17-1&_nc_gid=TAbwWR-XiIrye6sETGJfYQ&edm=AKu_40MEAAAA&_nc_zt=28&_nc_eui2=AeHO0hzk968MAMxnYKQ75g37XGsSwKn-0RBcaxLAqf7RECSEcZkK5FJqBLJNfG7Gw9OsI_441AzpPcyFAcjnvw8q&_nc_tpa=Q5bMBQFX0WsRUWFHDAAhw6vUk4PVck3iPfytgEybcgR02xNBoLRxla_h9nCLYeVBCGgeNYFUARcnnai8qQ&oh=03_Q7cD5wHzzODsWvrrlp2qFeZLd7RnGcuztYQVUn5t394SaX-hVQ&oe=6A59803C&dl=1",
    "attachment_type": "video",
    "created_at": "2026-03-23T01:14:44Z"
  }
},
{
  "model": "facebook_integration.facebookmessage",
  "pk": 465,
  "fields": {
    "lead": 10,
    "fb_message_id": "m_YnuWLBnR_FMomooOZIod1c1dMyAxTzaOZ-e7D4DDq26Ll3lYrhvEwpYZijlE6IuP4wIFqAG8J8pNBxBnJIMsAQ",
    "sender_type": "customer",
    "text": "",
    "attachment_url": "https://scontent.fhan18-1.fna.fbcdn.net/o1/v/t2/f2/m483/AQM2kjDnOXmSH7l295gUwahSGSyFJJmanXiCEXiT5RzLGRutjdCE7fmKYgKechOGgs67S-gbivyIiImIKFi_89sQc7q9JC3FzXJIDuDfNA.mp4?_nc_cat=110&_nc_oc=AdqRJ_3NPm8c6G0jRfWKGKdZkXPMZogwYsDnZCAsMsCtr7OZHGUcHFzxwblmvNVX26Q&_nc_sid=4f86bc&_nc_ht=scontent.fhan18-1.fna.fbcdn.net&_nc_ohc=eiHf7Ipy0hkQ7kNvwEd3e8v&ccb=17-1&_nc_gid=TAbwWR-XiIrye6sETGJfYQ&edm=AKu_40MEAAAA&_nc_zt=28&_nc_eui2=AeEd7383aD3ZFIAbtj3QRKY6hXxzQqcKrECFfHNCpwqsQDb4jOFTcwjRo2Dln1cFmnC2ISJz8ooloFpqU-rBdMEz&_nc_tpa=Q5bMBQHt7Qpgqx-RapnkyxNeoKn0kx_2zs0iCDzGRNnKpBhh7u7bJjb_iHfPCFi4JstVAuu-YFNDjBKggA&oh=03_Q7cD5wGRy-vbFh6r6oGNny1_2ePaYnTTq6_nDvESUnPEinAMHQ&oe=6A5950A4&dl=1",
    "attachment_type": "video",
    "created_at": "2026-03-23T01:14:57Z"
  }
},
{
  "model": "facebook_integration.facebookmessage",
  "pk": 466,
  "fields": {
    "lead": 10,
    "fb_message_id": "m_V5PifBzNO_scqmSKz3AYDM1dMyAxTzaOZ-e7D4DDq25JSy1ZMMjfE3U6pBfl6wE3LGN0kv8hHKMlXn0xfMxLrA",
    "sender_type": "customer",
    "text": "",
    "attachment_url": "https://scontent.fhan18-1.fna.fbcdn.net/o1/v/t2/f2/m483/AQNjWoZft5V1uG56xiJqDLWydMQOq5F1FAFz7ShB2n9vxHfD_IcYwsA-MqbnjvCStsLS9S3AvC3wdmA-Oqhns2-_8mrTD8I5Mj48h7zPGg.mp4?_nc_cat=109&_nc_oc=AdrmZ9v4an3ZEny6xuX3lcJgx_B0jC4hW3npOlh97NWYooZUhm2CJ9aR1TAlmfsYTAk&_nc_sid=4f86bc&_nc_ht=scontent.fhan18-1.fna.fbcdn.net&_nc_ohc=oLgILR9qo1AQ7kNvwEtulCJ&ccb=17-1&_nc_gid=TAbwWR-XiIrye6sETGJfYQ&edm=AKu_40MEAAAA&_nc_zt=28&_nc_eui2=AeELDbFmv7MgTWhtFh_HzdtqmUUE_-HSZ0mZRQT_4dJnSTvliw_t999HzaLqCdfvn-n8cY5HRsZl1m1p0ABDic1K&_nc_tpa=Q5bMBQFZdwcaob35AO9k2n07FuR40kvInFQpkkZophKY6lt9DN09nVhfIRslUt5Ur0rPQjva5oAafaHwcg&oh=03_Q7cD5wG20v2Dao0iGYTNNfTEIDnVPimqbfWPM8QIxwqJyoHhjw&oe=6A5978F9&dl=1",
    "attachment_type": "video",
    "created_at": "2026-03-23T01:15:08Z"
  }
},
{
  "model": "facebook_integration.facebookmessage",
  "pk": 467,
  "fields": {
    "lead": 10,
    "fb_message_id": "m_grkAiIy3PcAh5usl99XMKs1dMyAxTzaOZ-e7D4DDq25W0dkgBPi3I1WB53ykDl2AwM0aLiERHQjQuEPdITbblA",
    "sender_type": "customer",
    "text": "",
    "attachment_url": "https://scontent.fhan18-1.fna.fbcdn.net/o1/v/t2/f2/m483/AQOEzwux0qwQjW-uMIZRVOQtKEv_0tSRqKSGcDhaIMyGwGFjmKttcy7vRojBkzT9GBC6E-KWrOXyzTX_TU0wmRWbW1nVlMJrc1G15qob0Q.mp4?_nc_cat=109&_nc_oc=AdrG29ISKISdGPXVSSdkbNEj4Td7fazKRvdsZTMtMDE91vxReJUOO5h0NBdVGD97s_I&_nc_sid=4f86bc&_nc_ht=scontent.fhan18-1.fna.fbcdn.net&_nc_ohc=NGaCnjXNG4oQ7kNvwEPH2VB&ccb=17-1&_nc_gid=TAbwWR-XiIrye6sETGJfYQ&edm=AKu_40MEAAAA&_nc_zt=28&_nc_eui2=AeGHDaC3nB3AF3K-7OdW3aJKGhUE7WBmAk8aFQTtYGYCTwEAynsh4_SvZ-5w3jRDLNH2VZKZvS9TGOSA2oh8Ud4L&_nc_tpa=Q5bMBQGsnaLFnH94Wd4-zFejey9oD27lGMOZi_F5G4vs68sB3FAle8zMIoRZ3R198GEli-cv4QAfUbChKw&oh=03_Q7cD5wGqhXfhS0x5jshasC1Bcol1xOKJgbD3FhVMq3Yno19KLQ&oe=6A594CC5&dl=1",
    "attachment_type": "video",
    "created_at": "2026-03-23T01:17:34Z"
  }
},
{
  "model": "facebook_integration.facebookmessage",
  "pk": 468,
  "fields": {
    "lead": 10,
    "fb_message_id": "m_wXbO1JGBxabIQUcx9B7Dos1dMyAxTzaOZ-e7D4DDq24xXI5yMD6mKZaHulFt9CsIbjsB2xfkDc8CdOxjK0j08Q",
    "sender_type": "customer",
    "text": "",
    "attachment_url": "https://scontent.fhan18-1.fna.fbcdn.net/o1/v/t2/f2/m483/AQOKUpQ_wC8wRmVMLrJGDCpWdqipmYubPf9nPkVAvS_r4S5PkICqBbUef2YN-B_AxTxv51_ALcay6dbKAIcWC5yCc3PPGLrlF2ihyXigXQ.mp4?_nc_cat=111&_nc_oc=AdpG5wxB8lpAgZMcJoo-q2sXsy0aWeU6su7F5UzWxypY0ZI-iXAgunvjcCfhZXXdlbA&_nc_sid=4f86bc&_nc_ht=scontent.fhan18-1.fna.fbcdn.net&_nc_ohc=JcAL8KRPr_8Q7kNvwHQA6M8&ccb=17-1&_nc_gid=TAbwWR-XiIrye6sETGJfYQ&edm=AKu_40MEAAAA&_nc_zt=28&_nc_eui2=AeGO6bsiHxP0gMB_lKzAqLAitAQyxvnCGVa0BDLG-cIZVkMLWhxySYi1KpCn4YHfeGJsCb738E5Nqj6ervvRrQum&_nc_tpa=Q5bMBQH87lCPTsI6fxCGwqmAZOfIvTpu86cVQxg5YUhk7CxlBiXdo35dxYbx9bPTLp3nsGV-TSU5ORtEmw&oh=03_Q7cD5wFHUxiIDbxvZb3On4ROq-dJkpB4JS__Ogytc8sw2ZcyhQ&oe=6A597703&dl=1",
    "attachment_type": "video",
    "created_at": "2026-03-23T01:17:44Z"
  }
},
{
  "model": "facebook_integration.facebookmessage",
  "pk": 469,
  "fields": {
    "lead": 10,
    "fb_message_id": "m_5V9v5wzDWB8rDY269AeJ381dMyAxTzaOZ-e7D4DDq27bP8klNdiAiN6lmAxOfuYCbtn7GT_VEXcdwr8ZD7XQYw",
    "sender_type": "customer",
    "text": "",
    "attachment_url": "https://scontent.fhan18-1.fna.fbcdn.net/v/t42.3356-2/434420955_25017266274584326_901104038859791884_n.mp4?_nc_cat=106&ccb=1-7&_nc_sid=4f86bc&_nc_eui2=AeFqm0UqAqMFKimLU_3pJ7jfH73tpzATF_0fve2nMBMX_SKRGId9Z_yvTaZX_ZYdA-_pQQXtnL85JEmClUiDSply&_nc_ohc=laNXrF-DiI4Q7kNvwHKqbII&_nc_oc=AdopH3GbwtQASnsAUBjp8Xzwml_zyeUjP2Do-C7powOJ79uVzHBy9ItgLe9mnWNqeS8&_nc_zt=28&_nc_ht=scontent.fhan18-1.fna&edm=AKu_40MEAAAA&_nc_gid=TAbwWR-XiIrye6sETGJfYQ&_nc_tpa=Q5bMBQHiBdPoNAqSFGnpf9Q5qmysWqYIZz_WolseiXX5A1BiuiHOrg-e2qGvAkcrgTTa5R-pXfuRAHr3KA&oh=03_Q7cD5wHiuvu0NRrj2HxqDfLucL9iaGmAzofYyr3BmE0j0wnzsg&oe=6A596595&dl=1",
    "attachment_type": "video",
    "created_at": "2026-03-23T01:17:45Z"
  }
},
{
  "model": "facebook_integration.facebookmessage",
  "pk": 470,
  "fields": {
    "lead": 10,
    "fb_message_id": "m_TPyhbLyxYFs9vxSf9ZaBOs1dMyAxTzaOZ-e7D4DDq249YzMVI3ZxinvBy-p4J9o6rBuW59HZkJgdZ-2YEFJMXA",
    "sender_type": "customer",
    "text": "",
    "attachment_url": "https://scontent.fhan18-1.fna.fbcdn.net/o1/v/t2/f2/m483/AQPdxlvp7IFnr4Wy0PhvSRRw3XrQqJCjUYVk0vl4cGnUUNiPUFmGfBz6q_MmaKm76ZUlXMw3wGgBv_C2g53GGxYIPAZ5eDhOU9VRbIIoNQ.mp4?_nc_cat=101&_nc_oc=AdrACYQ2w5KWWQLnvQVLueDl3Pliw13Ux8TkfsiL3h6rW16c8l_0CwcMAxPXhGfGVxY&_nc_sid=4f86bc&_nc_ht=scontent.fhan18-1.fna.fbcdn.net&_nc_ohc=B_l5zXjwUJQQ7kNvwFpdwAV&ccb=17-1&_nc_gid=TAbwWR-XiIrye6sETGJfYQ&edm=AKu_40MEAAAA&_nc_zt=28&_nc_eui2=AeFGn-rzIrs-P5_UmlysVejWEzX-3roE-JYTNf7eugT4ll0gNFG1XXKt8TIAnELlIXyXkNzrlMz1Og8o9Oep392V&_nc_tpa=Q5bMBQHfORvebHRVOTg1n8zJxgMkrErvXlUz4YQs9_GwoUiTmw0Qc_B-2agm6UjMmPZgF4IjnAKJLeeEXA&oh=03_Q7cD5wHaFWB0RNhiZZnfFJi-waWCEsiT3-_7zGjtP3SGts4RYQ&oe=6A59525D&dl=1",
    "attachment_type": "video",
    "created_at": "2026-03-23T01:17:52Z"
  }
},
{
  "model": "facebook_integration.facebookmessage",
  "pk": 471,
  "fields": {
    "lead": 10,
    "fb_message_id": "m_i8kldLUSr86FW1d9miysn81dMyAxTzaOZ-e7D4DDq25FeKGyr9sUUP7rWgZFjEIU9pqsrM4For4McWAboR9MWQ",
    "sender_type": "customer",
    "text": "",
    "attachment_url": "https://scontent.fhan18-1.fna.fbcdn.net/o1/v/t2/f2/m483/AQM6V5JeNFmPF-KO-m0_Xgx1lc8ftafm36ksEjJkDRv4x84YFiM9i-NPVdaij9RaxiHtILtlwcXl0od3gI3ac2Uw70rkRO2JxnGZQF5rZQ.mp4?_nc_cat=111&_nc_oc=AdokIWhz5N9UDZ4g9vcD5NofoolqEFuEGhgO1PFPTjzXy2NPgbP8jRFEeTfV4JPg6-g&_nc_sid=4f86bc&_nc_ht=scontent.fhan18-1.fna.fbcdn.net&_nc_ohc=3GhdfybOwqUQ7kNvwEVq5Kw&ccb=17-1&_nc_gid=TAbwWR-XiIrye6sETGJfYQ&edm=AKu_40MEAAAA&_nc_zt=28&_nc_eui2=AeEZQgkLi2pqJYtkAVPxrKujPzIkohMjJtI_MiSiEyMm0vhzyHQBQolsqG4JRt3wa8DNpIBozuWxhrThS4_OntKg&_nc_tpa=Q5bMBQE5YjoHLQN7lheAiwlxcHsQi5hKMZvwhtG4F5h_O5aOhbzpLwsU87e6DJdHWZNVfFbT85x_K6XoGg&oh=03_Q7cD5wFeyex1jcCNrpPe4GtZaTKZHfspinRr3tG3VU6yh8iepQ&oe=6A594B77&dl=1",
    "attachment_type": "video",
    "created_at": "2026-03-23T01:18:00Z"
  }
},
{
  "model": "facebook_integration.facebookmessage",
  "pk": 472,
  "fields": {
    "lead": 10,
    "fb_message_id": "m_y9NxpG1R-VjPn8vvD-4lM81dMyAxTzaOZ-e7D4DDq27f4Dqt79mijid56m5wD2sCbJkm0gphsVEyLXmMpQ9YVw",
    "sender_type": "customer",
    "text": "",
    "attachment_url": "https://scontent.fhan18-1.fna.fbcdn.net/v/t42.3356-2/434338661_7147889081999892_4575123955388664449_n.mp4?_nc_cat=102&ccb=1-7&_nc_sid=4f86bc&_nc_eui2=AeHiSVwsbBSr5EHQS1V4Tt6fmgZnq_prQyCaBmer-mtDIJqVN7rb7iEFPhgtYY_Cvr5wVZJcSD4uE3KamMDKdTTA&_nc_ohc=De43Y2t1NbMQ7kNvwHdjRPD&_nc_oc=AdoVKi3tL761Xq6TxAzFA2Xs2-nQR232xa96NFQCAYxvJTqdV8MRFm6KcukaCeMEoKg&_nc_zt=28&_nc_ht=scontent.fhan18-1.fna&edm=AKu_40MEAAAA&_nc_gid=TAbwWR-XiIrye6sETGJfYQ&_nc_tpa=Q5bMBQGiJnAvgThy-AZaNiKstER9ePt-KSOpsRqu5wv3Pg6Fkx7ZqqadGJkbUe5p12Q_rd79_KOR7eMV_Q&oh=03_Q7cD5wFV9u2_E6_OgviGevyVugOo4_RFRWBwjw5IybfuJSeTxg&oe=6A594E0F&dl=1",
    "attachment_type": "video",
    "created_at": "2026-03-23T01:47:42Z"
  }
},
{
  "model": "facebook_integration.facebookmessage",
  "pk": 473,
  "fields": {
    "lead": 10,
    "fb_message_id": "m_H-iwqvuCznwgJa5xxu9lYM1dMyAxTzaOZ-e7D4DDq26fNrYaRl0aWlRFnR8aDKlTUAp6eayuWlgcHQjE4LsTDA",
    "sender_type": "customer",
    "text": "",
    "attachment_url": "https://scontent.fhan18-1.fna.fbcdn.net/o1/v/t2/f2/m483/AQMXCj4nR6lAbkx7Bn7hwMWJecVEObA1uZZBu6av1wvK3ENEgSJE-EurfmiYTAOFLYejhTV0UTqcqSMcAdNwEiocrknlYWq6D_FLBDU09g.mp4?_nc_cat=110&_nc_oc=AdoadfPSGhxDCAa6MWth4TsUI-Eotkl7aiTs_MnEXZolhO7A1rOtrmRfxJ9f2veOjeU&_nc_sid=4f86bc&_nc_ht=scontent.fhan18-1.fna.fbcdn.net&_nc_ohc=pyxyFa9UxuoQ7kNvwG9fLz0&ccb=17-1&_nc_gid=TAbwWR-XiIrye6sETGJfYQ&edm=AKu_40MEAAAA&_nc_zt=28&_nc_eui2=AeFKaUJ64cSNEIOOhVivTlKDz4aOJ86fGJHPho4nzp8YkUH_qV5yRBdLVafx8ZuGWatt7vR6jEwuZB3GrQsLeEWh&_nc_tpa=Q5bMBQFqkmLsWpQdqDfe4_JYFgGhr06Arf3yunTsw4-ttaKgjmLaUHXkAEZ4787DIUFlwj5N2gs9M14KEQ&oh=03_Q7cD5wFvlzlySCTjPiC9mJyDHkP2g5vgm9lDHkXswaiXsuC5Rg&oe=6A596C10&dl=1",
    "attachment_type": "video",
    "created_at": "2026-03-23T01:48:06Z"
  }
},
{
  "model": "facebook_integration.facebookmessage",
  "pk": 474,
  "fields": {
    "lead": 10,
    "fb_message_id": "m_jmyyC0CaYI8rrCaLi8qmi81dMyAxTzaOZ-e7D4DDq246iCQ6l0jcxisqDeGNJdwZCDK8PIiJDXWcOyw6BVNHxA",
    "sender_type": "customer",
    "text": "",
    "attachment_url": "https://scontent.fhan18-1.fna.fbcdn.net/o1/v/t2/f2/m483/AQN8uq9gsICh0KkKMHY14vTSnsxb4nJVBPX2hN4l_tHQwkhvJI3_XcMveIuVvpfFY-WrR1Wk4ueYNUMuKk_81F4N8aceLPuIUcvoAWqy-w.mp4?_nc_cat=107&_nc_oc=Adoqdzk5fj-JteF6MXWjY46chBaFcxZOOwWvbvVSnrk_UcyKeLRfVVxTndwjJSEIcUc&_nc_sid=4f86bc&_nc_ht=scontent.fhan18-1.fna.fbcdn.net&_nc_ohc=c9uwBIIVNSUQ7kNvwEtODwR&ccb=17-1&_nc_gid=TAbwWR-XiIrye6sETGJfYQ&edm=AKu_40MEAAAA&_nc_zt=28&_nc_eui2=AeGy2y6xessZsZv3HHzN9vicMlrFcH3zEvcyWsVwffMS94AXFNWjO0VVxA-yKenU1AHIuJYfxIp8Mg8lqohuAT3J&_nc_tpa=Q5bMBQH4T4KVABgSw84Sl8mrc5a9hgRILVYbluwDkaPaUAk1IKjDlUgkNRNv7JdRsc2IddHktrxGUwrGNQ&oh=03_Q7cD5wFWkFZMWSw3XCsacCbLdwc8BmmLmHHtVO8RJuTPpPgy0A&oe=6A59618F&dl=1",
    "attachment_type": "video",
    "created_at": "2026-03-23T06:31:46Z"
  }
},
{
  "model": "facebook_integration.facebookmessage",
  "pk": 475,
  "fields": {
    "lead": 10,
    "fb_message_id": "m_jl-A1bRNUagkrvhbiQLVN81dMyAxTzaOZ-e7D4DDq25jZKL6a5O-lztMAPmUn-Z3sZgMm3uRsbB007t5po-nug",
    "sender_type": "customer",
    "text": "",
    "attachment_url": "https://scontent.fhan18-1.fna.fbcdn.net/v/t1.15752-9/654253693_1478274100493388_5973675357334467398_n.jpg?stp=dst-jpg_s2048x2048_tt6&_nc_cat=100&ccb=1-7&_nc_sid=fc17b8&_nc_eui2=AeEXMdGWlRaQdB_BWDOdklenxDrymPwo5VrEOvKY_CjlWitVxwSgQbRRp9tG5Z11dkh5E-i7mIH6aqsrRmIe8WiN&_nc_ohc=2e1KlMQP4o8Q7kNvwHSQb4X&_nc_oc=AdoUJZrop6gj5bSjWIlkNDKR4LyTEmH5T5pkd3pJS5FscTZjkqvvCRvQZkUciMPgEfA&_nc_zt=23&_nc_ht=scontent.fhan18-1.fna&edm=AKu_40MEAAAA&_nc_tpa=Q5bMBQHV0-zD4wIgVhgHfOmrBYS8VDaDzr0YU4vHwFKa2ynJk5NW5QwTbOGrgo6pmdH0gyxe-HFkicAk6w&oh=03_Q7cD5wFDD14OXO8NitgsD0UxBCYwzSElWGb1lFVNUD28hL9otA&oe=6A7EEEFF",
    "attachment_type": "image",
    "created_at": "2026-03-26T06:48:31Z"
  }
},
{
  "model": "facebook_integration.facebookmessage",
  "pk": 476,
  "fields": {
    "lead": 10,
    "fb_message_id": "m_LbHu2p-ghRt-MDW74jKV5M1dMyAxTzaOZ-e7D4DDq27cMhexvXcuHTiITYGwlz_E35Yc5YguHrt8Ckxcy2xAxQ",
    "sender_type": "customer",
    "text": "",
    "attachment_url": "https://scontent.fhan18-1.fna.fbcdn.net/o1/v/t2/f2/m483/AQMFEe8S41MmNHBkTZ6sQ7kN-UjiuO89kFA7ZdXInTta8Rg3rEjWUokQUbMeUN5XM7ALLAeYR7mbh2sGJWFjpqVwa3f1I_3qnTg-Nwx8Bw.mp4?_nc_cat=111&_nc_oc=Adr4VpbrhSB4zqmfg1tdsqY9BM8n5Eu2eOzgq9XkOSYDZqdIfpbcTC120yK0TASb37w&_nc_sid=4f86bc&_nc_ht=scontent.fhan18-1.fna.fbcdn.net&_nc_ohc=uPfv62m8uLoQ7kNvwFmkcJX&ccb=17-1&_nc_gid=TAbwWR-XiIrye6sETGJfYQ&edm=AKu_40MEAAAA&_nc_zt=28&_nc_eui2=AeE2iv6pnBvQV5S2SEMwzrq2HqNh9BuKZykeo2H0G4pnKdizplG3g4Ddf0USi_AGBWJgUspyVjwWQbcll88Y92Lw&_nc_tpa=Q5bMBQGggxj1GyvFI7H3tU--fDVHkVfVxH-KXaVVvAzPDyEGxw9knYloENIBngVz_deudxxcfU6JJ5aW2Q&oh=03_Q7cD5wHIiOLgOpTdTCaP87LCC4kVVdibnT3TOubKeLBOPQivgg&oe=6A59822B&dl=1",
    "attachment_type": "video",
    "created_at": "2026-03-26T06:48:38Z"
  }
},
{
  "model": "facebook_integration.facebookmessage",
  "pk": 477,
  "fields": {
    "lead": 10,
    "fb_message_id": "m_xovrfgl66n4OJZGv6njces1dMyAxTzaOZ-e7D4DDq27Ulr0GlXUIa2D76B-3NYKI43EvXy1p0-y5MZvH-IK9DA",
    "sender_type": "customer",
    "text": "",
    "attachment_url": "https://scontent.fhan18-1.fna.fbcdn.net/o1/v/t2/f2/m483/AQP_vcb42loTQHUwVrkuVtd0z0Wf7cmRdLu7i1m6WglqWO0RwduvTwG-375INiM_3k_ufCMtKbBK7K3RFcUli4hMjwglaxZ0GV_JuEKOhg.mp4?_nc_cat=111&_nc_oc=AdpEAW1zL4ocT9kIU-iX1Wf7uLchpgoKlFcmHnXgPP2SeB3TxUboOt6ObuqhxSjRlqM&_nc_sid=4f86bc&_nc_ht=scontent.fhan18-1.fna.fbcdn.net&_nc_ohc=skqiPL2igesQ7kNvwFo4Hm0&ccb=17-1&_nc_gid=TAbwWR-XiIrye6sETGJfYQ&edm=AKu_40MEAAAA&_nc_zt=28&_nc_eui2=AeE6w7dS07EY_33ypwlpQ-KniB-yVxCHVoWIH7JXEIdWhXXBvXX4uABV0DF6PWgT8C2zCwOGxSF8X0lD9uwR4ssw&_nc_tpa=Q5bMBQGt3J0KoxQGWfNhdWTZJoUbY3HHj6h1GSaclQLftrBpHWhFEvdGUh_T6jLEQHNO3sUwQSSt6feGcA&oh=03_Q7cD5wEk1SA-bpXhXWVRteVD2uOdCMdCc1cQZS7s-t9rsNTQiQ&oe=6A595F93&dl=1",
    "attachment_type": "video",
    "created_at": "2026-03-26T06:49:16Z"
  }
},
{
  "model": "facebook_integration.facebookmessage",
  "pk": 478,
  "fields": {
    "lead": 10,
    "fb_message_id": "m_2PInIRtRoc03Ah8ANuyKm81dMyAxTzaOZ-e7D4DDq25J-6zkEQR2SLa5AbP-zVJkZZq10XdXfj_4h5EkEl-j8w",
    "sender_type": "customer",
    "text": "",
    "attachment_url": "https://scontent.fhan18-1.fna.fbcdn.net/o1/v/t2/f2/m412/AQO_SOTw2c6excc-gPspGSt38GmtjNAn4h-K9pARXJtI7DusK70vmSE4TNp6IFaBKj4eQlBdAXW745Uc2QKKkgEL.mp4?_nc_cat=108&_nc_oc=AdqJcQSMKWOSZyLgPKBanAc749aEttBRJWSpVEKdl3h_ck7jhuNX03K_veZ71LEXPDU&_nc_sid=4f86bc&_nc_ht=scontent.fhan18-1.fna.fbcdn.net&_nc_ohc=u9WU8vV-UbQQ7kNvwG1zLCN&ccb=17-1&_nc_gid=TAbwWR-XiIrye6sETGJfYQ&edm=AKu_40MEAAAA&_nc_zt=28&_nc_eui2=AeHGTO2N_UqMIoofDJ8baLDkyYTfXTO_dnvJhN9dM792e6FMOJusysKychVnIy7VsAbyln8nDF6w1EwmQGxRY-1e&_nc_tpa=Q5bMBQEwRJDaI21kEXZ2J_RYgruacmzXdKPagPENirlTq1JyP_pTaKBZLJrrvurR8qK4T_bN4QHwGXNb_g&oh=00_AQCO14RbdD1mPknEsD9W8ST2aPewVE2xT0f0XiFDOQeQtw&oe=6A5D49C9&dl=1",
    "attachment_type": "video",
    "created_at": "2026-03-26T08:59:22Z"
  }
},
{
  "model": "facebook_integration.facebookmessage",
  "pk": 479,
  "fields": {
    "lead": 10,
    "fb_message_id": "m_aQfB7hpG_Qf8Mfy3-G08T81dMyAxTzaOZ-e7D4DDq25sKTmOQfRaS5QQ-0NnHhqV1gUqpIx6YL2tLq5ldr6jOw",
    "sender_type": "customer",
    "text": "",
    "attachment_url": "https://scontent.fhan18-1.fna.fbcdn.net/v/t42.3356-2/434035306_24953783100936308_7683778833293261740_n.mp4?_nc_cat=110&ccb=1-7&_nc_sid=4f86bc&_nc_eui2=AeGLmbM405YOWp4jt86Zi1-okHHd0gypo6OQcd3SDKmjo1ro4S_fEig4f-jAT1j0PQ-IeFdUxYS-86gdcn9SMx02&_nc_ohc=OoFlvM8Vf7IQ7kNvwEAp9gI&_nc_oc=AdrG7w_z3KdIGlFSlsM0H71X6e5TOEV59-fgt2nspxK4qO5eUwoGbbuv8yegQnGyNvI&_nc_zt=28&_nc_ht=scontent.fhan18-1.fna&edm=AKu_40MEAAAA&_nc_gid=TAbwWR-XiIrye6sETGJfYQ&_nc_tpa=Q5bMBQEMlwN2MUm3u6OC22HOnvZM9PR_OYCI61FAgPsDlF4i6elo_62RwprdOyXZ7aHyNYQI8OsgKBYIDQ&oh=03_Q7cD5wEYA3tRRdv21JnL4J5tP3iC6O3KZDfXwXejw3HBrQ0ZYw&oe=6A595A31&dl=1",
    "attachment_type": "video",
    "created_at": "2026-03-26T08:59:23Z"
  }
},
{
  "model": "facebook_integration.facebookmessage",
  "pk": 480,
  "fields": {
    "lead": 10,
    "fb_message_id": "m_xFJsCsALJrkAl_5VbAP_o81dMyAxTzaOZ-e7D4DDq26OhqG1CJeDhu56BJ52ewNeibkNzhsHj0pdgSoxRrZ46w",
    "sender_type": "customer",
    "text": "",
    "attachment_url": "https://scontent.fhan18-1.fna.fbcdn.net/o1/v/t2/f2/m483/AQO157rBiCm7bv6b2m8LUBYJmKqCcCR8WVgU_9NGoNoOfUTuxig9JOl5gxVDoxyBYSbrlofLCqda92_POuEFMwta7d0-yQX_t7w7R7k3lw.mp4?_nc_cat=101&_nc_oc=AdrHRuK0-EWzXFEkzqwRgPcL1lWEhHbOhtGLrpTKjmU35w9xqvyjRrkB10uRD5j1fD8&_nc_sid=4f86bc&_nc_ht=scontent.fhan18-1.fna.fbcdn.net&_nc_ohc=E7NZY99IlGAQ7kNvwHevVk7&ccb=17-1&_nc_gid=TAbwWR-XiIrye6sETGJfYQ&edm=AKu_40MEAAAA&_nc_zt=28&_nc_eui2=AeE4q1teMxaHKinCpId73SQcRuGrP4T-EIhG4as_hP4QiLOllSdoYCEmXVDrO19o0m7kuhAIUuoueZVcbKyN5kXa&_nc_tpa=Q5bMBQEILpzmKRE7N3EIJil4IdNvRO9jQueKrgRMfFstHwJO7zC6mvMLuIaimR56aCFZ7f1Oy5IWOE6hVA&oh=03_Q7cD5wHnI3CABfAk83ygtVEB4Z2ngvHi9ngicXJW1DWrjzFeXQ&oe=6A596E35&dl=1",
    "attachment_type": "video",
    "created_at": "2026-03-26T08:59:33Z"
  }
},
{
  "model": "facebook_integration.facebookmessage",
  "pk": 481,
  "fields": {
    "lead": 10,
    "fb_message_id": "m_y6pcs_BMq-pqALYfd13G181dMyAxTzaOZ-e7D4DDq2700KO32IugHAIbr5-C1rDEiPRqj9omq2N8H2AVvTqknA",
    "sender_type": "customer",
    "text": "",
    "attachment_url": "https://scontent.fhan18-1.fna.fbcdn.net/o1/v/t2/f2/m483/AQM_71QXhwGOcOw0cfBjw4PrRmD0XFoxdMDazjm3o5SFUCz3TncEUfNJl8L0BjQmK9lxIpkNQO5LPU7PevNMipY88UGvrJJa3qrRXqMSKw.mp4?_nc_cat=109&_nc_oc=AdofUuhnta-8vIqU_FfThsrKlNtnPlWZJjP24BHVewfOWdwdVDSQfn_X7uYr83OBzyQ&_nc_sid=4f86bc&_nc_ht=scontent.fhan18-1.fna.fbcdn.net&_nc_ohc=F1uW4JScHdwQ7kNvwHHmNXI&ccb=17-1&_nc_gid=TAbwWR-XiIrye6sETGJfYQ&edm=AKu_40MEAAAA&_nc_zt=28&_nc_eui2=AeG9HfNstbThb2DqNeAWA8c6uhMBGrYZxb26EwEathnFvTpVZaScZwjJOMbnmAvkfpNCZGG5MpJ2-u4xNGOGh_tb&_nc_tpa=Q5bMBQHIdvygByA3mYkPgBSKsWqZ_Mde0CqAF6jSGZLRAHKGTaZ4FP0uIfT8YPzUOVRrX1V71puFnu58Cg&oh=03_Q7cD5wFjgrcNavvzzIJP4PSvOjxCbjo--rq6w5uIRcXpYd65nA&oe=6A5973FD&dl=1",
    "attachment_type": "video",
    "created_at": "2026-03-26T09:01:09Z"
  }
},
{
  "model": "facebook_integration.facebookmessage",
  "pk": 482,
  "fields": {
    "lead": 10,
    "fb_message_id": "m_u0kWMUt0ExnWFhIBGOlxJ81dMyAxTzaOZ-e7D4DDq24kc_Tw2xMHhtSsnzOXObxyDNmZ_gD6SePDOE2dO0WDFw",
    "sender_type": "customer",
    "text": "",
    "attachment_url": "https://scontent.fhan18-1.fna.fbcdn.net/o1/v/t2/f2/m483/AQPxdEumDBYwc4L7X6nzf065-6tFP_4vk6uVDkeVXfc86Mmf46WydB5SCdGk10vkM22YzqtKtt3Ai0P2CyeLTDtZaJhsSVFQ1wwHk0uhEw.mp4?_nc_cat=111&_nc_oc=Adr8wS6iHeWW86Uoybmx3WxHBWMWUa1RxqoLJ3Ve7192Yku3w8qVl24X8vrc-_3ewSA&_nc_sid=4f86bc&_nc_ht=scontent.fhan18-1.fna.fbcdn.net&_nc_ohc=jgR_oOvZqpYQ7kNvwEvKTBZ&ccb=17-1&_nc_gid=TAbwWR-XiIrye6sETGJfYQ&edm=AKu_40MEAAAA&_nc_zt=28&_nc_eui2=AeH9cEfGChcaxPVL5TuLR1TGRWpkAHVwPIBFamQAdXA8gALs5rOKaQyz7FGQyjSyibNa8CqsF92qc8ho1rCNe2dU&_nc_tpa=Q5bMBQFIXH56n7rhHhmf0aGZSiTJtltk6FfLmNDf-0hiIQu0cpOjOYT5c11P_ytjDKD4Po3y0GAJUJLPLA&oh=03_Q7cD5wEZj98G0Us1pEEyrOBXzPw17gT1CzsQXMP3TnbPMoBlKA&oe=6A59709B&dl=1",
    "attachment_type": "video",
    "created_at": "2026-03-26T12:35:15Z"
  }
},
{
  "model": "facebook_integration.facebookmessage",
  "pk": 483,
  "fields": {
    "lead": 10,
    "fb_message_id": "m_yNAonn8prE4AZVQ1Y0uCMM1dMyAxTzaOZ-e7D4DDq273AbrUjQWrqO5eLahoHlVqeuQTGsQnhuqGtuPrJib1nQ",
    "sender_type": "page",
    "text": "",
    "attachment_url": "https://scontent.fhan18-1.fna.fbcdn.net/v/t1.15752-9/566697335_3708903372582801_8198287755669982454_n.jpg?_nc_cat=101&ccb=1-7&_nc_sid=fc17b8&_nc_eui2=AeHmrBLBoAo0zrZjcTmTt0uCLww-CCgOWhovDD4IKA5aGvhrhVFb-ML_-QqWYPLimd8JZ02zOvGlz7n67YTS-rrs&_nc_ohc=dU3ESFOvyrYQ7kNvwFUfO69&_nc_oc=AdqzUjP8L9k7q6xYopbRw524SssMAkxK6CjBNZjwVmZep4f7DfD3q7kxZqXNHJzLkZs&_nc_zt=23&_nc_ht=scontent.fhan18-1.fna&edm=AKu_40MEAAAA&_nc_tpa=Q5bMBQGJmzd7U-aaO6ahR7LcpSm8yMO0grhvGtY4cjVjW9d7Da0R1sOoo1i8hssYTLrcEvbJwGJvlBWoiA&oh=03_Q7cD5wG0XpHLQ5cmmgvcBptG7Z9pvK5NGHtHzQnchcRqAMC4mg&oe=6A7F0036",
    "attachment_type": "image",
    "created_at": "2026-04-03T08:39:26Z"
  }
},
{
  "model": "facebook_integration.facebookmessage",
  "pk": 484,
  "fields": {
    "lead": 10,
    "fb_message_id": "m_rsEdybyclHNCvBo_p4an581dMyAxTzaOZ-e7D4DDq26q9JywoPaYevIiugPuARyK-MFlbK778pOO_8QxwdQz8w",
    "sender_type": "page",
    "text": "",
    "attachment_url": "https://scontent.fhan18-1.fna.fbcdn.net/v/t1.15752-9/660622437_971229521909287_7634367371510238025_n.png?_nc_cat=110&ccb=1-7&_nc_sid=fc17b8&_nc_eui2=AeFkc-aw2dltQzfIwRZ3TnV8SO4BvNodj7tI7gG82h2Pu8LYKzJDjT-fZkUaDCdVozgEWqhYqy_8GCssNmznqiWo&_nc_ohc=yPpI8fuQWXIQ7kNvwHAaeai&_nc_oc=AdqxwGFKvVfAeE4QCxGvZw70RwCdzAXBoS9WHd5nhsu6D3Pk7JvE2mzyOV1biT9jKwY&_nc_zt=23&_nc_ht=scontent.fhan18-1.fna&edm=AKu_40MEAAAA&_nc_tpa=Q5bMBQFd7ukyLIkJg1dZwUoNsUxMv0Jd4zQpF6ksKSqlE0jLmehUCzaRYNaiqQCkqvz_3CnLy1v7eHUkkA&oh=03_Q7cD5wHLLxML9n7wY-TONXm-CkqYx4R2unQ7wfRdtgo1KmbCIA&oe=6A7F0AB6",
    "attachment_type": "image",
    "created_at": "2026-04-03T08:39:26Z"
  }
},
{
  "model": "facebook_integration.facebookmessage",
  "pk": 485,
  "fields": {
    "lead": 11,
    "fb_message_id": "m_kYNeNZIATGNm1zfo7g06rDqcMNY8HJ5pzg958W5MYwCmMAc8Y0DwjqVOxg5jmpf2dLuwIKzXHHJVTyAK6ppl9w",
    "sender_type": "page",
    "text": "Chung Vu đã trả lời về một bài viết. Xem bài viết(https://www.facebook.com/matongnguyenchat34/posts/pfbid0268EEM1F2DaV81rznduRS1X233iD8L1y5TAUjGe54hRgDpWmg5Se7uqBbeb8PP1Rzl)",
    "attachment_url": null,
    "attachment_type": "",
    "created_at": "2026-02-27T11:09:38Z"
  }
},
{
  "model": "facebook_integration.facebookmessage",
  "pk": 486,
  "fields": {
    "lead": 11,
    "fb_message_id": "m_o1JZd3fxT5zlP1UViWZm_TqcMNY8HJ5pzg958W5MYwBlMFs3RYMpADGSkuX_RKvUcwz-DVeMiVizLOzQo1ECyQ",
    "sender_type": "customer",
    "text": "Tôi muốn mua 3 lít mật ong",
    "attachment_url": null,
    "attachment_type": "",
    "created_at": "2026-02-27T11:09:38Z"
  }
},
{
  "model": "facebook_integration.facebookmessage",
  "pk": 487,
  "fields": {
    "lead": 11,
    "fb_message_id": "m_X4XfrEyhYajVDlY4AsGdGjqcMNY8HJ5pzg958W5MYwAO6oBBKWWT9RylTSTQAAWvsHCxUI89NgdY2EOWLkEirA",
    "sender_type": "page",
    "text": "Dạ. Anh gửi giúp em thông tin gửi hàng a nhé bao gồm:\nTên:\nSĐT:\nĐịa chỉ:",
    "attachment_url": null,
    "attachment_type": "",
    "created_at": "2026-02-27T14:31:23Z"
  }
},
{
  "model": "facebook_integration.facebookmessage",
  "pk": 488,
  "fields": {
    "lead": 11,
    "fb_message_id": "m_Ukl_iqKxZaz9EHsfQdOfTTqcMNY8HJ5pzg958W5MYwAfBvWqx7hZkK5eUoo2dpCatpzS2AKGoWgdoIj5vE-kNg",
    "sender_type": "customer",
    "text": "Vũ Thành Chung. Chung cư CT1A, sảnh 1. Khu đô thị Thành phố Giao Lưu, cổ nhuế 1, bắc từ liêm, hà nội. 0975569118.",
    "attachment_url": null,
    "attachment_type": "",
    "created_at": "2026-02-27T14:34:45Z"
  }
},
{
  "model": "facebook_integration.facebookmessage",
  "pk": 489,
  "fields": {
    "lead": 11,
    "fb_message_id": "m_SwjX8QxIpOPlV1YLBUAfyzqcMNY8HJ5pzg958W5MYwDweKySDKOqqGonmVEWZfqg8FUbEw-nU565Q1qYMqtEDw",
    "sender_type": "page",
    "text": "Em đóng chai nhựa cho mình nha. Em hết hũ thủy tinh rồi ạ.",
    "attachment_url": null,
    "attachment_type": "",
    "created_at": "2026-02-27T15:25:31Z"
  }
},
{
  "model": "facebook_integration.facebookmessage",
  "pk": 490,
  "fields": {
    "lead": 11,
    "fb_message_id": "m_iHgQMEAJEq5NyQaR6TMM1DqcMNY8HJ5pzg958W5MYwCCDGfz08_94gJZnl_rnVkGjjHBJyv8VlOzUwtORQozGQ",
    "sender_type": "page",
    "text": "Của mình 3lít là 180k*3=540 K. Em cũng ở HN nên hỗ trợ ship cho anh luôn ạ",
    "attachment_url": null,
    "attachment_type": "",
    "created_at": "2026-02-27T15:30:22Z"
  }
},
{
  "model": "facebook_integration.facebookmessage",
  "pk": 491,
  "fields": {
    "lead": 11,
    "fb_message_id": "m_LE6o7u3aKDEMx4ZELjzzKDqcMNY8HJ5pzg958W5MYwA06og_tDTvD_fIjBf_eMNVlJDPw-3P73vt6cjjFXfpvw",
    "sender_type": "customer",
    "text": "",
    "attachment_url": "https://scontent.fhan18-1.fna.fbcdn.net/v/t39.1997-6/39178562_1505197616293642_5411344281094848512_n.png?_nc_cat=1&ccb=1-7&_nc_sid=ef9b6e&_nc_eui2=AeEnjo3BGttoUiB7EGgFciWBTGXlyML-tShMZeXIwv61KFTAKnqIeLA6fiv8R_1uPio4axrO6p5DYg12dZlqvG3P&_nc_ohc=waa_8zES_jMQ7kNvwESQKDG&_nc_oc=Adpw4SlyXcHmCWG8b8TgzY1obbnOrGC0aWc8Gn16CqzHdNXF5Qohwnla8NZEwTvssfQ&_nc_zt=26&_nc_ht=scontent.fhan18-1.fna&edm=AKu_40MEAAAA&_nc_gid=G4nUrY8FRfdo00jvQWBeqQ&_nc_tpa=Q5bMBQGbdm9sjoSgGsnktvzi0M2j98X-EmIsLMGeOQ1zQG3apFuuCSEcrc6I1ek9pYl1JumdjSq6OuTaMg&oh=00_AQCHRoQy0fgmj21KHnd5xuXtAvhwSCfEqvla4hjmIuh40g&oe=6A5D520B",
    "attachment_type": "image",
    "created_at": "2026-02-27T23:09:22Z"
  }
},
{
  "model": "facebook_integration.facebookmessage",
  "pk": 492,
  "fields": {
    "lead": 11,
    "fb_message_id": "m_JYN_BlQGUdSpCmv_XzM3jDqcMNY8HJ5pzg958W5MYwAO7PLjX0ssXAX1lzdaKy-VsaS2Qj3DO6I4LMCvs0q8oQ",
    "sender_type": "page",
    "text": "Vậy Tối thứ 3 e ship cho mình đc k ạ",
    "attachment_url": null,
    "attachment_type": "",
    "created_at": "2026-02-28T01:56:01Z"
  }
},
{
  "model": "facebook_integration.facebookmessage",
  "pk": 493,
  "fields": {
    "lead": 11,
    "fb_message_id": "m_7MpfpQwWSPa8CGfaeQ4wpDqcMNY8HJ5pzg958W5MYwDF6o8hi0O2NcAxs7--xfYgJT0dO_nFlVE62M-GVc4mWQ",
    "sender_type": "customer",
    "text": "",
    "attachment_url": "https://scontent.fhan18-1.fna.fbcdn.net/v/t39.1997-6/39178562_1505197616293642_5411344281094848512_n.png?_nc_cat=1&ccb=1-7&_nc_sid=ef9b6e&_nc_eui2=AeEnjo3BGttoUiB7EGgFciWBTGXlyML-tShMZeXIwv61KFTAKnqIeLA6fiv8R_1uPio4axrO6p5DYg12dZlqvG3P&_nc_ohc=waa_8zES_jMQ7kNvwESQKDG&_nc_oc=Adpw4SlyXcHmCWG8b8TgzY1obbnOrGC0aWc8Gn16CqzHdNXF5Qohwnla8NZEwTvssfQ&_nc_zt=26&_nc_ht=scontent.fhan18-1.fna&edm=AKu_40MEAAAA&_nc_gid=G4nUrY8FRfdo00jvQWBeqQ&_nc_tpa=Q5bMBQF8PUuUIOcUEz09qUFJD987sdKddtYAsIV6Nj_UQgQYRoR8zWC9Uznr2LOHWrdKvzbNAt8lEFBFmA&oh=00_AQBFSvgRcf3ZiuPMCFmoJcCzVif2SddbM7gb1Z9jCJEMUg&oe=6A5D520B",
    "attachment_type": "image",
    "created_at": "2026-02-28T06:58:49Z"
  }
},
{
  "model": "facebook_integration.facebookmessage",
  "pk": 494,
  "fields": {
    "lead": 11,
    "fb_message_id": "m_j52k2Ppe6AGu_3PQ2tc3jDqcMNY8HJ5pzg958W5MYwAA0w4VeCtARc6zeGY672ykhr5dgL68NOqh8GzjHIDVrw",
    "sender_type": "customer",
    "text": "Hết hàng hay sao vậy ?.",
    "attachment_url": null,
    "attachment_type": "",
    "created_at": "2026-02-28T06:58:58Z"
  }
},
{
  "model": "facebook_integration.facebookmessage",
  "pk": 495,
  "fields": {
    "lead": 11,
    "fb_message_id": "m_GVSNTc77YIqsAQIwqIfcazqcMNY8HJ5pzg958W5MYwDDEBrx8MaaITLb8m1np8Mrt9IcauSw6OB_q_r7PR2MrQ",
    "sender_type": "page",
    "text": "Dạ tại thứ hai e đi lễ ạ nên t3 e ship cho a",
    "attachment_url": null,
    "attachment_type": "",
    "created_at": "2026-02-28T07:26:50Z"
  }
},
{
  "model": "facebook_integration.facebookmessage",
  "pk": 496,
  "fields": {
    "lead": 11,
    "fb_message_id": "m_lk6lbWDQvBqUOf3DHprQNjqcMNY8HJ5pzg958W5MYwBJQg9yqN7WPjravOIINsrUd57htse4KkpmAG81uv9iDQ",
    "sender_type": "customer",
    "text": "",
    "attachment_url": "https://scontent.fhan18-1.fna.fbcdn.net/v/t39.1997-6/39178562_1505197616293642_5411344281094848512_n.png?_nc_cat=1&ccb=1-7&_nc_sid=ef9b6e&_nc_eui2=AeEnjo3BGttoUiB7EGgFciWBTGXlyML-tShMZeXIwv61KFTAKnqIeLA6fiv8R_1uPio4axrO6p5DYg12dZlqvG3P&_nc_ohc=waa_8zES_jMQ7kNvwESQKDG&_nc_oc=Adpw4SlyXcHmCWG8b8TgzY1obbnOrGC0aWc8Gn16CqzHdNXF5Qohwnla8NZEwTvssfQ&_nc_zt=26&_nc_ht=scontent.fhan18-1.fna&edm=AKu_40MEAAAA&_nc_gid=G4nUrY8FRfdo00jvQWBeqQ&_nc_tpa=Q5bMBQE6rbIK7BxqN8Q9LTEwPK-GYBbA_exWHdS-WwKCdWTq3RorpeapaZv-oUQWTxhgzYlp95hDIhl7Wg&oh=00_AQCPgE_E3SwiyrmUw4S9uIUK1UgdZKoxl2h9supBCksUOg&oe=6A5D520B",
    "attachment_type": "image",
    "created_at": "2026-02-28T07:47:17Z"
  }
},
{
  "model": "facebook_integration.facebookmessage",
  "pk": 497,
  "fields": {
    "lead": 11,
    "fb_message_id": "m_FLrfM2rmQ3kLBu1SAGJ2oTqcMNY8HJ5pzg958W5MYwDq2d1NB5W4E5H1pWyn-RZG7ZKUDnQ7ah2Fdg-lIlomMw",
    "sender_type": "page",
    "text": "chiều tối nay a có nhân được hàng không ạ để e báo đặt ship qua cho anh ạ",
    "attachment_url": null,
    "attachment_type": "",
    "created_at": "2026-03-02T02:59:55Z"
  }
},
{
  "model": "facebook_integration.facebookmessage",
  "pk": 498,
  "fields": {
    "lead": 11,
    "fb_message_id": "m_pM8an6q4ciZeIK3d-Z88CzqcMNY8HJ5pzg958W5MYwAsHFyYiBoFrTXnPR0gLMBYZ1koiB4KFmwQ5P24l462iw",
    "sender_type": "customer",
    "text": "👍",
    "attachment_url": null,
    "attachment_type": "",
    "created_at": "2026-03-02T03:01:21Z"
  }
},
{
  "model": "facebook_integration.facebookmessage",
  "pk": 499,
  "fields": {
    "lead": 11,
    "fb_message_id": "m_DMC2tfCyLxbJ6tZpE6wNCTqcMNY8HJ5pzg958W5MYwCuD0l8r6YtgJeMMBSs5AHIphkBcPnvkGruD2v3xhW8aw",
    "sender_type": "page",
    "text": "vâng, vậy lúc nào giao đơn e báo ship gọi trước anh ạ",
    "attachment_url": null,
    "attachment_type": "",
    "created_at": "2026-03-02T03:05:00Z"
  }
},
{
  "model": "facebook_integration.facebookmessage",
  "pk": 500,
  "fields": {
    "lead": 11,
    "fb_message_id": "m_cxdz68XINPFtaePt136oljqcMNY8HJ5pzg958W5MYwBzTtxWYFwq9pwWNrV_aTrr7b4be3EHSR0QXegQr4h8Yw",
    "sender_type": "page",
    "text": "anh ơi lát mình có nhận dc đơn không ạ, ship gọi nhưng chưa thấy ai nghe máy ạ",
    "attachment_url": null,
    "attachment_type": "",
    "created_at": "2026-03-02T11:30:00Z"
  }
},
{
  "model": "facebook_integration.facebookmessage",
  "pk": 501,
  "fields": {
    "lead": 11,
    "fb_message_id": "m_Y-NGn2XFkmS6E0-Z5JWcjDqcMNY8HJ5pzg958W5MYwBx65UL2xRfHWQLOyqut9lpx-SLoYA7cbXp21i6A8MPnw",
    "sender_type": "customer",
    "text": "",
    "attachment_url": "https://scontent.fhan18-1.fna.fbcdn.net/v/t39.1997-6/39178562_1505197616293642_5411344281094848512_n.png?_nc_cat=1&ccb=1-7&_nc_sid=ef9b6e&_nc_eui2=AeEnjo3BGttoUiB7EGgFciWBTGXlyML-tShMZeXIwv61KFTAKnqIeLA6fiv8R_1uPio4axrO6p5DYg12dZlqvG3P&_nc_ohc=waa_8zES_jMQ7kNvwESQKDG&_nc_oc=Adpw4SlyXcHmCWG8b8TgzY1obbnOrGC0aWc8Gn16CqzHdNXF5Qohwnla8NZEwTvssfQ&_nc_zt=26&_nc_ht=scontent.fhan18-1.fna&edm=AKu_40MEAAAA&_nc_gid=G4nUrY8FRfdo00jvQWBeqQ&_nc_tpa=Q5bMBQFWOUvEoJ3LQwRlTGiinaS21TYqf9MbCI4nT7IumO22BWDJrN9GNh8Wnn6zvzMc3L5yzU7MPA61cQ&oh=00_AQAN2G9R9_HQy_sj4NtPNshTuW6jxNn0n9MU02_RKGkbrQ&oe=6A5D520B",
    "attachment_type": "image",
    "created_at": "2026-03-02T11:33:57Z"
  }
},
{
  "model": "facebook_integration.facebookmessage",
  "pk": 564,
  "fields": {
    "lead": 14,
    "fb_message_id": "m_zCe25csgv1k6q5sxWz2xr7ICF0nvsV1b1GEqihnq-zQ8olBBsEAKtwc3gt4MkIx4YSKTDHtdgwKgietds4KIqQ",
    "sender_type": "page",
    "text": "Tô Hiền đã trả lời một quảng cáo.",
    "attachment_url": null,
    "attachment_type": "",
    "created_at": "2022-04-01T14:05:32Z"
  }
},
{
  "model": "facebook_integration.facebookmessage",
  "pk": 565,
  "fields": {
    "lead": 14,
    "fb_message_id": "m_p0PsQhdu_KX8nEtzyxjFQLICF0nvsV1b1GEqihnq-zTWmUD8lJ1kGY-zU6FV8ZCV-HA-rv9AAv4lE6_Fbe2lAg",
    "sender_type": "page",
    "text": "Xin chào Tô Hiền ! Cảm ơn bạn đã quan tâm Mr Bee - Mật ong nguyên chất. Bạn muốn hỏi mua hũ mật bao nhiêu lit? Hoặc mình có thể liên hệ với bạn theo số điện thoại nào để tư vấn và xác nhận đơn hàng?",
    "attachment_url": null,
    "attachment_type": "",
    "created_at": "2022-04-01T14:05:33Z"
  }
},
{
  "model": "facebook_integration.facebookmessage",
  "pk": 566,
  "fields": {
    "lead": 14,
    "fb_message_id": "m_YInJ-6pJc58C59Ny8A4uSrICF0nvsV1b1GEqihnq-zTfCOjs9lN17vF7x1Q2yv0zL6s_DGiBuyp-XDOSqTHvtQ",
    "sender_type": "page",
    "text": "",
    "attachment_url": null,
    "attachment_type": "",
    "created_at": "2022-04-01T14:05:33Z"
  }
},
{
  "model": "facebook_integration.facebookmessage",
  "pk": 567,
  "fields": {
    "lead": 14,
    "fb_message_id": "m_YFgQFgpe2SYC1jurj2sFOLICF0nvsV1b1GEqihnq-zTvlv9_MHvua-6eQn36D7enwhMYWc7IXI0ED1nU_e9Fhw",
    "sender_type": "customer",
    "text": "H",
    "attachment_url": null,
    "attachment_type": "",
    "created_at": "2022-04-01T14:05:33Z"
  }
},
{
  "model": "facebook_integration.facebookmessage",
  "pk": 568,
  "fields": {
    "lead": 14,
    "fb_message_id": "m_0TMMOpLlcbrc96m-D6xkw7ICF0nvsV1b1GEqihnq-zT3-qjmuisf1yvb9p-O2LiJoG7H4r7z06Kd3KfcGKRrdQ",
    "sender_type": "page",
    "text": "E chào chị, chị đang quan tâm đến sản phẩm mật ong nguyên chất bên e ạ",
    "attachment_url": null,
    "attachment_type": "",
    "created_at": "2022-04-01T14:23:45Z"
  }
},
{
  "model": "facebook_integration.facebookmessage",
  "pk": 569,
  "fields": {
    "lead": 14,
    "fb_message_id": "m_8D9vPSmroFTpKHZp6-yW8rICF0nvsV1b1GEqihnq-zToCHqsCvyidN3qzURCQkGI5cLi-wAacTvAKMzogW76Qw",
    "sender_type": "customer",
    "text": "Mặt hàng này còn không?",
    "attachment_url": null,
    "attachment_type": "",
    "created_at": "2022-04-01T15:10:03Z"
  }
},
{
  "model": "facebook_integration.facebookmessage",
  "pk": 570,
  "fields": {
    "lead": 14,
    "fb_message_id": "m_7F3Qa5GammldhRZenKYRBbICF0nvsV1b1GEqihnq-zSPzQ8TaIRipSoWCKRG7aN6jbKafguoiAAUGQ12-9a_HA",
    "sender_type": "customer",
    "text": "",
    "attachment_url": "https://scontent.fhan18-1.fna.fbcdn.net/v/t1.15752-9/273239689_1133776804122816_1755129622583456039_n.jpg?_nc_cat=110&ccb=1-7&_nc_sid=fc17b8&_nc_eui2=AeGt2OPmeeePXKkrn-PPruxFHzep7-59IbgfN6nv7n0huPOrKQ6DjZ2Vqk49hx-ASWpl0RM4ye8PoRCMKVWaS6hG&_nc_ohc=W-L9Vje0vbsQ7kNvwGQQf5q&_nc_oc=Adp0oKLmG7ZdPLZgsRURSfYg1iqfnmuUaJ4PlHIVkdBZ7PuZkmlZMF9nR1FiEs5y4pE&_nc_zt=23&_nc_ht=scontent.fhan18-1.fna&edm=AKu_40MEAAAA&_nc_tpa=Q5bMBQGgKH3iSJl-nT6gk54WUk3xWpTYOqFMs02TaLlu4NwskGR7eEpl-wHVB-YRhEm7i4o-JS9kwUeUog&oh=03_Q7cD5wFw2EQHom0xZQY8dmsKv3nq2achGJvAQMnvxU7pULK4-w&oe=6A7EE322",
    "attachment_type": "image",
    "created_at": "2022-04-01T15:10:09Z"
  }
},
{
  "model": "facebook_integration.facebookmessage",
  "pk": 571,
  "fields": {
    "lead": 14,
    "fb_message_id": "m_Wih-948CMd58U1Yv8THCIrICF0nvsV1b1GEqihnq-zQ8gAmYWokAiuQKRiPoJFpqhXoV1bVTXwgyPW5e2uG0qA",
    "sender_type": "page",
    "text": "Dạ e còn chị ạ",
    "attachment_url": null,
    "attachment_type": "",
    "created_at": "2022-04-01T15:10:28Z"
  }
},
{
  "model": "facebook_integration.facebookmessage",
  "pk": 572,
  "fields": {
    "lead": 14,
    "fb_message_id": "m_iSHLdv-e9yOWC24XzPPpXLICF0nvsV1b1GEqihnq-zQYlmOcyP7bQiiqBlS2vUkP3S6Hb42Wh6qkDJBv9TcSww",
    "sender_type": "page",
    "text": "Mật ong nhà e cam kết nguyên chất k pha",
    "attachment_url": null,
    "attachment_type": "",
    "created_at": "2022-04-01T15:10:51Z"
  }
},
{
  "model": "facebook_integration.facebookmessage",
  "pk": 573,
  "fields": {
    "lead": 14,
    "fb_message_id": "m_E4o2_pIXJQ2_WRZK_Ng2RLICF0nvsV1b1GEqihnq-zSRN7v7DxNQKuUTQsGlMog_HD0LYTvsCvgpS4JSZwwpoQ",
    "sender_type": "page",
    "text": "Mới quay ạ",
    "attachment_url": null,
    "attachment_type": "",
    "created_at": "2022-04-01T15:10:59Z"
  }
},
{
  "model": "facebook_integration.facebookmessage",
  "pk": 574,
  "fields": {
    "lead": 14,
    "fb_message_id": "m_pxG1nc70mOk_6gAzIlDDxrICF0nvsV1b1GEqihnq-zQZr6tY8HeUfpGFqhi2GWDzkG8fD7cKi2zhoRGsDv-F4Q",
    "sender_type": "page",
    "text": "Chị cần lấy bao nhiêu lít ạ",
    "attachment_url": null,
    "attachment_type": "",
    "created_at": "2022-04-01T15:12:51Z"
  }
},
{
  "model": "facebook_integration.facebookmessage",
  "pk": 575,
  "fields": {
    "lead": 14,
    "fb_message_id": "m_LtePh3YZL2UPjq-mT43jO7ICF0nvsV1b1GEqihnq-zS62-Y-SiCxLNd8UwChgmjF8nvHz9m5Yzee2LTBsF_R-w",
    "sender_type": "page",
    "text": "",
    "attachment_url": "https://scontent.fhan18-1.fna.fbcdn.net/o1/v/t2/f2/m272/AQNcYaunzA_PqISEXqzkY6tXrvxvxRurcjDcqWRQi1Xj3cXRHsXuiB25fDfrj--UdTRWPF_COV2XtSq1WJiygHgusvEfoiz5HUukR1L2xyU3r769UXJSBg7TOaT6zw.mp4?strext=1&_nc_cat=106&_nc_oc=AdrxbjLuknYsKLX0yY-SkCN80bBJ8bdcNBHRdsrGonAuvRT5JmYwVCQnmYwgIZ1qAtg&_nc_sid=4f86bc&_nc_ht=scontent.fhan18-1.fna.fbcdn.net&_nc_ohc=LmgPlOctLTwQ7kNvwElT4De&ccb=17-1&_nc_gid=qmqdXK3qx-2uEqIMXjg3wA&edm=AKu_40MEAAAA&_nc_zt=28&_nc_eui2=AeGcWbuj1N9BUyqN19wri5JBcxJMg7lJLmZzEkyDuUkuZpthAaKXlbUfyha8bZ8A4vIXaVpb_kHM-Z04LutEqYYw&_nc_tpa=Q5bMBQH_2ipr3QnMRiPOObVsVqdvN4J0rST7z0_4sxiBsKn2-ju-X4WA0m9sCmuKKSiC2pOFJRIhieM0Ng&oh=00_AQATwXNOh2DVlnxzpX9vj-4Sr5yd0eX0HNiXUo4jjqr9wA&oe=6A59507A&dl=1",
    "attachment_type": "video",
    "created_at": "2022-04-02T13:24:35Z"
  }
},
{
  "model": "facebook_integration.facebookmessage",
  "pk": 576,
  "fields": {
    "lead": 14,
    "fb_message_id": "m_XdT0wFYA6q6y6TUyHppSK7ICF0nvsV1b1GEqihnq-zQ-Z7ClviBsyQCSMbKiebqzcFeYvNg8hWrD_VypZ_7J-w",
    "sender_type": "page",
    "text": "Mật nhà e cam kết nguyên chất k pha và mới quay ạ, c yên tâm nha",
    "attachment_url": null,
    "attachment_type": "",
    "created_at": "2022-04-02T13:24:45Z"
  }
},
{
  "model": "facebook_integration.facebookmessage",
  "pk": 577,
  "fields": {
    "lead": 9,
    "fb_message_id": "m_hgGzNmgBKFBIzr7YMNf1MT5XArWXuhqgvcgPG60c2RyvTpy3_wHE0on4TZb4tfyhwAw3pBC5Eiz55iyMmGCoCQ",
    "sender_type": "page",
    "text": "Dạ chào bạn, để tiện hỗ trợ và tư vấn chi tiết hơn, bạn cho mình xin số điện thoại liên hệ với ạ ❤️",
    "attachment_url": "",
    "attachment_type": "",
    "created_at": "2026-07-15T13:21:30.612Z"
  }
},
{
  "model": "facebook_integration.facebookmessage",
  "pk": 578,
  "fields": {
    "lead": 9,
    "fb_message_id": "m_H-H--eFhgoSEBxZ3PW675z5XArWXuhqgvcgPG60c2RzbZ29w1yziuxZeIf0NLrw7Gma1ApMYm7ofwrVSXAB_vA",
    "sender_type": "customer",
    "text": "gì",
    "attachment_url": null,
    "attachment_type": "",
    "created_at": "2026-07-15T13:21:53.241Z"
  }
},
{
  "model": "facebook_integration.facebookmessage",
  "pk": 579,
  "fields": {
    "lead": 9,
    "fb_message_id": "m_MsgkVaGiu831bMLVdWrF_j5XArWXuhqgvcgPG60c2RwNICM5LVCl0Xp6-hInp0YgRA9QqfBc9mjgzPDHvEM_ow",
    "sender_type": "customer",
    "text": "0985880201",
    "attachment_url": null,
    "attachment_type": "",
    "created_at": "2026-07-15T13:22:17.935Z"
  }
},
{
  "model": "facebook_integration.facebookmessage",
  "pk": 580,
  "fields": {
    "lead": 9,
    "fb_message_id": "m_nd6s8cUBlMr9lo1vg3M1gD5XArWXuhqgvcgPG60c2RyW3eBmN3-sXt7PDXB1BKwSnDnlqfuR-dh6wdTUYbm9LQ",
    "sender_type": "customer",
    "text": "0989234517",
    "attachment_url": null,
    "attachment_type": "",
    "created_at": "2026-07-15T13:22:33.866Z"
  }
},
{
  "model": "facebook_integration.facebookmessage",
  "pk": 581,
  "fields": {
    "lead": 9,
    "fb_message_id": "m_TI7v4DduortJFChtTYp2yT5XArWXuhqgvcgPG60c2RySjThinvlmR9EnUjtes--K_Etpsw0O8wOGTr1JABlncg",
    "sender_type": "customer",
    "text": "0986456328",
    "attachment_url": null,
    "attachment_type": "",
    "created_at": "2026-07-15T14:55:59.545Z"
  }
},
{
  "model": "facebook_integration.facebookmessage",
  "pk": 582,
  "fields": {
    "lead": 9,
    "fb_message_id": "m_Iz70vpM6iylbkRoctJI7HT5XArWXuhqgvcgPG60c2Rx041t2kv5g6mkVDO10oUV1LY806GSWfiFVPCaaHEwhMA",
    "sender_type": "customer",
    "text": "",
    "attachment_url": "https://scontent.xx.fbcdn.net/v/t39.1997-6/39178562_1505197616293642_5411344281094848512_n.png?stp=cp0_dst-jpg_tt6&_nc_cat=1&ccb=1-7&_nc_sid=8de5d8&_nc_ohc=waa_8zES_jMQ7kNvwEefe9j&_nc_oc=AdrZGYvXBevs3lVya4l07SGWjCz1AG5LD1jedafftFGi3yrbc6gLTitJwZa2swn6fTQR36IxXw6rVIhp_QjSRBay&_nc_ad=z-m&_nc_cid=0&_nc_zt=26&_nc_ht=scontent.xx&_nc_gid=X9DD8gRgAZrOJuYwvg7jRw&oh=00_AQDALjd-W4baXtyLmCz9nJVKsPKGZrbybWkDFJQkpkfvIA&oe=6A5D8A4B",
    "attachment_type": "image",
    "created_at": "2026-07-15T14:56:30.724Z"
  }
},
{
  "model": "facebook_integration.facebookmessage",
  "pk": 583,
  "fields": {
    "lead": 9,
    "fb_message_id": "m_QYQ4Lz5MLDj2U5-BAuRbKj5XArWXuhqgvcgPG60c2RwN9xwK8yqr_3zUmjEv6c5Drq2FI7I1z0JdHJ2VSLcVUw",
    "sender_type": "customer",
    "text": "0989764128",
    "attachment_url": null,
    "attachment_type": "",
    "created_at": "2026-07-15T15:33:13.245Z"
  }
},
{
  "model": "facebook_integration.facebookmessage",
  "pk": 584,
  "fields": {
    "lead": 9,
    "fb_message_id": "m_MkXjw6_H5iUVoLs2CfKa8j5XArWXuhqgvcgPG60c2Rwu-f3Y301cG-n2N_hsZwf6ow_iyoCYntmQee100FD3ZQ",
    "sender_type": "page",
    "text": "Dạ chào bạn, để tiện hỗ trợ và tư vấn chi tiết hơn, bạn cho mình xin số điện thoại liên hệ với ạ ❤️",
    "attachment_url": "",
    "attachment_type": "",
    "created_at": "2026-07-15T15:39:44.168Z"
  }
},
{
  "model": "facebook_integration.facebookmessage",
  "pk": 585,
  "fields": {
    "lead": 9,
    "fb_message_id": "m_N6WCHTeY6kmzdKyCNv7HWT5XArWXuhqgvcgPG60c2RwJ3g-aB5SbJJdtUhOgl87-XacV6RYTbrzrDGTkUY3Yrg",
    "sender_type": "page",
    "text": "Dạ bạn cho mình xin địa chỉ Email để bên em gửi catalogue và thông tin chi tiết qua email cho mình nhé 📧",
    "attachment_url": "",
    "attachment_type": "",
    "created_at": "2026-07-15T15:52:39.759Z"
  }
},
{
  "model": "facebook_integration.facebookmessage",
  "pk": 586,
  "fields": {
    "lead": 9,
    "fb_message_id": "m_tABPOdXdA3xjXePAMoRxBj5XArWXuhqgvcgPG60c2RxCsBVE5w4PfW-zsTpd9-RabojvPxj1Cjs0_vIWjbXi3w",
    "sender_type": "page",
    "text": "Dạ chào bạn, để tiện chuyên viên tư vấn chi tiết và gửi bảng giá ưu đãi, bạn cho mình xin số điện thoại liên hệ với ạ ❤️",
    "attachment_url": "",
    "attachment_type": "",
    "created_at": "2026-07-15T16:32:11.113Z"
  }
},
{
  "model": "facebook_integration.facebookmessage",
  "pk": 587,
  "fields": {
    "lead": 9,
    "fb_message_id": "m_GBFgNRIpBej7OsUqAxRI9D5XArWXuhqgvcgPG60c2Rwzha-KYeb0Rzrxp7P0UC63Ic1pCXhbOYV_OE3S17uCKw",
    "sender_type": "page",
    "text": "Dạ bạn cho mình xin địa chỉ Email để bên em gửi catalogue và thông tin chi tiết qua email cho mình nhé 📧",
    "attachment_url": "",
    "attachment_type": "",
    "created_at": "2026-07-15T16:32:36.489Z"
  }
},
{
  "model": "facebook_integration.facebookmessage",
  "pk": 588,
  "fields": {
    "lead": 9,
    "fb_message_id": "m_nMX4QCRbe816TgZoRerUnD5XArWXuhqgvcgPG60c2Rz0Z0xWSSBQ2g0WCA8Qd6lb-z928cSvEugPc0fE8bJpDw",
    "sender_type": "customer",
    "text": "220 định công, hà nội",
    "attachment_url": null,
    "attachment_type": "",
    "created_at": "2026-07-15T16:38:04.123Z"
  }
},
{
  "model": "facebook_integration.facebookmessage",
  "pk": 589,
  "fields": {
    "lead": 9,
    "fb_message_id": "m_DqWbWv74sG6B2_pITJETDT5XArWXuhqgvcgPG60c2RxY5uWeYynpA18H7Uz8-ECZHXVnfB-tcj1fC-ydo7rPhA",
    "sender_type": "page",
    "text": "",
    "attachment_url": "http://localhost:8000/media/quick_media/5da0147d44ef_3d3ea46094967207070eaaca241ff40518dc32975d1d0790f6c522e441859107.png",
    "attachment_type": "image",
    "created_at": "2026-07-15T17:15:59.192Z"
  }
},
{
  "model": "facebook_integration.facebookmessage",
  "pk": 590,
  "fields": {
    "lead": 9,
    "fb_message_id": "m_tsJeQObyz_Mjv0pFIfsRJz5XArWXuhqgvcgPG60c2Rz0Fte8WATNU0VwNYk4B5eSca8r_7AqnPdPR-1sI9ZLxQ",
    "sender_type": "page",
    "text": "",
    "attachment_url": "http://localhost:8000/media/quick_media/238e49cff3eb_8a9c104d33a5b2fbebb4.jpg",
    "attachment_type": "image",
    "created_at": "2026-07-15T17:16:01.217Z"
  }
},
{
  "model": "facebook_integration.facebookmessage",
  "pk": 591,
  "fields": {
    "lead": 9,
    "fb_message_id": "m_PwOwtfRFzV9SpB7vjVm2lD5XArWXuhqgvcgPG60c2RxKHQQQmdhOuiY4UrrKRTOah6BLS3TNADMOPM-d2Zc-2A",
    "sender_type": "page",
    "text": "Dạ chào bạn, để tiện chuyên viên tư vấn chi tiết và gửi bảng giá ưu đãi, bạn cho mình xin số điện thoại liên hệ với ạ ❤️",
    "attachment_url": "",
    "attachment_type": "",
    "created_at": "2026-07-16T05:00:26.711Z"
  }
},
{
  "model": "facebook_integration.facebookmessage",
  "pk": 592,
  "fields": {
    "lead": 9,
    "fb_message_id": "m_6jC1O9HscTZDfQtNu_pM_z5XArWXuhqgvcgPG60c2RzltImALTZ73UF3RhvPaQ26cNNwTGfCGqSMTRHKG0SLIQ",
    "sender_type": "page",
    "text": "Dạ bạn cho mình xin địa chỉ Email để bên em gửi catalogue và thông tin chi tiết qua email cho mình nhé 📧",
    "attachment_url": "",
    "attachment_type": "",
    "created_at": "2026-07-16T05:00:31.532Z"
  }
},
{
  "model": "facebook_integration.facebookmessage",
  "pk": 593,
  "fields": {
    "lead": 9,
    "fb_message_id": "m_IPHDJLKZuKzKKBA1v6geEj5XArWXuhqgvcgPG60c2RwhG8DEwECCUy2OmouvqiIuJMQjE98MU0zw6vQ_T2ub7Q",
    "sender_type": "page",
    "text": "Dạ bạn cho mình xin địa chỉ Email để bên em gửi catalogue và thông tin chi tiết qua email cho mình nhé 📧",
    "attachment_url": "",
    "attachment_type": "",
    "created_at": "2026-07-16T05:00:38.263Z"
  }
},
{
  "model": "facebook_integration.facebookmessage",
  "pk": 594,
  "fields": {
    "lead": 9,
    "fb_message_id": "m_XkawOoz6d-psBeQoBCUo4T5XArWXuhqgvcgPG60c2RySu39EQkxn96N2RSf1IWzbWNUJsvwlQ1hlkmmI1r5ePw",
    "sender_type": "customer",
    "text": "ledinhtuyen92@gmail.com",
    "attachment_url": null,
    "attachment_type": "",
    "created_at": "2026-07-16T05:50:39.798Z"
  }
},
{
  "model": "facebook_integration.facebookmessage",
  "pk": 595,
  "fields": {
    "lead": 9,
    "fb_message_id": "m_mw-mdcDzwgJThPCOu2_OJT5XArWXuhqgvcgPG60c2RyUsgqquNF-CuT6Iv7327HWbSHsFvDv34d-D5qKp5TKCA",
    "sender_type": "page",
    "text": "2",
    "attachment_url": "",
    "attachment_type": "",
    "created_at": "2026-07-23T15:36:22.709Z"
  }
},
{
  "model": "facebook_integration.facebookmessage",
  "pk": 596,
  "fields": {
    "lead": 9,
    "fb_message_id": "m_JUi3uulcC22n4BRldVHk1T5XArWXuhqgvcgPG60c2RywmIOxKdgk75DjDUcCCxYf0DafkKRaqY27N91mwDLaDA",
    "sender_type": "page",
    "text": "hi",
    "attachment_url": "",
    "attachment_type": "",
    "created_at": "2026-07-23T15:41:10.200Z"
  }
},
{
  "model": "facebook_integration.facebookmessage",
  "pk": 597,
  "fields": {
    "lead": 9,
    "fb_message_id": "m_TNNNCQGA6cBPJ0_4WQGZQT5XArWXuhqgvcgPG60c2Rz36Q2YKX1CkZf0b7OoXYZDet8v01hHVc-fq_dR7vR3jA",
    "sender_type": "customer",
    "text": "2",
    "attachment_url": null,
    "attachment_type": "",
    "created_at": "2026-07-23T15:35:41Z"
  }
},
{
  "model": "facebook_integration.facebookmessage",
  "pk": 598,
  "fields": {
    "lead": 9,
    "fb_message_id": "m_ZVvZnFOs2quhPkNfN_bM5z5XArWXuhqgvcgPG60c2RyEZIwHaVZmgfpvqBqwKr6LM-1li-_KwB9rxFRHHqk4Ww",
    "sender_type": "customer",
    "text": "xin chào",
    "attachment_url": null,
    "attachment_type": "",
    "created_at": "2026-07-23T15:36:37Z"
  }
},
{
  "model": "facebook_integration.facebookmessage",
  "pk": 599,
  "fields": {
    "lead": 9,
    "fb_message_id": "m_U6tY-ZCOlu2abEneLjTK0T5XArWXuhqgvcgPG60c2RyEWZCQb-EdU-8SA8REGxc5yD1TnOeUabXCKgl7b98jrg",
    "sender_type": "page",
    "text": "👌",
    "attachment_url": null,
    "attachment_type": "",
    "created_at": "2026-07-23T15:36:53Z"
  }
},
{
  "model": "facebook_integration.facebookmessage",
  "pk": 600,
  "fields": {
    "lead": 15,
    "fb_message_id": "m_5Hx10VPvEnGA-vGpRrwV1zYsLHvpSvA2sfZWUDGT8LkJv3osXh9HB7b3Hw48josDjXP4r5MZ9e207aIUjY8pkg",
    "sender_type": "page",
    "text": "",
    "attachment_url": "https://scontent.fhan17-1.fna.fbcdn.net/o1/v/t2/f2/m272/AQP7EWqughKPTfq85CebRCALblaBQNtWz67p4sb2kP6m3Ue39RwYNiQll_VEZeUXGcE2X57bfmegnmnb16Bg9MEs_IwgwLL_MLAg-DWRPKJLvP7436uSCM2yyVqjHQ.mp4?strext=1&_nc_cat=102&_nc_oc=AdpQKeBhjDRo9Z6hK3pnNriNNazStoCf-ziVMOXt1IQSUYW99sJx0wiEVO93yXky5i8&_nc_sid=4f86bc&_nc_ht=scontent.fhan17-1.fna.fbcdn.net&_nc_ohc=AnZAYInOk38Q7kNvwHG52qR&ccb=17-1&_nc_gid=dtKwLXDd9BsP5SwjN-Z_DA&edm=AKu_40MEAAAA&_nc_zt=28&_nc_eui2=AeFX6u2VQQN-5ul7DkohdwOFtITtFfUyvAm0hO0V9TK8CYojqR8fsMtWhm2HaMdbXF9KL1Cq_BHbJmnKWG-A-Hdg&_nc_tpa=Q5bMBQH6lo22Q6n_KdOwzjNQx1M1vnG-q1n-TfuF8QyZnVZW-GtZWdgdKWA0q3H6zPpSGMG_s0p0oFnHlg&oh=00_AQBUeyhoXmCNwgRMorXk3RvMLHUalf1_cB7J0vWBG_OPiA&oe=6A64338A&dl=1",
    "attachment_type": "video",
    "created_at": "2022-04-01T15:45:11Z"
  }
},
{
  "model": "facebook_integration.facebookmessage",
  "pk": 601,
  "fields": {
    "lead": 15,
    "fb_message_id": "m_6rV41vn_wNphQ9Xx9AAqOTYsLHvpSvA2sfZWUDGT8Lkc-q7XB1UwiMduDl2lMWWbVSuS2vWPmdkxUNqXe5Q8aA",
    "sender_type": "customer",
    "text": "Mình thường mua trực tiếp sp uống",
    "attachment_url": null,
    "attachment_type": "",
    "created_at": "2022-04-01T15:45:27Z"
  }
},
{
  "model": "facebook_integration.facebookmessage",
  "pk": 602,
  "fields": {
    "lead": 15,
    "fb_message_id": "m_V7xIiunFy4DHb9e0X6SvDzYsLHvpSvA2sfZWUDGT8LkMNnTniLX4SnBPe1a2ZMvE4uISnosF_VOZS5TiX24T0Q",
    "sender_type": "customer",
    "text": "Do mình bị họng và sức khỏe kém",
    "attachment_url": null,
    "attachment_type": "",
    "created_at": "2022-04-01T15:45:36Z"
  }
},
{
  "model": "facebook_integration.facebookmessage",
  "pk": 603,
  "fields": {
    "lead": 15,
    "fb_message_id": "m_kBmvY3V1a87ekNq87xf-kzYsLHvpSvA2sfZWUDGT8LmN6rFCQv8M-e3cE08Db1deXNUr6EdPdkE7LZassqroTQ",
    "sender_type": "customer",
    "text": "Nên cx muốn đảm bảo 1 chút",
    "attachment_url": null,
    "attachment_type": "",
    "created_at": "2022-04-01T15:45:49Z"
  }
},
{
  "model": "facebook_integration.facebookmessage",
  "pk": 604,
  "fields": {
    "lead": 15,
    "fb_message_id": "m_N0Zd9lQDVTDju9sHpW934TYsLHvpSvA2sfZWUDGT8LlDkIn1RKs52HHyh3jU5Zvv8yoOGFjq8ODlgkkrxKGcSg",
    "sender_type": "page",
    "text": "Dạ e bán vì sức khoẻ do hiểu được nhu cầu của mọi người đặc biệt là giai đoạn dịch bệnh và hậu covid. Nên bên e cam kết mật nguyen chất không pha",
    "attachment_url": null,
    "attachment_type": "",
    "created_at": "2022-04-01T15:47:20Z"
  }
},
{
  "model": "facebook_integration.facebookmessage",
  "pk": 605,
  "fields": {
    "lead": 15,
    "fb_message_id": "m_UJMeFxExH7c-tkiD64wyUDYsLHvpSvA2sfZWUDGT8LnCS2HWPawsZIqskzlg8rOROynGN34SYHQ5SREndq7YvA",
    "sender_type": "page",
    "text": "Quê em đang mùa vải nên mật đợt này sẽ là mật vải chị ạ. Em vừa là người dùng vừa là người bán ạ",
    "attachment_url": null,
    "attachment_type": "",
    "created_at": "2022-04-01T15:48:57Z"
  }
},
{
  "model": "facebook_integration.facebookmessage",
  "pk": 606,
  "fields": {
    "lead": 15,
    "fb_message_id": "m_Ziob0fzLapUb68xGQuaNXTYsLHvpSvA2sfZWUDGT8LljEkbuI5emYms5IOanBz3kBslwyKzHaa1-Ty2HTXZNxA",
    "sender_type": "customer",
    "text": "1 lọ 500ml e thấy trên page là 99k",
    "attachment_url": null,
    "attachment_type": "",
    "created_at": "2022-04-01T15:49:50Z"
  }
},
{
  "model": "facebook_integration.facebookmessage",
  "pk": 607,
  "fields": {
    "lead": 15,
    "fb_message_id": "m_rvrKX9T_mfF0N5GjI94KqjYsLHvpSvA2sfZWUDGT8Ll9-B16NVeupyWCo_0SX44lZABXYTiviNhTu8iySnDJeA",
    "sender_type": "page",
    "text": "Vâng ạ. Đang mùa hoa vải rộ nên dễ thu mật hơn chị ạ",
    "attachment_url": null,
    "attachment_type": "",
    "created_at": "2022-04-01T15:50:31Z"
  }
},
{
  "model": "facebook_integration.facebookmessage",
  "pk": 608,
  "fields": {
    "lead": 15,
    "fb_message_id": "m_4Ku4KZQhKz6ERBQcxHKvdzYsLHvpSvA2sfZWUDGT8LlYMJ8DzQj8FmsuJxI2sVG6gnrd8ttWkvfM_oH30f4VCA",
    "sender_type": "page",
    "text": "Hũ này 500ml ạ. Chị muốn để trong hũ thuỷ tinh thì e xin thêm tiền hũ 17k thôi ạ. Còn không e vẫn chuyển cho chị chai nhựa ạ",
    "attachment_url": null,
    "attachment_type": "",
    "created_at": "2022-04-01T15:51:54Z"
  }
},
{
  "model": "facebook_integration.facebookmessage",
  "pk": 609,
  "fields": {
    "lead": 15,
    "fb_message_id": "m_eul4aqS9on8XGtU2GPUjUDYsLHvpSvA2sfZWUDGT8LlQXTFyYRsHW1cWjuHKkUiGGSVMtg7iPJ8Xcvukxaj7Kw",
    "sender_type": "page",
    "text": "",
    "attachment_url": "https://scontent.fhan17-1.fna.fbcdn.net/v/t1.15752-9/273975019_3204823559792516_2563511657900521587_n.jpg?_nc_cat=109&ccb=1-7&_nc_sid=fc17b8&_nc_eui2=AeEbZl9QRhfcLksmuT6ZvbGww5VVpV-_d7LDlVWlX793si4RmK5yTh5uOOdLRlb2hwYO2ZcgJ1IXwdnEE-G76-Cq&_nc_ohc=-XNAapcVEO8Q7kNvwHbwb6X&_nc_oc=AdqWszkJUyyvHQtsWmPZh3Gm6R7yf91M-Aul8HFUlFaC_w5RxnucGipn1Mpfa0NtHWM&_nc_zt=23&_nc_ht=scontent.fhan17-1.fna&edm=AKu_40MEAAAA&_nc_tpa=Q5bMBQGgxI_q50nU9nUqwuIYcgtuJGUlY3tOZrfK2jFCnNpU8Y7xvA1XX12iMDJrVYPEWnhRPCv3DxmY9g&oh=03_Q7cD5wGf7KQ5-uu4Q7U01eHs4s2wbPmOACiA8ucgE9YoAghvXQ&oe=6A89A505",
    "attachment_type": "image",
    "created_at": "2022-04-01T15:52:20Z"
  }
},
{
  "model": "facebook_integration.facebookmessage",
  "pk": 610,
  "fields": {
    "lead": 15,
    "fb_message_id": "m_Uma_P0aLb2oH-dNxo9PZczYsLHvpSvA2sfZWUDGT8LkmBs6y1NyacstU96Znk8itRjgY5FyfTBgdtJo-Me28fA",
    "sender_type": "page",
    "text": "Giá này em cũng để ưu đãi cho các khách mới ạ",
    "attachment_url": null,
    "attachment_type": "",
    "created_at": "2022-04-01T15:53:22Z"
  }
},
{
  "model": "facebook_integration.facebookmessage",
  "pk": 611,
  "fields": {
    "lead": 15,
    "fb_message_id": "m_AiOYSo5YSyKNFtTkRZM_ujYsLHvpSvA2sfZWUDGT8Ln18JLZIOEtUvy2Z3KLbXoMEoyIz__jUjRuJUzLQmhEOQ",
    "sender_type": "customer",
    "text": "Vậy là 116 1 lọ đúng ko?",
    "attachment_url": null,
    "attachment_type": "",
    "created_at": "2022-04-01T15:53:47Z"
  }
},
{
  "model": "facebook_integration.facebookmessage",
  "pk": 612,
  "fields": {
    "lead": 15,
    "fb_message_id": "m_HFagMdiYJyqFyEVNGsirrzYsLHvpSvA2sfZWUDGT8Llx3keoD5a4qtPk2iWH0PGf2TvJtFiqfQrdx6cbKHUd_g",
    "sender_type": "customer",
    "text": "Ship như nào ạ?",
    "attachment_url": null,
    "attachment_type": "",
    "created_at": "2022-04-01T15:53:50Z"
  }
},
{
  "model": "facebook_integration.facebookmessage",
  "pk": 613,
  "fields": {
    "lead": 15,
    "fb_message_id": "m_h3QJDnO7eRotbDPCDuj0uTYsLHvpSvA2sfZWUDGT8LmhntVTsP24aigtiH-efPGx-POVqD9dzbQ3m5prL2OhVQ",
    "sender_type": "page",
    "text": "Vâng ạ",
    "attachment_url": null,
    "attachment_type": "",
    "created_at": "2022-04-01T15:54:59Z"
  }
},
{
  "model": "facebook_integration.facebookmessage",
  "pk": 614,
  "fields": {
    "lead": 15,
    "fb_message_id": "m_m0lcTDoM5NTlOPoAO_3lQTYsLHvpSvA2sfZWUDGT8Lmv55HRhjQV5TPtmmeKAOao7hgxogPpLwXSgAlgRjsXYA",
    "sender_type": "page",
    "text": "Chị ở đâu ạ",
    "attachment_url": null,
    "attachment_type": "",
    "created_at": "2022-04-01T15:55:03Z"
  }
},
{
  "model": "facebook_integration.facebookmessage",
  "pk": 615,
  "fields": {
    "lead": 15,
    "fb_message_id": "m_8qeKzJ4x1lW_hFVrJKTu_TYsLHvpSvA2sfZWUDGT8Ln7No6RKqEYoaIMII1VIsNI2MnHoZnWLYGy2wW2ulTJqw",
    "sender_type": "customer",
    "text": "Hoàng mai, HN ạ",
    "attachment_url": null,
    "attachment_type": "",
    "created_at": "2022-04-01T15:55:45Z"
  }
},
{
  "model": "facebook_integration.facebookmessage",
  "pk": 616,
  "fields": {
    "lead": 15,
    "fb_message_id": "m_31Catx97CifsLrhD6hEaCjYsLHvpSvA2sfZWUDGT8LnfvSLAm1VemeHsuLHh6CgS6l86bv-5-pND7TCjFnFHRg",
    "sender_type": "customer",
    "text": "Gần định công nè",
    "attachment_url": null,
    "attachment_type": "",
    "created_at": "2022-04-01T15:55:52Z"
  }
},
{
  "model": "facebook_integration.facebookmessage",
  "pk": 617,
  "fields": {
    "lead": 15,
    "fb_message_id": "m_Peq5lESeXouF1JoL7WEjtDYsLHvpSvA2sfZWUDGT8Lk0TgK3D3Dtc2TSgLpAJ_4KZKV3p9FA0ju_aj-2ZEsX5Q",
    "sender_type": "page",
    "text": "E ở Định Công Thượng",
    "attachment_url": null,
    "attachment_type": "",
    "created_at": "2022-04-01T15:55:59Z"
  }
},
{
  "model": "facebook_integration.facebookmessage",
  "pk": 618,
  "fields": {
    "lead": 15,
    "fb_message_id": "m_uWNYu5NSqrqX-0-xjXhXQjYsLHvpSvA2sfZWUDGT8Ll3Sqjy-2H2QDYiQHfW3sdgiVb8usTUuFYNRx5q5I-KQg",
    "sender_type": "customer",
    "text": "Mình bên kim giang",
    "attachment_url": null,
    "attachment_type": "",
    "created_at": "2022-04-01T15:56:10Z"
  }
},
{
  "model": "facebook_integration.facebookmessage",
  "pk": 619,
  "fields": {
    "lead": 15,
    "fb_message_id": "m_p8wHl1d2E7RWQBub2n1jaDYsLHvpSvA2sfZWUDGT8LnYmLL611yj57joEBP3MC7xPi2ycby5LgwdCxVgFzDvAg",
    "sender_type": "customer",
    "text": "Cách bên đó 1 cây cầu",
    "attachment_url": null,
    "attachment_type": "",
    "created_at": "2022-04-01T15:56:15Z"
  }
},
{
  "model": "facebook_integration.facebookmessage",
  "pk": 620,
  "fields": {
    "lead": 15,
    "fb_message_id": "m_zlfT8byVdjABRvDMXT9NNDYsLHvpSvA2sfZWUDGT8LncW5t1FEXa9snud8zUaVW70OhWS92Y8ZVmPH6UEyQ0KQ",
    "sender_type": "customer",
    "text": "Nên mk ms hỏi địa chỉ để qua😅",
    "attachment_url": null,
    "attachment_type": "",
    "created_at": "2022-04-01T15:56:29Z"
  }
},
{
  "model": "facebook_integration.facebookmessage",
  "pk": 621,
  "fields": {
    "lead": 15,
    "fb_message_id": "m_aWEYcxyRy_giy2mHGuKLnzYsLHvpSvA2sfZWUDGT8LkoyCBk39MJTXerLnVpQ-RlXA-u7kmLNqyM7lKeOFlvmA",
    "sender_type": "page",
    "text": "Vâng vậy để e free ship cho c luôn ạ",
    "attachment_url": null,
    "attachment_type": "",
    "created_at": "2022-04-01T15:56:31Z"
  }
},
{
  "model": "facebook_integration.facebookmessage",
  "pk": 622,
  "fields": {
    "lead": 15,
    "fb_message_id": "m_D12EdFkf9iULb8Q_zuoeWDYsLHvpSvA2sfZWUDGT8Lk8KEUJHN74GBnpag9xbYaClHR4e-0zuN99Uq0jT8QjZA",
    "sender_type": "customer",
    "text": "Ok nha",
    "attachment_url": null,
    "attachment_type": "",
    "created_at": "2022-04-01T15:56:40Z"
  }
},
{
  "model": "facebook_integration.facebookmessage",
  "pk": 623,
  "fields": {
    "lead": 15,
    "fb_message_id": "m_DaKDvI72J7MgcA4_H-fxCDYsLHvpSvA2sfZWUDGT8LmBet3USYCZJCRRgT_z54aHyIHfRI1tw_avIxxzBpfwpw",
    "sender_type": "customer",
    "text": "H mk đặt thì khi nào có ạ",
    "attachment_url": null,
    "attachment_type": "",
    "created_at": "2022-04-01T15:56:56Z"
  }
},
{
  "model": "facebook_integration.facebookmessage",
  "pk": 624,
  "fields": {
    "lead": 15,
    "fb_message_id": "m_bJf8oi6gN13Mi3InHxTmFjYsLHvpSvA2sfZWUDGT8LlGxtQhoXqmvgPny4nhQRiaq_8ez3nUco8fyU_i02YgJQ",
    "sender_type": "page",
    "text": "Hay c lấy luôn 1l đợt này mùa hoa mới có giá mật tốt thế chị ạ",
    "attachment_url": null,
    "attachment_type": "",
    "created_at": "2022-04-01T15:56:56Z"
  }
},
{
  "model": "facebook_integration.facebookmessage",
  "pk": 625,
  "fields": {
    "lead": 15,
    "fb_message_id": "m_HquRu8Zf0AJWTwLOWCKDGTYsLHvpSvA2sfZWUDGT8Lmr1NML8jWn0WdtjvPAujcpwiTBNJAlauqOHnHy1q24xA",
    "sender_type": "page",
    "text": "Mấy tuần nữa là hết mùa rồi",
    "attachment_url": null,
    "attachment_type": "",
    "created_at": "2022-04-01T15:57:05Z"
  }
},
{
  "model": "facebook_integration.facebookmessage",
  "pk": 626,
  "fields": {
    "lead": 15,
    "fb_message_id": "m_LCREgJjNR4MRlvlL2Em56TYsLHvpSvA2sfZWUDGT8LkZzPKDe2xlfUhrEdUJcwC-rEw-WMPjdvsPd33BrFh-cA",
    "sender_type": "customer",
    "text": "Mk uống ko hết",
    "attachment_url": null,
    "attachment_type": "",
    "created_at": "2022-04-01T15:57:14Z"
  }
},
{
  "model": "facebook_integration.facebookmessage",
  "pk": 627,
  "fields": {
    "lead": 15,
    "fb_message_id": "m_gzMvi6jGM-J2HQgwCpseCjYsLHvpSvA2sfZWUDGT8Lkashk1FnURL2l1NC9Idz3IOh4EfxRYoq98XNfSGTiezA",
    "sender_type": "customer",
    "text": "Nên mua ít 1 thôi ạ",
    "attachment_url": null,
    "attachment_type": "",
    "created_at": "2022-04-01T15:57:21Z"
  }
},
{
  "model": "facebook_integration.facebookmessage",
  "pk": 628,
  "fields": {
    "lead": 15,
    "fb_message_id": "m_37UTBPQPmFWB6CVbPf029DYsLHvpSvA2sfZWUDGT8LmECIUETlvKlw2483sQ7iRxYTY3ltc3gP4PDwQtsidfJg",
    "sender_type": "page",
    "text": "Chiều mai c có nhận được không ạ",
    "attachment_url": null,
    "attachment_type": "",
    "created_at": "2022-04-01T15:57:39Z"
  }
},
{
  "model": "facebook_integration.facebookmessage",
  "pk": 629,
  "fields": {
    "lead": 15,
    "fb_message_id": "m_URtNZ5nn8S86nSybhCiw7jYsLHvpSvA2sfZWUDGT8LkO4MmulJO-y2JMF76DmV_JceuUQxWeOJjhtnlE5V31Ew",
    "sender_type": "customer",
    "text": "Ko ak",
    "attachment_url": null,
    "attachment_type": "",
    "created_at": "2022-04-01T15:58:28Z"
  }
},
{
  "model": "facebook_integration.facebookmessage",
  "pk": 630,
  "fields": {
    "lead": 15,
    "fb_message_id": "m_14iWDBL_CCMpXf5FhgmqJDYsLHvpSvA2sfZWUDGT8LloO83lXaFnSeGiIqcDfk1veUrVKx-Y-6k8TePyvfJ66Q",
    "sender_type": "customer",
    "text": "Mai mình đi làm",
    "attachment_url": null,
    "attachment_type": "",
    "created_at": "2022-04-01T15:58:31Z"
  }
},
{
  "model": "facebook_integration.facebookmessage",
  "pk": 631,
  "fields": {
    "lead": 15,
    "fb_message_id": "m_EC5NzYGEsi98HCS-Hmp1lDYsLHvpSvA2sfZWUDGT8LlQpfyd0nw-KYitKhTYqhiewIXHGONebF7hTyWDw4hCtQ",
    "sender_type": "customer",
    "text": "Tối thứ 2 được ko?",
    "attachment_url": null,
    "attachment_type": "",
    "created_at": "2022-04-01T15:58:53Z"
  }
},
{
  "model": "facebook_integration.facebookmessage",
  "pk": 632,
  "fields": {
    "lead": 15,
    "fb_message_id": "m_FFhAEPX4JKPYxus0E9ujFzYsLHvpSvA2sfZWUDGT8Ll2xX4Swl-9j-tVYbENnKRXpxzAbrrUGQR6z8NSW97XDA",
    "sender_type": "customer",
    "text": "Ban ngày mk ở cty",
    "attachment_url": null,
    "attachment_type": "",
    "created_at": "2022-04-01T15:59:02Z"
  }
},
{
  "model": "facebook_integration.facebookmessage",
  "pk": 633,
  "fields": {
    "lead": 15,
    "fb_message_id": "m_oJy9TzZWTuBJbfQ3bSK3EzYsLHvpSvA2sfZWUDGT8LkrinZQAt_0eGPWgCgYXu6mUIZdmGNpP9qYoy-0nBBs1A",
    "sender_type": "page",
    "text": "Dạ được ạ",
    "attachment_url": null,
    "attachment_type": "",
    "created_at": "2022-04-01T15:59:03Z"
  }
},
{
  "model": "facebook_integration.facebookmessage",
  "pk": 634,
  "fields": {
    "lead": 15,
    "fb_message_id": "m_n0K9JqyywlvpjxHAFpRjzjYsLHvpSvA2sfZWUDGT8Lk2LSx0PQA2sEp4gC95VGr0qh5K7jE2JIMsdJ4MD2ZO2A",
    "sender_type": "page",
    "text": "Vậy tối thứ 2 em ship. Chị cho e xin đ/c và sđt ạ",
    "attachment_url": null,
    "attachment_type": "",
    "created_at": "2022-04-01T15:59:24Z"
  }
},
{
  "model": "facebook_integration.facebookmessage",
  "pk": 635,
  "fields": {
    "lead": 15,
    "fb_message_id": "m_hgpbnmBMeFpWawLQBb-_-DYsLHvpSvA2sfZWUDGT8Lnqkxm5TKKJIecJIl-wI7ytaCOMr1cJ5aGzzNmRseVFbQ",
    "sender_type": "page",
    "text": "Lúc nào qua e sẽ gọi trước",
    "attachment_url": null,
    "attachment_type": "",
    "created_at": "2022-04-01T15:59:33Z"
  }
},
{
  "model": "facebook_integration.facebookmessage",
  "pk": 636,
  "fields": {
    "lead": 15,
    "fb_message_id": "m_MiVrEVs9vlLhzMtwJPfa0jYsLHvpSvA2sfZWUDGT8LnrA3N-jXVz72gX6KUhE6l-wPvuWvodRvFBTkKsXf7s4w",
    "sender_type": "customer",
    "text": "Nhà 18, ngách 85, ngõ 168 đường kim giang, hoàng mai, hà nội.\nSđt: 0358736884",
    "attachment_url": null,
    "attachment_type": "",
    "created_at": "2022-04-01T16:00:12Z"
  }
},
{
  "model": "facebook_integration.facebookmessage",
  "pk": 637,
  "fields": {
    "lead": 15,
    "fb_message_id": "m_rglHYdu5iVTeopjRWGGhizYsLHvpSvA2sfZWUDGT8LlXZT__4WFyTtqHwc2hToJJNZCBbJV1BQvw2ifa6wzK6g",
    "sender_type": "page",
    "text": "Vâng ạ. Chị nhận hàng yên tâm sử dụng khi nào hết lại liên hệ em nhé",
    "attachment_url": null,
    "attachment_type": "",
    "created_at": "2022-04-01T16:01:08Z"
  }
},
{
  "model": "facebook_integration.facebookmessage",
  "pk": 638,
  "fields": {
    "lead": 15,
    "fb_message_id": "m_XMxnSHfkNWWnkaS_UlQZhTYsLHvpSvA2sfZWUDGT8LnqWYsUjQEoQR5uUiJE9fu3rRDkYwB3BjJXxytPqfJqtg",
    "sender_type": "page",
    "text": "Tin nhắn này chỉ hiển thị với quản trị viên của trang này. Bạn xác nhận rằng Anna đã đặt hàng.",
    "attachment_url": null,
    "attachment_type": "",
    "created_at": "2022-04-01T16:02:13Z"
  }
},
{
  "model": "facebook_integration.facebookmessage",
  "pk": 639,
  "fields": {
    "lead": 15,
    "fb_message_id": "m_lNENo5Cj3gG-9Ooq_haZLzYsLHvpSvA2sfZWUDGT8Lk4eVpnTjzbPpYDpvChhmH8r4PhK3dHjrjdaK1UdaOVSw",
    "sender_type": "page",
    "text": "Tin nhắn này chỉ hiển thị với quản trị viên của trang này. Bạn xác nhận rằng Anna đã đặt hàng.",
    "attachment_url": null,
    "attachment_type": "",
    "created_at": "2022-04-01T16:02:16Z"
  }
},
{
  "model": "facebook_integration.facebookmessage",
  "pk": 640,
  "fields": {
    "lead": 15,
    "fb_message_id": "m_nGLu7k00c0qusa4UZ4Jo6zYsLHvpSvA2sfZWUDGT8LmoTJ7odJ3YjVreRGDAp0jrm3siQhrimLoIaJkeOHf_iQ",
    "sender_type": "page",
    "text": "Tin nhắn này chỉ hiển thị với quản trị viên của trang này. Bạn xác nhận rằng Anna đã đặt hàng.",
    "attachment_url": null,
    "attachment_type": "",
    "created_at": "2022-04-01T16:02:21Z"
  }
},
{
  "model": "facebook_integration.facebookmessage",
  "pk": 641,
  "fields": {
    "lead": 15,
    "fb_message_id": "m_QeigbRv83tWuw79LFqLKGzYsLHvpSvA2sfZWUDGT8LliMl3-0BuxSwGaSAcPHNoqGWrJxo-S2djNDdfIFReR3Q",
    "sender_type": "page",
    "text": "",
    "attachment_url": null,
    "attachment_type": "",
    "created_at": "2022-04-01T16:03:01Z"
  }
},
{
  "model": "facebook_integration.facebookmessage",
  "pk": 642,
  "fields": {
    "lead": 15,
    "fb_message_id": "m_slPGDWdhUINu0VU8KHu3aDYsLHvpSvA2sfZWUDGT8LmMGDjul0NwsGMY1OobTsE35_OwII8bDwobBfhm64WdqQ",
    "sender_type": "customer",
    "text": "ok nha",
    "attachment_url": null,
    "attachment_type": "",
    "created_at": "2022-04-01T16:03:03Z"
  }
},
{
  "model": "facebook_integration.facebookmessage",
  "pk": 643,
  "fields": {
    "lead": 15,
    "fb_message_id": "m_SYI-J-fLySgi-8E0HQyXLTYsLHvpSvA2sfZWUDGT8LksiN4q3rja0c6oeKyz1_ndfe43WwKCKL2rYgirCZJdEQ",
    "sender_type": "page",
    "text": "Em cảm ơn ạ",
    "attachment_url": null,
    "attachment_type": "",
    "created_at": "2022-04-01T16:03:21Z"
  }
},
{
  "model": "facebook_integration.facebookmessage",
  "pk": 644,
  "fields": {
    "lead": 15,
    "fb_message_id": "m_RA_FPjRX8JSh0kEY7jH-DzYsLHvpSvA2sfZWUDGT8LmtKmKNANE-w14vBygxIw8Z9TEYz3koAiTefrjs1kbZxw",
    "sender_type": "page",
    "text": "Chị ơi mình còn mật ong bên em không ạ",
    "attachment_url": null,
    "attachment_type": "",
    "created_at": "2023-03-06T04:42:46Z"
  }
},
{
  "model": "facebook_integration.facebookmessage",
  "pk": 645,
  "fields": {
    "lead": 15,
    "fb_message_id": "m_lrhu5ft_uNyF9enLlEpXITYsLHvpSvA2sfZWUDGT8LnImZyVZVNdioShn0ey3pXR45GZ49RsZa4f_hufxemyFQ",
    "sender_type": "customer",
    "text": "bên bạn mùa này có loại mật ong nào?",
    "attachment_url": null,
    "attachment_type": "",
    "created_at": "2023-03-06T04:44:11Z"
  }
},
{
  "model": "facebook_integration.facebookmessage",
  "pk": 646,
  "fields": {
    "lead": 15,
    "fb_message_id": "m_lgV9CfTBMWNn1F8-YdZVazYsLHvpSvA2sfZWUDGT8LmxWz0wAytAp1XQT8qej8TIL0o98lsEgs5ZvXX3PDtcfQ",
    "sender_type": "page",
    "text": "Bên mình vẫn kinh doanh mật vải là chính thôi ạ. Vì mình ở Thanh Hà nên theo hoa vải bạn ạ",
    "attachment_url": null,
    "attachment_type": "",
    "created_at": "2023-03-06T04:46:08Z"
  }
},
{
  "model": "facebook_integration.facebookmessage",
  "pk": 647,
  "fields": {
    "lead": 15,
    "fb_message_id": "m_a_A0-44BQZFKPYCCWyYjRTYsLHvpSvA2sfZWUDGT8LkOqcrtJyeFo0cmLxEbdPaJioyrPb1DuzygjYj5c2RmGw",
    "sender_type": "customer",
    "text": "giá ntn",
    "attachment_url": null,
    "attachment_type": "",
    "created_at": "2023-03-06T04:46:26Z"
  }
},
{
  "model": "facebook_integration.facebookmessage",
  "pk": 648,
  "fields": {
    "lead": 15,
    "fb_message_id": "m_8SDcp4UDOOpTFt1nNSlDnzYsLHvpSvA2sfZWUDGT8Lk8_nMFmfTBhLkNks2yOWK3aDTlzsURwu6S5PppCTw6Qw",
    "sender_type": "page",
    "text": "bạn là khách đã  mua hàng rồi nên mình vẫn để giá bán 500ml là 119k và 1000ml là 229k ạ",
    "attachment_url": null,
    "attachment_type": "",
    "created_at": "2023-03-06T04:49:19Z"
  }
},
{
  "model": "facebook_integration.facebookmessage",
  "pk": 649,
  "fields": {
    "lead": 15,
    "fb_message_id": "m__yrpyj9Ml21JDIUyg8i2PzYsLHvpSvA2sfZWUDGT8LlMA6oioSXUMRqmq91JY4HnR-OOTv2bc3q2vaR3MEGXZA",
    "sender_type": "page",
    "text": "chị để giảm ho thì e nghĩ chị nên ngâm tỏi+gừng+mật ong sẽ hiệu quả hơn đấy ạ",
    "attachment_url": null,
    "attachment_type": "",
    "created_at": "2023-03-06T04:50:14Z"
  }
},
{
  "model": "facebook_integration.facebookmessage",
  "pk": 650,
  "fields": {
    "lead": 16,
    "fb_message_id": "m_tWWvgh_ygL_0OyBg1_QuuzdKZLGiQanl_nHgFcA5yHFpLtCd7oqxi_JxSmrpCNn68hdhk9Qoxuy9fGjJtPcgzQ",
    "sender_type": "customer",
    "text": "Ai đó có thể hỗ trợ cho tôi không?",
    "attachment_url": null,
    "attachment_type": "",
    "created_at": "2022-12-29T17:52:04Z"
  }
},
{
  "model": "facebook_integration.facebookmessage",
  "pk": 651,
  "fields": {
    "lead": 16,
    "fb_message_id": "m_7S6m_7sYtoqA1GDQEbw9BjdKZLGiQanl_nHgFcA5yHGbh-UCJt5evnv7oWP-SIvTVNX5gjbT5jHvABSNc_9DgA",
    "sender_type": "page",
    "text": "Cảm ơn b đã quan tâm. Mình có thể giúp gì cho bạn ạ",
    "attachment_url": null,
    "attachment_type": "",
    "created_at": "2022-12-30T01:10:02Z"
  }
},
{
  "model": "facebook_integration.facebookmessage",
  "pk": 652,
  "fields": {
    "lead": 16,
    "fb_message_id": "m_PySVerZZjNUpyWnH5ue4_DdKZLGiQanl_nHgFcA5yHF_fg4MSK4rkts_JDlUJITKCSWv8UJCaAmqUaADyQ8wEQ",
    "sender_type": "customer",
    "text": "Chai bé bé nưar lít\nLà bn hả x",
    "attachment_url": null,
    "attachment_type": "",
    "created_at": "2022-12-30T02:08:12Z"
  }
},
{
  "model": "facebook_integration.facebookmessage",
  "pk": 653,
  "fields": {
    "lead": 16,
    "fb_message_id": "m_IoZEoDPYYt1-MD3NIKP_XDdKZLGiQanl_nHgFcA5yHFQKdme-ta37_5uxp73VcDlopNQd1DlS5O1r0j0aJOSGQ",
    "sender_type": "customer",
    "text": "C",
    "attachment_url": null,
    "attachment_type": "",
    "created_at": "2022-12-30T02:08:14Z"
  }
},
{
  "model": "facebook_integration.facebookmessage",
  "pk": 654,
  "fields": {
    "lead": 16,
    "fb_message_id": "m_b5umFzFhLgy_StZKWBS9vDdKZLGiQanl_nHgFcA5yHG8dco1FPStrzqzyGCzGqhmfwzps_gCJSwuKNEfUgKHZw",
    "sender_type": "page",
    "text": "Đúng rồi ạ. M bán 1l và 500ml",
    "attachment_url": null,
    "attachment_type": "",
    "created_at": "2022-12-30T02:08:38Z"
  }
},
{
  "model": "facebook_integration.facebookmessage",
  "pk": 655,
  "fields": {
    "lead": 16,
    "fb_message_id": "m_TTCImr-TUojsXQlEYxhbxzdKZLGiQanl_nHgFcA5yHGqa4unMu8Zlrbfj-JKCpjF2gsWa3pOHhyGkMMADLqCNw",
    "sender_type": "customer",
    "text": "C có cửa hàng ko",
    "attachment_url": null,
    "attachment_type": "",
    "created_at": "2022-12-30T02:09:41Z"
  }
},
{
  "model": "facebook_integration.facebookmessage",
  "pk": 656,
  "fields": {
    "lead": 16,
    "fb_message_id": "m_ZaHNZpSShIlI8Hns-VD2STdKZLGiQanl_nHgFcA5yHG4AqbQYSulfsJpAZeL-SVUCy6tOMk154LjLN_pSp4I0Q",
    "sender_type": "customer",
    "text": "E qua ạ",
    "attachment_url": null,
    "attachment_type": "",
    "created_at": "2022-12-30T02:09:46Z"
  }
},
{
  "model": "facebook_integration.facebookmessage",
  "pk": 657,
  "fields": {
    "lead": 16,
    "fb_message_id": "m_cCfKHQ1NJwr9VAjkWl7mAjdKZLGiQanl_nHgFcA5yHEnlXyfnT_3I8m9o5aCQ-lnGXnDdigC7fFKRbQEUiR6ZA",
    "sender_type": "page",
    "text": "Bên mình k ạ",
    "attachment_url": null,
    "attachment_type": "",
    "created_at": "2022-12-30T02:09:57Z"
  }
},
{
  "model": "facebook_integration.facebookmessage",
  "pk": 658,
  "fields": {
    "lead": 16,
    "fb_message_id": "m_W9ZbxuLQQsIdaKqMqHo-IDdKZLGiQanl_nHgFcA5yHHf38oOnH8rqTJzyaaRZKJmuhFAE9_9achEGC5MzsNMLQ",
    "sender_type": "customer",
    "text": "Chai nửa lit bn hả c",
    "attachment_url": null,
    "attachment_type": "",
    "created_at": "2022-12-30T02:10:20Z"
  }
},
{
  "model": "facebook_integration.facebookmessage",
  "pk": 659,
  "fields": {
    "lead": 16,
    "fb_message_id": "m_f4P3d5cO7cgvJ-Y2ZvRvWTdKZLGiQanl_nHgFcA5yHEItg7a29svH8bqulhAwTqnHnHMuu3-xH9VjImMC8yAgg",
    "sender_type": "customer",
    "text": "Tiền ship bn ạ",
    "attachment_url": null,
    "attachment_type": "",
    "created_at": "2022-12-30T02:10:27Z"
  }
},
{
  "model": "facebook_integration.facebookmessage",
  "pk": 660,
  "fields": {
    "lead": 16,
    "fb_message_id": "m_tpxAcQJKPCFbRFSCD5PGFzdKZLGiQanl_nHgFcA5yHGgsMhovDsZC1npg4fgcc5z7V6NOQVBez38pr2AydKZ-g",
    "sender_type": "page",
    "text": "Chai 500ml 109k ạ",
    "attachment_url": null,
    "attachment_type": "",
    "created_at": "2022-12-30T05:49:06Z"
  }
},
{
  "model": "facebook_integration.facebookmessage",
  "pk": 661,
  "fields": {
    "lead": 16,
    "fb_message_id": "m_cZQWQyc5PAqVpYF6BQLTbzdKZLGiQanl_nHgFcA5yHFj_PvAYBkgBFcRQO91VuyaUxV3xz2Cl8EKS_vM3lPsvg",
    "sender_type": "page",
    "text": "C ở đâu ạ",
    "attachment_url": null,
    "attachment_type": "",
    "created_at": "2022-12-30T05:49:11Z"
  }
},
{
  "model": "facebook_integration.quickmediaasset",
  "pk": 1,
  "fields": {
    "company": 15,
    "title": "8a9c104d33a5b2fbebb4.jpg",
    "folder": "Chung",
    "media_type": "image",
    "file_url": "/media/quick_media/238e49cff3eb_8a9c104d33a5b2fbebb4.jpg",
    "created_by": 2,
    "created_at": "2026-07-15T17:03:54.598Z"
  }
},
{
  "model": "facebook_integration.quickmediaasset",
  "pk": 2,
  "fields": {
    "company": 15,
    "title": "de7d10c90cfc73ca934b6e98c990529c7b6aaeb26a3020cccdc4c1672f95278a.png",
    "folder": "Facebook",
    "media_type": "image",
    "file_url": "/media/quick_media/71ee1a182108_de7d10c90cfc73ca934b6e98c990529c7b6aaeb26a3020cccdc4c1672f95278a.png",
    "created_by": 2,
    "created_at": "2026-07-15T17:15:22.522Z"
  }
},
{
  "model": "facebook_integration.quickmediaasset",
  "pk": 3,
  "fields": {
    "company": 15,
    "title": "3d3ea46094967207070eaaca241ff40518dc32975d1d0790f6c522e441859107.png",
    "folder": "Chung",
    "media_type": "image",
    "file_url": "/media/quick_media/5da0147d44ef_3d3ea46094967207070eaaca241ff40518dc32975d1d0790f6c522e441859107.png",
    "created_by": 2,
    "created_at": "2026-07-15T17:15:39.315Z"
  }
},
{
  "model": "facebook_integration.facebookquickreply",
  "pk": 1,
  "fields": {
    "company": 15,
    "shortcut": "/diachi",
    "title": "Địa chỉ",
    "content": "Địa chỉ bên mình là gì",
    "created_by": 2,
    "created_at": "2026-07-15T11:09:42.081Z"
  }
}
]
