[
  {
    "model": "users.company",
    "pk": 15,
    "fields": {
      "name": "Fujitech Group",
      "workspace_id": "FUJI",
      "tax_code": "574545454",
      "address": "Đường Kiến Hưng - Hà Đông -Hà Nội",
      "phone": "",
      "logo": "company_logos/logo-fujitech.png",
      "stamp_image": "company_stamps/dau-congty.png",
      "director_signature": "company_signatures/chu-ky.png",
      "director_name": "Nguyễn Anh Tuấn",
      "director_title": "Tổng giám đốc",
      "is_active": true,
      "user_limit": 0,
      "quotation_template": 2,
      "created_at": "2026-07-04T08:19:15.796Z"
    }
  },
  {
    "model": "users.permission",
    "pk": 1,
    "fields": {
      "code": "dashboard.view",
      "name": "Xem Dashboard tổng quan",
      "module": "dashboard"
    }
  },
  {
    "model": "users.permission",
    "pk": 2,
    "fields": {
      "code": "crm.view",
      "name": "Xem danh sách khách hàng",
      "module": "crm"
    }
  },
  {
    "model": "users.permission",
    "pk": 3,
    "fields": {
      "code": "crm.create",
      "name": "Thêm khách hàng mới",
      "module": "crm"
    }
  },
  {
    "model": "users.permission",
    "pk": 4,
    "fields": {
      "code": "crm.edit",
      "name": "Chỉnh sửa thông tin khách hàng",
      "module": "crm"
    }
  },
  {
    "model": "users.permission",
    "pk": 5,
    "fields": {
      "code": "crm.delete",
      "name": "Xóa khách hàng",
      "module": "crm"
    }
  },
  {
    "model": "users.permission",
    "pk": 6,
    "fields": {
      "code": "crm.assign",
      "name": "Phân công / Gán khách hàng cho nhân viên",
      "module": "crm"
    }
  },
  {
    "model": "users.permission",
    "pk": 7,
    "fields": {
      "code": "crm.import",
      "name": "Import khách hàng từ Excel",
      "module": "crm"
    }
  },
  {
    "model": "users.permission",
    "pk": 8,
    "fields": {
      "code": "crm.export",
      "name": "Xuất danh sách khách hàng",
      "module": "crm"
    }
  },
  {
    "model": "users.permission",
    "pk": 9,
    "fields": {
      "code": "crm.view_all",
      "name": "Xem tất cả khách hàng (không giới hạn bởi phân công)",
      "module": "crm"
    }
  },
  {
    "model": "users.permission",
    "pk": 10,
    "fields": {
      "code": "crm.manage_tags",
      "name": "Quản lý Tags khách hàng",
      "module": "crm"
    }
  },
  {
    "model": "users.permission",
    "pk": 11,
    "fields": {
      "code": "sales.view",
      "name": "Xem danh sách báo giá",
      "module": "sales"
    }
  },
  {
    "model": "users.permission",
    "pk": 12,
    "fields": {
      "code": "sales.create",
      "name": "Tạo báo giá mới",
      "module": "sales"
    }
  },
  {
    "model": "users.permission",
    "pk": 13,
    "fields": {
      "code": "sales.edit",
      "name": "Chỉnh sửa báo giá",
      "module": "sales"
    }
  },
  {
    "model": "users.permission",
    "pk": 14,
    "fields": {
      "code": "sales.delete",
      "name": "Xóa báo giá",
      "module": "sales"
    }
  },
  {
    "model": "users.permission",
    "pk": 15,
    "fields": {
      "code": "sales.export_pdf",
      "name": "Xuất PDF báo giá",
      "module": "sales"
    }
  },
  {
    "model": "users.permission",
    "pk": 16,
    "fields": {
      "code": "orders.view",
      "name": "Xem danh sách đơn hàng",
      "module": "orders"
    }
  },
  {
    "model": "users.permission",
    "pk": 17,
    "fields": {
      "code": "orders.create",
      "name": "Tạo đơn hàng mới",
      "module": "orders"
    }
  },
  {
    "model": "users.permission",
    "pk": 18,
    "fields": {
      "code": "orders.edit",
      "name": "Chỉnh sửa đơn hàng",
      "module": "orders"
    }
  },
  {
    "model": "users.permission",
    "pk": 19,
    "fields": {
      "code": "orders.delete",
      "name": "Xóa đơn hàng",
      "module": "orders"
    }
  },
  {
    "model": "users.permission",
    "pk": 20,
    "fields": {
      "code": "orders.approve",
      "name": "Duyệt / Từ chối đơn hàng",
      "module": "orders"
    }
  },
  {
    "model": "users.permission",
    "pk": 21,
    "fields": {
      "code": "orders.export_pdf",
      "name": "Xuất PDF đơn hàng",
      "module": "orders"
    }
  },
  {
    "model": "users.permission",
    "pk": 22,
    "fields": {
      "code": "orders.view_all",
      "name": "Xem tất cả đơn hàng (không giới hạn bởi người tạo)",
      "module": "orders"
    }
  },
  {
    "model": "users.permission",
    "pk": 23,
    "fields": {
      "code": "inventory.view",
      "name": "Xem tồn kho & lịch sử giao dịch",
      "module": "inventory"
    }
  },
  {
    "model": "users.permission",
    "pk": 24,
    "fields": {
      "code": "products.create",
      "name": "Thêm sản phẩm mới",
      "module": "products"
    }
  },
  {
    "model": "users.permission",
    "pk": 25,
    "fields": {
      "code": "products.edit",
      "name": "Chỉnh sửa sản phẩm",
      "module": "products"
    }
  },
  {
    "model": "users.permission",
    "pk": 26,
    "fields": {
      "code": "products.delete",
      "name": "Xóa sản phẩm",
      "module": "products"
    }
  },
  {
    "model": "users.permission",
    "pk": 27,
    "fields": {
      "code": "inventory.import",
      "name": "Nhập hàng vào kho (tạo phiếu nhập)",
      "module": "inventory"
    }
  },
  {
    "model": "users.permission",
    "pk": 28,
    "fields": {
      "code": "inventory.adjust",
      "name": "Điều chỉnh tồn kho",
      "module": "inventory"
    }
  },
  {
    "model": "users.permission",
    "pk": 30,
    "fields": {
      "code": "inventory.manage_warehouse",
      "name": "Quản lý kho hàng",
      "module": "inventory"
    }
  },
  {
    "model": "users.permission",
    "pk": 31,
    "fields": {
      "code": "products.manage_categories",
      "name": "Quản lý loại sản phẩm",
      "module": "products"
    }
  },
  {
    "model": "users.permission",
    "pk": 32,
    "fields": {
      "code": "production.view",
      "name": "Xem lệnh sản xuất",
      "module": "production"
    }
  },
  {
    "model": "users.permission",
    "pk": 33,
    "fields": {
      "code": "production.create",
      "name": "Tạo lệnh sản xuất",
      "module": "production"
    }
  },
  {
    "model": "users.permission",
    "pk": 34,
    "fields": {
      "code": "production.edit",
      "name": "Chỉnh sửa lệnh sản xuất",
      "module": "production"
    }
  },
  {
    "model": "users.permission",
    "pk": 35,
    "fields": {
      "code": "production.delete",
      "name": "Xóa lệnh sản xuất",
      "module": "production"
    }
  },
  {
    "model": "users.permission",
    "pk": 36,
    "fields": {
      "code": "reports.view",
      "name": "Xem báo cáo kinh doanh",
      "module": "reports"
    }
  },
  {
    "model": "users.permission",
    "pk": 37,
    "fields": {
      "code": "reports.view_all",
      "name": "Xem báo cáo toàn công ty (tất cả nhân viên)",
      "module": "reports"
    }
  },
  {
    "model": "users.permission",
    "pk": 40,
    "fields": {
      "code": "settings.users",
      "name": "Quản lý tài khoản nhân viên",
      "module": "settings"
    }
  },
  {
    "model": "users.permission",
    "pk": 41,
    "fields": {
      "code": "settings.roles",
      "name": "Quản lý vai trò & phân quyền",
      "module": "settings"
    }
  },
  {
    "model": "users.permission",
    "pk": 42,
    "fields": {
      "code": "settings.company",
      "name": "Cài đặt thông tin công ty",
      "module": "settings"
    }
  },
  {
    "model": "users.permission",
    "pk": 43,
    "fields": {
      "code": "crm.auto_assign_self",
      "name": "Tự động phụ trách khách hàng do mình tạo",
      "module": "crm"
    }
  },
  {
    "model": "users.permission",
    "pk": 44,
    "fields": {
      "code": "crm.upload_interaction_files",
      "name": "Tải file lên Lịch sử chăm sóc (Hình ảnh, PDF...)",
      "module": "crm"
    }
  },
  {
    "model": "users.permission",
    "pk": 45,
    "fields": {
      "code": "crm.auto_assign",
      "name": "Chia khách tự động (Round-robin)",
      "module": "crm"
    }
  },
  {
    "model": "users.permission",
    "pk": 46,
    "fields": {
      "code": "sales.approve",
      "name": "Duyệt báo giá",
      "module": "sales"
    }
  },
  {
    "model": "users.permission",
    "pk": 47,
    "fields": {
      "code": "sales.view_all",
      "name": "Xem tất cả báo giá (không giới hạn bởi phòng ban/người tạo)",
      "module": "sales"
    }
  },
  {
    "model": "users.permission",
    "pk": 48,
    "fields": {
      "code": "finance.view",
      "name": "Xem danh sách giao dịch tài chính",
      "module": "finance"
    }
  },
  {
    "model": "users.permission",
    "pk": 49,
    "fields": {
      "code": "finance.create_receipt",
      "name": "Tạo giao dịch thu/chi mới",
      "module": "finance"
    }
  },
  {
    "model": "users.permission",
    "pk": 53,
    "fields": {
      "code": "products.view",
      "name": "Xem danh sách sản phẩm",
      "module": "products"
    }
  },
  {
    "model": "users.permission",
    "pk": 54,
    "fields": {
      "code": "sales.require_approval",
      "name": "Bắt buộc trình duyệt (không cho gửi trực tiếp)",
      "module": "sales"
    }
  },
  {
    "model": "users.permission",
    "pk": 56,
    "fields": {
      "code": "approvals.approve",
      "name": "Duyệt/Từ chối yêu cầu",
      "module": "approvals"
    }
  },
  {
    "model": "users.permission",
    "pk": 59,
    "fields": {
      "code": "finance.delete",
      "name": "Xóa giao dịch",
      "module": "finance"
    }
  },
  {
    "model": "users.permission",
    "pk": 60,
    "fields": {
      "code": "inventory.approve_export",
      "name": "Duyệt lệnh xuất kho",
      "module": "inventory"
    }
  },
  {
    "model": "users.permission",
    "pk": 61,
    "fields": {
      "code": "inventory.manual_export",
      "name": "Tạo phiếu xuất kho thủ công",
      "module": "inventory"
    }
  },
  {
    "model": "users.permission",
    "pk": 62,
    "fields": {
      "code": "orders.cancel",
      "name": "Hủy đơn hàng",
      "module": "orders"
    }
  },
  {
    "model": "users.permission",
    "pk": 63,
    "fields": {
      "code": "finance.request_credit",
      "name": "Trình duyệt xuất kho nợ",
      "module": "finance"
    }
  },
  {
    "model": "users.permission",
    "pk": 64,
    "fields": {
      "code": "production.update_step",
      "name": "Cập nhật tiến độ công đoạn",
      "module": "production"
    }
  },
  {
    "model": "users.permission",
    "pk": 65,
    "fields": {
      "code": "delivery.view",
      "name": "Xem lệnh giao hàng",
      "module": "delivery"
    }
  },
  {
    "model": "users.permission",
    "pk": 66,
    "fields": {
      "code": "delivery.edit",
      "name": "Cập nhật lệnh giao hàng",
      "module": "delivery"
    }
  },
  {
    "model": "users.permission",
    "pk": 67,
    "fields": {
      "code": "delivery.delete",
      "name": "Xoá lệnh giao hàng",
      "module": "delivery"
    }
  },
  {
    "model": "users.permission",
    "pk": 68,
    "fields": {
      "code": "warranty.view",
      "name": "Xem phiếu bảo hành",
      "module": "warranty"
    }
  },
  {
    "model": "users.permission",
    "pk": 69,
    "fields": {
      "code": "warranty.edit",
      "name": "Cập nhật phiếu bảo hành",
      "module": "warranty"
    }
  },
  {
    "model": "users.permission",
    "pk": 70,
    "fields": {
      "code": "warranty.delete",
      "name": "Xoá phiếu bảo hành",
      "module": "warranty"
    }
  },
  {
    "model": "users.permission",
    "pk": 71,
    "fields": {
      "code": "delivery.assign",
      "name": "Gán nhân viên giao hàng",
      "module": "delivery"
    }
  },
  {
    "model": "users.permission",
    "pk": 72,
    "fields": {
      "code": "zalo.view",
      "name": "Xem danh sách hội thoại (Zalo Inbox)",
      "module": "zalo"
    }
  },
  {
    "model": "users.permission",
    "pk": 73,
    "fields": {
      "code": "zalo.send_zns",
      "name": "Gửi tin nhắn ZNS chăm sóc khách hàng",
      "module": "zalo"
    }
  },
  {
    "model": "users.permission",
    "pk": 74,
    "fields": {
      "code": "zalo.config",
      "name": "Cấu hình kết nối Zalo OA & Mẫu ZNS",
      "module": "zalo"
    }
  },
  {
    "model": "users.permission",
    "pk": 75,
    "fields": {
      "code": "dashboard.view_revenue",
      "name": "Xem biểu đồ doanh thu & dòng tiền",
      "module": "dashboard"
    }
  },
  {
    "model": "users.permission",
    "pk": 90,
    "fields": {
      "code": "delivery.create",
      "name": "Tạo lệnh giao hàng mới",
      "module": "delivery"
    }
  },
  {
    "model": "users.permission",
    "pk": 92,
    "fields": {
      "code": "warranty.create",
      "name": "Tạo phiếu bảo hành mới",
      "module": "warranty"
    }
  },
  {
    "model": "users.permission",
    "pk": 98,
    "fields": {
      "code": "settings.departments",
      "name": "Quản lý phòng ban & cơ cấu tổ chức",
      "module": "settings"
    }
  },
  {
    "model": "users.permission",
    "pk": 104,
    "fields": {
      "code": "zalo.manage_templates",
      "name": "Quản lý mẫu in & cấu hình tự động ZNS",
      "module": "zalo"
    }
  },
  {
    "model": "users.permission",
    "pk": 106,
    "fields": {
      "code": "facebook.view_inbox",
      "name": "Xem Hộp thư Facebook (Multi-Page Inbox)",
      "module": "facebook"
    }
  },
  {
    "model": "users.permission",
    "pk": 107,
    "fields": {
      "code": "facebook.chat",
      "name": "Chat trực tiếp với khách hàng trên Facebook",
      "module": "facebook"
    }
  },
  {
    "model": "users.permission",
    "pk": 108,
    "fields": {
      "code": "facebook.create_customer",
      "name": "Tạo khách hàng từ hội thoại Facebook",
      "module": "facebook"
    }
  },
  {
    "model": "users.permission",
    "pk": 109,
    "fields": {
      "code": "facebook.manage_config",
      "name": "Quản lý kết nối Trang Facebook & Cấu hình tự động quét SĐT",
      "module": "facebook"
    }
  },
  {
    "model": "users.role",
    "pk": 18,
    "fields": {
      "company": 15,
      "name": "Giám đốc",
      "description": "Vai trò quản trị cao nhất của công ty.",
      "is_auto_assign_target": false,
      "permissions": [
        56,
        6,
        45,
        43,
        3,
        5,
        4,
        8,
        7,
        10,
        44,
        2,
        9,
        1,
        75,
        71,
        90,
        67,
        66,
        65,
        107,
        108,
        109,
        106,
        49,
        59,
        63,
        48,
        28,
        60,
        27,
        30,
        61,
        23,
        20,
        62,
        17,
        19,
        18,
        21,
        16,
        22,
        33,
        35,
        34,
        64,
        32,
        24,
        26,
        25,
        31,
        53,
        36,
        37,
        46,
        12,
        14,
        13,
        15,
        54,
        11,
        47,
        42,
        98,
        41,
        40,
        92,
        70,
        69,
        68,
        74,
        104,
        73,
        72
      ]
    }
  },
  {
    "model": "users.role",
    "pk": 23,
    "fields": {
      "company": 15,
      "name": "Trưởng phòng kinh doanh",
      "description": "",
      "is_auto_assign_target": false,
      "permissions": [
        6,
        3,
        5,
        4,
        8,
        7,
        10,
        44,
        2,
        9,
        1,
        20,
        17,
        19,
        18,
        21,
        16
      ]
    }
  },
  {
    "model": "users.role",
    "pk": 24,
    "fields": {
      "company": 15,
      "name": "Nhân viên kinh doanh",
      "description": "",
      "is_auto_assign_target": false,
      "permissions": [
        43,
        3,
        5,
        4,
        8,
        7,
        10,
        44,
        2,
        1,
        18,
        21,
        16,
        53,
        12,
        14,
        13,
        15,
        54,
        11
      ]
    }
  },
  {
    "model": "users.role",
    "pk": 25,
    "fields": {
      "company": 15,
      "name": "Kế toán Tài chính",
      "description": "",
      "is_auto_assign_target": false,
      "permissions": [
        2,
        9,
        1,
        66,
        65,
        49,
        48,
        23,
        18,
        16,
        22,
        33,
        35,
        34,
        64,
        32,
        53,
        36,
        37,
        46,
        12,
        14,
        13,
        15,
        54,
        11,
        47,
        68
      ]
    }
  },
  {
    "model": "users.role",
    "pk": 26,
    "fields": {
      "company": 15,
      "name": "Thủ kho / Kho vận",
      "description": "",
      "is_auto_assign_target": false,
      "permissions": [
        1,
        48,
        28,
        27,
        30,
        23,
        16,
        22,
        32,
        31,
        53
      ]
    }
  },
  {
    "model": "users.role",
    "pk": 27,
    "fields": {
      "company": 15,
      "name": "Quản đốc Sản xuất",
      "description": "",
      "is_auto_assign_target": false,
      "permissions": [
        1,
        23,
        16,
        22,
        64,
        32,
        53
      ]
    }
  },
  {
    "model": "users.user",
    "fields": {
      "password": "pbkdf2_sha256$1000000$ECQhi9BHkIsVTlsjgPiIMe$sVQIe5Cfq9ZU7nACy/evbQj0IfRFVVhgCQ1NbKN4NE8=",
      "last_login": "2026-07-14T09:11:25.518Z",
      "is_superuser": true,
      "username": "admin",
      "first_name": "",
      "last_name": "",
      "is_staff": true,
      "is_active": true,
      "date_joined": "2026-07-04T04:29:39.556Z",
      "email": "admin@saas.com",
      "full_name": "System Administrator",
      "phone": "",
      "job_title": "",
      "avatar": "",
      "company": null,
      "role": null,
      "is_company_admin": false,
      "department": null,
      "created_at": "2026-07-04T04:29:39.557Z",
      "groups": [],
      "user_permissions": []
    }
  },
  {
    "model": "users.user",
    "fields": {
      "password": "pbkdf2_sha256$1000000$gogv5if640Ve4r5k5DvYiY$Co2C/05RkNJOSvpBH4uiONSzdeTJAZ/vJysA2SrgpDY=",
      "last_login": "2026-07-14T10:39:37.251Z",
      "is_superuser": false,
      "username": "giamdoc",
      "first_name": "",
      "last_name": "",
      "is_staff": false,
      "is_active": true,
      "date_joined": "2026-07-06T02:27:55.416Z",
      "email": "admin_fuji@crm.local",
      "full_name": "Giám đốc",
      "phone": "",
      "job_title": "",
      "avatar": "",
      "company": 15,
      "role": 18,
      "is_company_admin": true,
      "department": null,
      "created_at": "2026-07-06T02:27:55.417Z",
      "groups": [],
      "user_permissions": []
    }
  },
  {
    "model": "users.user",
    "fields": {
      "password": "pbkdf2_sha256$1000000$j4yC8eHVXgqOwTINBbGkf0$44aDim0lZRdHMPF2o5xec/Y/2IfYDgQf8D4QWuO5MI4=",
      "last_login": null,
      "is_superuser": false,
      "username": "kinhdoanh1",
      "first_name": "",
      "last_name": "",
      "is_staff": false,
      "is_active": true,
      "date_joined": "2026-07-09T02:25:39.297Z",
      "email": "tpkd1@gmail.com",
      "full_name": "TPKD 1",
      "phone": "",
      "job_title": "TP Kinh Doanh",
      "avatar": "",
      "company": 15,
      "role": 23,
      "is_company_admin": false,
      "department": 3,
      "created_at": "2026-07-09T02:25:39.800Z",
      "groups": [],
      "user_permissions": []
    }
  },
  {
    "model": "users.user",
    "fields": {
      "password": "pbkdf2_sha256$1000000$CpEPXE0UhBUlAxMFWX77JD$B2kbWHt99dT2h79vLX+xgDasqblHeB58dSKKvWQI2bg=",
      "last_login": null,
      "is_superuser": false,
      "username": "kinhdoanh2",
      "first_name": "",
      "last_name": "",
      "is_staff": false,
      "is_active": true,
      "date_joined": "2026-07-09T02:26:23.918Z",
      "email": "tpkd2@gmail.com",
      "full_name": "TPKD 2",
      "phone": "0925315226",
      "job_title": "TPKD",
      "avatar": "",
      "company": 15,
      "role": 23,
      "is_company_admin": false,
      "department": 4,
      "created_at": "2026-07-09T02:26:24.428Z",
      "groups": [],
      "user_permissions": []
    }
  },
  {
    "model": "users.user",
    "fields": {
      "password": "pbkdf2_sha256$1000000$zGI3raZm9E8dPpanLUOhR3$66e+R9q5PbqIrxfRL936um0S8glLIWQJO9doV+Isw5o=",
      "last_login": "2026-07-10T10:16:33.649Z",
      "is_superuser": false,
      "username": "nvkinhdoanh1",
      "first_name": "",
      "last_name": "",
      "is_staff": false,
      "is_active": true,
      "date_joined": "2026-07-09T02:29:28.499Z",
      "email": "nvkinhdoanh1@gmail.com",
      "full_name": "NVKD 1",
      "phone": "",
      "job_title": "Nhân viên kinh doanh",
      "avatar": "",
      "company": 15,
      "role": 24,
      "is_company_admin": false,
      "department": 3,
      "created_at": "2026-07-09T02:29:28.940Z",
      "groups": [],
      "user_permissions": []
    }
  },
  {
    "model": "users.user",
    "fields": {
      "password": "pbkdf2_sha256$1000000$3F9C08AcCODlGVhwXNS03V$JrfWLQGys/+hvGotKRSb9ZxE8keKyoOQc3WpI1D7B/4=",
      "last_login": null,
      "is_superuser": false,
      "username": "nvkinhdoanh2",
      "first_name": "",
      "last_name": "",
      "is_staff": false,
      "is_active": true,
      "date_joined": "2026-07-09T02:29:52.539Z",
      "email": "nvkinhdoanh2@gmail.com",
      "full_name": "NVKD2",
      "phone": "",
      "job_title": "Nhân viên kinh doanh",
      "avatar": "",
      "company": 15,
      "role": 24,
      "is_company_admin": false,
      "department": 4,
      "created_at": "2026-07-09T02:29:52.972Z",
      "groups": [],
      "user_permissions": []
    }
  },
  {
    "model": "users.user",
    "fields": {
      "password": "pbkdf2_sha256$1000000$H1TOCIWybkAIbe766vy0sq$F7IYiH70I+xRh2rHHZRgPyLtdLM4qsNcDBfr7mN4TpU=",
      "last_login": "2026-07-11T08:10:23.247Z",
      "is_superuser": false,
      "username": "ketoan1",
      "first_name": "",
      "last_name": "",
      "is_staff": false,
      "is_active": true,
      "date_joined": "2026-07-09T07:12:53.643Z",
      "email": "ketoan1@fujitech.com",
      "full_name": "Nguyễn Thị Mai (Kế toán)",
      "phone": "",
      "job_title": "Kế toán Đơn hàng & Công nợ",
      "avatar": "",
      "company": 15,
      "role": 25,
      "is_company_admin": false,
      "department": 6,
      "created_at": "2026-07-09T07:12:53.643Z",
      "groups": [],
      "user_permissions": []
    }
  },
  {
    "model": "users.user",
    "fields": {
      "password": "pbkdf2_sha256$1000000$OMnq00wh9ETi5RXnbBgV7p$cKXUpqytAM/jKQTVFRhTlSHPhP5AVRQQlf0QVnDYqCs=",
      "last_login": null,
      "is_superuser": false,
      "username": "thukho1",
      "first_name": "",
      "last_name": "",
      "is_staff": false,
      "is_active": true,
      "date_joined": "2026-07-09T07:12:54.110Z",
      "email": "thukho1@fujitech.com",
      "full_name": "Trần Văn Hùng (Thủ kho)",
      "phone": "",
      "job_title": "Thủ kho & Quản lý vận chuyển",
      "avatar": "",
      "company": 15,
      "role": 26,
      "is_company_admin": false,
      "department": 7,
      "created_at": "2026-07-09T07:12:54.111Z",
      "groups": [],
      "user_permissions": []
    }
  },
  {
    "model": "users.user",
    "fields": {
      "password": "pbkdf2_sha256$1000000$aJFNuF0ncdKQ1SFzwi7Ysx$2sush6cEMYIIVtw2tl3bsqHHAwjSMg+NxznawFbtF9w=",
      "last_login": "2026-07-11T05:12:59.020Z",
      "is_superuser": false,
      "username": "quandoc1",
      "first_name": "",
      "last_name": "",
      "is_staff": false,
      "is_active": true,
      "date_joined": "2026-07-09T07:12:54.612Z",
      "email": "quandoc1@fujitech.com",
      "full_name": "Lê Đinh Long (Quản đốc)",
      "phone": "",
      "job_title": "Quản đốc xưởng SX",
      "avatar": "",
      "company": 15,
      "role": 27,
      "is_company_admin": false,
      "department": 8,
      "created_at": "2026-07-09T07:12:54.612Z",
      "groups": [],
      "user_permissions": []
    }
  },
  {
    "model": "users.companysettings",
    "pk": 11,
    "fields": {
      "company": 15,
      "order_prefix": "FUJI",
      "lead_routing": "manual",
      "timezone": "Asia/Ho_Chi_Minh",
      "active_modules": [
        "crm",
        "sales",
        "orders",
        "products",
        "inventory",
        "production",
        "approvals",
        "finance",
        "warranty",
        "delivery",
        "zalo",
        "facebook"
      ],
      "quotation_template": 2,
      "default_quotation_terms": "1. Báo giá có hiệu lực trong vòng 15 ngày kể từ ngày xuất báo giá.\n2. Thanh toán: Tạm ứng 50% ngay sau khi xác nhận đơn hàng, 50% còn lại thanh toán sau khi bàn giao nghiệm thu.\n3. Đơn giá trên chưa bao gồm thuế VAT (nếu xuất hóa đơn).\n4. Bảo hành: Theo tiêu chuẩn từ nhà sản xuất kể từ ngày bàn giao.",
      "custom_quotation_title": "Báo giá sản xuất cửa",
      "custom_order_title": "ĐƠN ĐẶT HÀNG SẢN XUẤT",
      "default_warranty_content": "Thực hiện bảo hành công trình khi sử dụng sản phẩm Cửa Composite Fujitech Group\n\nChính sách bảo hành \n Bộ cửa Composite (khung, cánh, phào, gioăng): Bảo hành 36 tháng. \nPhụ kiện Fujitech Look (khóa, bản lề...): Bảo hành 12 tháng. \nLưu ý: \nThời gian bảo hành được tính bắt đầu từ ngày hàng hóa được giao đến khách hàng căn cứ vào phiếu xuất kho của nhà máy\nThời gian xem xét nguyên nhân và gửi thông báo cách xử lý, khắc phục tới khách hàng từ 3-7 ngày kể từ ngày nhận được yêu cầu bảo hành.\nĐối với những sản phẩm hư hỏng do nguyên nhân từ phía nhà máy sản xuất, khách hàng sẽ được cung cấp/thay thế sản phẩm mới hoặc sửa chữa miễn phí.\nTrường hợp hư hỏng do lỗi sử dụng của khách hàng, Fujitech Door sẽ sửa chữa bảo hành tính phí với mức chi phí hữu nghị.",
      "default_warranty_rules": "1. Trường hợp được bảo hành \n1) Sản phẩm còn trong thời hạn bảo hành. \n2) Có phiếu bảo hành đầy đủ thông tin (mã sản phẩm, ngày mua, thông tin khách hàng). \n3) Sản phẩm được lắp đặt đúng quy chuẩn ban đầu.\n\n2. Các trường hợp không bảo hành:\n1) Lỗi sản phẩm phát sinh do khách hàng lắp đặt và sử dụng không theo chỉ dẫn. \n2) Sản phẩm sử dụng trong môi trường tiếp xúc nhiều với hóa chất tẩy rửa mạnh hoặc quá trình sử dụng không đúng cách \n3) Chịu ảnh hưởng bởi ánh nắng mặt trời trực tiếp.\n4) Sản phẩm bị hỏng do tác động của lực cơ học, bề mặt cửa bị trầy xước, bong tróc do vật sắc nhọn va quệt.\n5) Sản phẩm bị hư hỏng do thiên tai, hỏa hoạn.\n6) Sản phẩm lắp đặt sai quy cách do không phải trực tiếp Fujitech lắp đặt\n7) Màu sắc sản phẩm thay đổi nhẹ theo thời gian do điều kiện môi trường và quá trình sử dụng tự nhiên.\n8) Nguyên nhân khác mà không phải lỗi của nhà sản xuất.."
    }
  },
  {
    "model": "users.subscriptionplan",
    "pk": 1,
    "fields": {
      "code": "starter",
      "name": "Gói Khởi nghiệp",
      "user_limit": 5,
      "is_default": true,
      "created_at": "2026-07-04T09:14:37.967Z"
    }
  },
  {
    "model": "users.subscriptionplan",
    "pk": 2,
    "fields": {
      "code": "standard",
      "name": "Gói Tiêu chuẩn",
      "user_limit": 15,
      "is_default": true,
      "created_at": "2026-07-04T09:14:37.992Z"
    }
  },
  {
    "model": "users.subscriptionplan",
    "pk": 3,
    "fields": {
      "code": "pro",
      "name": "Gói Chuyên nghiệp",
      "user_limit": 50,
      "is_default": true,
      "created_at": "2026-07-04T09:14:37.999Z"
    }
  },
  {
    "model": "users.subscriptionplan",
    "pk": 4,
    "fields": {
      "code": "enterprise",
      "name": "Gói Doanh nghiệp",
      "user_limit": 99999,
      "is_default": true,
      "created_at": "2026-07-04T09:14:38.006Z"
    }
  },
  {
    "model": "users.subscriptionplan",
    "pk": 5,
    "fields": {
      "code": "customer",
      "name": "Cá nhân",
      "user_limit": 55,
      "is_default": false,
      "created_at": "2026-07-04T09:26:43.146Z"
    }
  },
  {
    "model": "users.systemsettings",
    "pk": 1,
    "fields": {
      "require_strong_password": false,
      "enable_public_registration": false,
      "default_plan": "starter",
      "default_user_limit": 5,
      "tenant_isolation_mode": "strict",
      "jwt_expiration_hours": 24,
      "max_file_upload_mb": 100,
      "maintenance_mode": false,
      "zalo_app_id": "4538339528152720439",
      "zalo_app_secret": "PPhXUI223iu8PXUW5EG3",
      "zalo_webhook_secret": "RhgtZWnppzgzIH6JzR6v",
      "facebook_app_id": "1023573895094278",
      "facebook_app_secret": "4e1e6362c6fd981f118d556e33ccc28d",
      "facebook_webhook_secret": "tuyen_ldt"
    }
  },
  {
    "model": "crm.customertag",
    "pk": 2,
    "fields": {
      "company": 15,
      "name": "Khách VIP",
      "color": "#1649c9"
    }
  },
  {
    "model": "crm.customer",
    "pk": 25,
    "fields": {
      "company": 15,
      "name": "Vũ Thị Huế",
      "phone": "0988565776",
      "email": "hue@gmail.com",
      "address": "Hạ trường, thanh cường, thanh hà",
      "city": "",
      "birthday": null,
      "source": "other",
      "status": "has_order",
      "assigned_to": [
        "nvkinhdoanh1"
      ],
      "created_by": [
        "nvkinhdoanh1"
      ],
      "notes": "",
      "social_lead": null,
      "created_at": "2026-07-10T10:28:47.919Z",
      "updated_at": "2026-07-14T10:40:53.006Z",
      "tags": []
    }
  },
  {
    "model": "crm.customer",
    "pk": 26,
    "fields": {
      "company": 15,
      "name": "LE DINH TUYEN",
      "phone": "0989198265",
      "email": "",
      "address": "63 Calle De Los Vientos",
      "city": "Palm Springs",
      "birthday": null,
      "source": "other",
      "status": "has_order",
      "assigned_to": [
        "nvkinhdoanh1"
      ],
      "created_by": [
        "nvkinhdoanh1"
      ],
      "notes": "",
      "social_lead": null,
      "created_at": "2026-07-11T01:38:28.994Z",
      "updated_at": "2026-07-11T01:38:28.994Z",
      "tags": []
    }
  },
  {
    "model": "sales.quotation",
    "pk": 18,
    "fields": {
      "company": 15,
      "quotation_number": "FUJI-BG-20260711-001",
      "customer": 26,
      "created_by": [
        "giamdoc"
      ],
      "status": "accepted",
      "installation_date": null,
      "notes": "Thanh toán 50% sau khi ký hợp đồng, 50% sau khi nghiệm thu thi công.",
      "discount_total": "0.00",
      "public_token": "f9b93dd8-d393-448b-afd8-f780eedbbe87",
      "public_link_expires_at": "2026-07-12T07:47:27.099Z",
      "signature_image": "data:image/png;base64,iVBORw0KGgoAAAANSUhEUgAAAVoAAACWCAYAAACfDEANAAAL4UlEQVR4AeydWchVVRiGj6WlhRVR0UBz0URFNBEUNNI8EETUTQMRFVQXRWQYdCEZURcaVEQ03CQRRKVR0mAXgpRFYWiFlmZl5USW89j76f5Fjv85Z09rr2E/8r1n7bPPXmt96/n+/2W7/33O2aPDPwhAAAIQcEoAo3WKl8EhAAEIdDoYLT8FEIAABPIQqHAMRlsBHl0hAAEI5CGA0eahxDEQgAAEKhDAaCvAoysEIBAbAT/5YrR+uDMrBCDQIgIYbYuKzVIhAAE/BDBaP9yZFQIQKE8gup4YbXQlI2EIQCA2AhhtbBUjXwhAIDoCGG10JSNhCKRBoE2rwGjbVG3WCgEIeCGA0XrBzqQQgECbCGC0bao2a4VA3QQYLxcBjDYXJg6CAAQgUJ4ARlueHT0hAAEI5CKA0ebCxEEQSJkAa3NNAKN1TZjxIQCB1hPAaFv/IwAACEDANQGM1jVhxodAMwSYJWACGG3AxSE1CEAgDQIYbRp1ZBUQgEDABDDagItDau0jwIrTJIDRpllXVgUBCAREAKMNqBikAgEIpEkAo02zrqzKJwHmhkAXAYy2CwhPIQABCNRNAKOtmyjjQQACEOgigNF2AeEpBHYQ4BEC9RHAaOtjyUgQgAAEhiWA0Q6LhZ0QgAAE6iOA0dbHkpHCI0BGEAiCAEYbRBlIAgIQSJkARptydVkbBCAQBAGMNogykEQ/ArwGgdgJYLSxV5D8IQCB4AlgtMGXiAQhAIHYCWC0sVcwlvzJEwItJoDRpl38/bW826TXpdnSEmnhAE3R63dL+0gEBCBQAwGMtgaIHoc4SHPfL70tzZGWSuukLdI26R/pLekO6SzJjHe02l6xl16w415QuybTj2oxX0EgIFCWAEZbllwz/Y7WNI9LU6WfpJXSBmnISJdp+0XpFukUaYy0XJolTZaukvaVrM4j1dr2YWqP7aEjtP9kyY4zPajtb6XMfDu7mu+j2k9AAAI5CNgvYI7DOMQBgVEa82zpaelT6RfJzkA3qt0q2RnpIrUTpWslM8c91f4hzZBs/zlq7SzU6mjjjdXzI6ULpYel6dJaqUxYv9fU0S49dJuvGbydJduZ7gk6hoAABPoQsF/QPi/zUgUCdo3zSvWfJM2UfpP+kzZJZqRmqF9re5x0iWRnk7bfrqF+qOe2/xi1IySrkxmq/df/OD2/XHpC+kay8dQ0EkPme5FmO12aK82XxksEBCDQg4D9Avd4id0FCVyq4+2/1pvVmmHa9sfafki6QLLrqevV2jXPd9Q+IB0smZHamere2j5QOkm6XnpG+lWqO+ocb4IGO1E6TfpeukkiIACBLgIYbReQCk8/V99V0nfSm9Lt0gHSkJHa9VMzVjsTvFX7X5LseqqaqGOBsrfLC0+qfU8iIACBLgIYbReQik8PV3+7bnqXWrt+acarzVYEJtuKMrPIMgQw2jLUAuhDChCAQDwEMNp4akWmEIBApAQw2kgLR9oQgEA8BDBan7VibghAoBUEMNpyZT6kXDd6QQACbSSA0Zar+lPqZm9PVUNAAAIQ6E8Ao+3Pp9erp+qFeVKn0+ERAhCAQH8CGG1/Pr1exWh7kWE/BCCwGwGMdjckA3ccmh3xZ9bSQAACEOhLAKPdgafII2ezRWhxLAQg0MFoi/8QYLTFmdEDAq0mgNEWLz9GW5wZPSDQagJJGW1DlcRoGwLNNBBIhQBGW7ySGG1xZvSAQKsJYLTFym/ft2U9/rIHBAEIQCAPgfCMNk/W/o7hbNYfe2aGQLQEMNpipTtFh/8sERCAAARyE8Boc6PafuA1ejxTIiAAAQjkJuDIaHPPH9uBK5TwPhIBAQhAIDcBjDY3qu0HLtPjWImAAAQgkJsARpsb1fYD/9YjZ7SCQEAAAvkJ9DPa/KO058glWupoiYAABCCQmwBGmxvV9gN/1+MoKbW4NrUFsR4IhEQAoy1WjcU6fKSUWkzTgrZIBAQgUIbAgD4Y7QBAXS8v1PMRUorcNmtdBAQg4IBAiobhANPOIbdqa5t0tJRabEhtQawHAqEQwGiLV8LO/I4q3i34HsuDz5AEIeCUgLvBMdribDepy5FSasFbi1OrKOsJhgBGW7wU69XlcCmV2DNbyCdZSwMBCNRMAKMtDnStugx9QaM2ow/7oBxbxMv2gCAQOYEg08doi5dltbocLKUS92YL+TdraSAAgZoJYLTFga5SlyukVOL8VBbCOiAQKgGMtnhl7K/zKZ3RpngHRfGq0iMoAqklg9EWr+h16rJRmiulEPulsAjWAIGQCWC05aozXt3sa20uVBt77BX7AsgfAqETwGjLVeh5dbMvaHxfbezBz0DsFQw1f/LaSYBfsp0oCm9coB4HShOlmMN+BvhAmZgrSO7BE7BfsuCTDDTBRcprtvSIFHvY24pjXwP5QyBYAhhttdKcp+7G8DO1MceamJMnd5cEGLsOAmYSdYzT5jHe0OIvkWKOpTEnT+4QCJ0ARlu9QvdoCDsjtM+q1WaUMSfKrEkaApEQwGjrKZS9jfUYDXWbFFOMyZJ9N2tp0iTAqjwTwGjrKcAUDWN/HHtFbUxxQ5bsB1lLAwEIOCCA0dYH9VgNta/0qhRL3Jwlui5raSAAAQcEMNp6oc7QcHdKscQZsSRKnp0ODOIlgNHWW7vLNJx9r9hXamOIQ2JIkhwhEDsBjLb+Ctrbc8/VsPbHMTVBh13qCDpBkoNACgQw2vqrOE5DrpRmSaHHyNATTC4/FtRKAhitm7LfqGHt625Cf3uufV+YXepQugQEIOCKAEbrhuxMDTtPmiCFHhht6BUiv+gJYLTuSniahrbPel2mNuSwDzEPOb8AcyMlCBQjgNEW41X06BXqcJA0SQo1+FLGUCtDXskQwGjdltJun7J3jD2kaa6UQozFISZFThBIiQBG676a9o4xO2v8yP1UpWb4slSv+DuxAgg0RgCjbQb1/prGPlw7pOuhQ1/KGNvnMwglAYG4CGC0zdXL/jBm962uam7KvjPdl736Q9bSQAACjghgtI7A9hj2au23M8kQPrv2CuViEfX3hdkCEARCJ4DRNluh6ZpusmRvz7UPoNGmtzje28xMDIGWEcBomy/4w5ryC+liyedtX3bbmVIgIAAB1wQwWteEhx/fvmPM921few+fmoe9TAmBxAlgtP4KbLd92R/GfN32Ncrf0pkZAu0igNH6rfcBmt7XbV8jNPdqiYAABBwTwGgdA84xvI/bvtZneY3N2hoahoAABHoRwGh7kWl2f9O3fdn12QXNLpHZINBeAhhtGLVv8rYvu1Rhqz7RHhAEIOCeAEbrnnHeGZq47etRJWMf9j1N7XDBPghAwAEBjNYB1ApDur7t61nltk26XiIgAIGGCGC0DYEuMI2r276mKge70+AxtQQEINAgAYy2QdgFpqp021ePea7Tfvtcg+fUEhCAQIMEMNoGYRecqs7bvuZnc9unh2WbNBCAQFMEMNqmSJebp67bvk7Q9BskAgIQ8EAAo/UAPdeUOw7a9bYv+2//Ou0epE06Zldt1XOL0faAIACB5glgtM0zLzrj0G1fZb+dwQx6WdFJOR4CEKiPAEZbH0uXI9ltX2M0QR7Zh8V0y74kUt0JCEDABwGM1il1BocABCDQ6WC0/BRAAAIQcEwAo3UMmOEhAAEIYLSDfwY4AgIQgEAlAhhtJXx0hgAEIDCYAEY7mBFHQAACEKhEoDVGW4kSnSEAAQhUIIDRVoBHVwhAAAJ5CGC0eShxDAQgAIEKBOIy2goLpSsEIAABXwQwWl/kmRcCEGgNAYy2NaVmoRCAgC8CHozW11KZFwIQgIAfAhitH+7MCgEItIgARtuiYrNUCEDAD4GyRusnW2aFAAQgECEBjDbCopEyBCAQFwGMNq56kS0EIBAbAeWL0QoCAQEIQMAlAYzWJV3GhgAEICACGK0gEBCAAAT6E6j2KkZbjR+9IQABCAwkgNEORMQBEIAABKoRwGir8aM3BCAQDwFvmWK03tAzMQQg0BYCGG1bKs06IQABbwQwWm/omRgCEChDIMY+GG2MVSNnCEAgKgIYbVTlIlkIQCBGAv8DAAD//0K/u+YAAAAGSURBVAMAR3T4LXrj/KYAAAAASUVORK5CYII=",
      "signed_at": "2026-07-11T07:47:34.928Z",
      "customer_name_signed": "Tuyền",
      "subtotal": "3900000.00",
      "vat_rate": "0.00",
      "vat_amount": "0.00",
      "total_amount": "3900000.00",
      "order": null,
      "template": null,
      "shipping_fee": "0.00",
      "installation_fee": "0.00",
      "delivery_time": "3-5 ngày làm việc",
      "warranty_months": 12,
      "payment_terms": "",
      "payment_terms_schedule": [
        {
          "type": "deposit",
          "title": "Thanh to├ín ─æß╗út 1",
          "percentage": 100
        }
      ],
      "validity_days": 20,
      "custom_data": {
        "template_snapshot": {
          "id": 2,
          "code": "default",
          "name": "B├ío gi├í FUJITECH",
          "layout_style": "modern_navy",
          "layout_config": {
            "sections": [
              {
                "id": "header",
                "name": "≡ƒÅó Khß╗æi Header & Logo C├┤ng ty",
                "order": 1,
                "visible": true
              },
              {
                "id": "title",
                "name": "≡ƒôî Khß╗æi Ti├¬u ─æß╗ü & Lß╗¥i ch├áo",
                "order": 2,
                "visible": true
              },
              {
                "id": "customer_info",
                "name": "≡ƒæñ Khß╗æi Th├┤ng tin Kh├ích h├áng / ─Éß╗æi t├íc",
                "order": 3,
                "visible": true
              },
              {
                "id": "items_table",
                "name": "≡ƒôª Khß╗æi Bß║úng Hß║íng mß╗Ñc Sß║ún phß║⌐m & Dß╗ïch vß╗Ñ",
                "order": 4,
                "visible": true
              },
              {
                "id": "summary",
                "name": "≡ƒÆ░ Khß╗æi Tß╗òng kß║┐t Thanh to├ín & Chiß║┐t khß║Ñu",
                "order": 5,
                "visible": true
              },
              {
                "id": "terms",
                "name": "≡ƒô£ Khß╗æi Ghi ch├║ & ─Éiß╗üu khoß║ún (Tß╗½ Admin C├┤ng ty)",
                "order": 6,
                "visible": true
              },
              {
                "id": "signatures",
                "name": "Γ£ì∩╕Å Khß╗æi Chß╗» k├╜ X├íc nhß║¡n",
                "order": 7,
                "columns": 2,
                "visible": true
              }
            ],
            "table_style": "classic_border",
            "theme_color": "#d97706",
            "custom_title": "B├üO GI├ü Sß║óN XUß║ñT Cß╗¼A COMPOSITE",
            "paper_orientation": "landscape"
          },
          "footer_content": "1. B├ío gi├í c├│ hiß╗çu lß╗▒c trong v├▓ng 15 ng├áy kß╗â tß╗½ ng├áy xuß║Ñt b├ío gi├í.\n2. Thanh to├ín: Tß║ím ß╗⌐ng 50% ngay sau khi x├íc nhß║¡n ─æ╞ín h├áng, 50% c├▓n lß║íi thanh to├ín sau khi b├án giao nghiß╗çm thu.\n3. ─É╞ín gi├í tr├¬n ch╞░a bao gß╗ôm thuß║┐ VAT (nß║┐u xuß║Ñt h├│a ─æ╞ín).\n4. Bß║úo h├ánh: Theo ti├¬u chuß║⌐n tß╗½ nh├á sß║ún xuß║Ñt kß╗â tß╗½ ng├áy b├án giao."
        }
      },
      "created_at": "2026-07-11T07:47:19.146Z",
      "updated_at": "2026-07-11T08:34:54.923Z"
    }
  },
  {
    "model": "sales.quotation",
    "pk": 19,
    "fields": {
      "company": 15,
      "quotation_number": "FUJI-BG-20260711-002",
      "customer": 25,
      "created_by": [
        "giamdoc"
      ],
      "status": "accepted",
      "installation_date": null,
      "notes": "Thanh toán 50% sau khi ký hợp đồng, 50% sau khi nghiệm thu thi công.",
      "discount_total": "0.00",
      "public_token": "a9c8c6d3-895a-4c69-b159-c9978c5fcdf4",
      "public_link_expires_at": "2026-07-12T08:43:14.847Z",
      "signature_image": "data:image/png;base64,iVBORw0KGgoAAAANSUhEUgAAAVoAAACWCAYAAACfDEANAAAIxklEQVR4AezdS6jmYxwH8JcNUVPKZYNMSSk7LAglq0kWbpmlklmJDSWXLMRCStiNlOVMNFaykkI22Ckl5bZyWU3ULBh+zxxzOK9z3vd/3v/tuXz0/M7/vOd/eZ7n83v7Os30Nucu/EeAAAECowoI2lF5PZwAAQKLhaD1LiBAgEAXgR7XCNoeeG4lQIBAFwFB20XJNQQIEOghIGh74LmVAIHSBOZZr6Cdx92sBAg0JCBoG2q2rRIgMI+AoJ3H3awECGwuUNydgra4llkwAQKlCQja0jpmvQQIFCcgaItrmQUTqEOgpV0I2pa6ba8ECMwiIGhnYTcpAQItCQjalrptrwSGFvC8TgKCthOTiwgQILC5gKDd3M6dBAgQ6CQgaDsxuYhAzQL2NraAoB1b2PMJEGheQNA2/xYAQIDA2AKCdmxhzycwjYBZMhYQtBk3x9IIEKhDQNDW0Ue7IEAgYwFBm3FzLK09ATuuU0DQ1tlXuyJAICMBQZtRMyyFAIE6BQRtnX21qzkFzE1gSUDQLoF4SYAAgaEFBO3Qop5HgACBJQFBuwTiJYEtAV8JDCcgaIez9CQCBAjsKiBod2XxQwIECAwnIGiHs/Sk/ASsiEAWAoI2izZYBAECNQsI2pq7a28ECGQhIGizaINFrBJwjkDpAoK29A5aPwEC2QsI2uxbZIEECJQuIGhL72Ap67dOAg0LCNqGm2/rBAhMIyBop3E2CwECDQsI2oabv/+tu4MAgU0EBO0mau4hQIDAPgQE7T6wXEqAAIFNBATtJmpl32P1BAhMLCBoJwY3HQEC7QkI2vZ6bscECEwsIGgnBh9qOs8hQKAcAUFbTq+slACBQgUEbaGNs2wCBMoRELRz9srcBAg0ISBom2izTRIgMKeAoJ1T39wECDQhIGh7t9kDCBAgsFpA0K72cZYAAQK9BQRtb0IPIECAwGoBQbvl4ysBAgRGExC0o9F6MAECBLYEBO2Wg68ECBAYTaCqoB1NyYMJECDQQ0DQ9sBzKwECBLoICNouSq4hQIBAD4H8grbHZtxKgACBHAUEbY5dsSYCBKoSELRVtbPqzXwWu/t2TX0Y5/vUkbj/uiiDwKACIwXtoGv0sHYFfoit/xl1Our6qMuixhrnx4NvjjoR9VPUu1FPRKWfxcEgsLmAoN3czp3jCqSQvSKmOCfqi6j0Xr0gjgdX1O1xbtO6Ke59MOqaqBuijkVdHvVa1KmoD6KejzoUdSDKINBZIL15O1/sQgITCZwN2R9jvvQevTGOU4407/GY8LGoFLqXxvHlqDQejy8/R30e9WrUA1HpfwhxMAjsLpDexLufWSz8nMBcAlfGxCns0jG+nX2cjBW8H/Vs1B1R6Y8ZHo1jWuPhOKbQ/TqOb0VdFWUQ2CEgaHdweJGRQC4huxfJp3Ei/ZZ7dxzTnx3fE8f0s+/iaBDYISBod3B4QWBjgS/jzqNRRosCa/YsaNcAOU2AAIG+AoK2r6D7CRAgsEZA0K4BcpoAgVYExtunoB3P1pMJECBwRkDQnmHwhQABAuMJCNrxbD15eoH0Ud1U089sxlwEslyHoM2yLRZFgEBNAoK2pm7aCwECWQoI2izbYlEE2haobfeCtraO2g8BAtkJCNrsWmJBBAjUJiBoa+uo/RDIRcA6tgUE7TaFbwgQIDCOgKAdx9VTCRAgsC0gaLcpfEOAwP8F/GQIAUE7hKJnECBAYIWAoF2B49TkAndNPqMJCUwgIGgnQDZFJ4H0T8E81+lKF+1XwPUzCwjamRtg+m2BE/Hdr1FHogwCVQkI2qraWfxmXowdPBVlEKhKQNBW1c7iN/NR7ODjqKejjCUBL8sVELTl9q7WlZ/9rfaSWjdoX+0JCNr2ep77jr+KBR6N8kcIgWDUISBo6+hjbbtIv9WmvxS7traNLWyoSQFB22Tbs9/0L7HCFLZ+qw0Io3wBQVt+D2vdwQuxsVujbosyCBQtIGiLbl/1i8/0t9rq3W1wYAFBOzCoxw0qkP5S7OJ44jtRBoFiBQRtsa1rZuHfx04PRRkEihUQtMW2rpmF3xs7/T3qWNSQw7MITCYgaCejNlEPgfRJsfvj/gNRBoHiBARtcS1rcsFvxK6/iXovyiBQnICgLa5lzS74odj5Lf9UHLbG0te/4nWqOBgE8hEQtPn0wkpWC3wSp1O9GUeDQFECgraodjW/2DtD4Oqoh6MMAsUICNpiWlXxQrtv7WRc+nZU+tRYHAwCZQgI2jL6ZJX/ChyOby+MeinKIFCEgKAtok0WuSTwerx+JGp5nI4fpIqDQSAfAUGbTy8KX8mky38yZvst6niUQSB7AUGbfYsscA+B9CGG++KcDzEEgpG3gKDNuz9Wt7eADzHsbeNMZgKCNrOGzLyc0qZf/hDDH7GBVHEwCOQjIGjz6YWV7F8gfYAhlQ8x7N/OHRMKCNoJsU01ioAPMYzC6qFDCgjaITUzeVZjy/AhhsYaXuJ2BW2JXbPmZYGzH2I4L06cijIIZCUgaLNqh8X0EHgl7k3/GsNFcTQIZCUgaLNqx38W49v9CjwTNxyMMghkJyBos2uJBREgUJuAoK2to/ZDgEB2AoJ21JZ4OAECBBYLQetdQIAAgZEFBO3IwB5PgAABQbv+PeAKAgQI9BIQtL343EyAAIH1AoJ2vZErCBAg0EugmaDtpeRmAgQI9BAQtD3w3EqAAIEuAoK2i5JrCBAg0EOgrKDtsVG3EiBAYC4BQTuXvHkJEGhGQNA202obJUBgLoEZgnaurZqXAAEC8wgI2nnczUqAQEMCgrahZtsqAQLzCGwatPOs1qwECBAoUEDQFtg0SyZAoCwBQVtWv6yWAIHSBGK9gjYQDAIECIwpIGjH1PVsAgQIhICgDQSDAAECqwX6nRW0/fzcTYAAgbUCgnYtkQsIECDQT0DQ9vNzNwEC5QjMtlJBOxu9iQkQaEVA0LbSafskQGA2AUE7G72JCRDYRKDEewRtiV2zZgIEihIQtEW1y2IJEChR4G8AAAD//8umZaEAAAAGSURBVAMAyO9wLc3FH5kAAAAASUVORK5CYII=",
      "signed_at": "2026-07-11T08:43:23.151Z",
      "customer_name_signed": "Tuỳen",
      "subtotal": "3900000.00",
      "vat_rate": "0.00",
      "vat_amount": "0.00",
      "total_amount": "3900000.00",
      "order": null,
      "template": null,
      "shipping_fee": "0.00",
      "installation_fee": "0.00",
      "delivery_time": "3-5 ngày làm việc",
      "warranty_months": 12,
      "payment_terms": "",
      "payment_terms_schedule": [
        {
          "type": "deposit",
          "title": "Thanh to├ín ─æß╗út 1",
          "percentage": 100
        }
      ],
      "validity_days": 15,
      "custom_data": {
        "template_snapshot": {
          "id": 2,
          "code": "default",
          "name": "B├ío gi├í FUJITECH",
          "layout_style": "modern_navy",
          "layout_config": {
            "sections": [
              {
                "id": "header",
                "name": "≡ƒÅó Khß╗æi Header & Logo C├┤ng ty",
                "order": 1,
                "visible": true
              },
              {
                "id": "title",
                "name": "≡ƒôî Khß╗æi Ti├¬u ─æß╗ü & Lß╗¥i ch├áo",
                "order": 2,
                "visible": true
              },
              {
                "id": "customer_info",
                "name": "≡ƒæñ Khß╗æi Th├┤ng tin Kh├ích h├áng / ─Éß╗æi t├íc",
                "order": 3,
                "visible": true
              },
              {
                "id": "items_table",
                "name": "≡ƒôª Khß╗æi Bß║úng Hß║íng mß╗Ñc Sß║ún phß║⌐m & Dß╗ïch vß╗Ñ",
                "order": 4,
                "visible": true
              },
              {
                "id": "summary",
                "name": "≡ƒÆ░ Khß╗æi Tß╗òng kß║┐t Thanh to├ín & Chiß║┐t khß║Ñu",
                "order": 5,
                "visible": true
              },
              {
                "id": "terms",
                "name": "≡ƒô£ Khß╗æi Ghi ch├║ & ─Éiß╗üu khoß║ún (Tß╗½ Admin C├┤ng ty)",
                "order": 6,
                "visible": true
              },
              {
                "id": "signatures",
                "name": "Γ£ì∩╕Å Khß╗æi Chß╗» k├╜ X├íc nhß║¡n",
                "order": 7,
                "columns": 2,
                "visible": true
              }
            ],
            "table_style": "classic_border",
            "theme_color": "#d97706",
            "custom_title": "B├üO GI├ü Sß║óN XUß║ñT Cß╗¼A COMPOSITE",
            "paper_orientation": "landscape"
          },
          "footer_content": "1. B├ío gi├í c├│ hiß╗çu lß╗▒c trong v├▓ng 15 ng├áy kß╗â tß╗½ ng├áy xuß║Ñt b├ío gi├í.\n2. Thanh to├ín: Tß║ím ß╗⌐ng 50% ngay sau khi x├íc nhß║¡n ─æ╞ín h├áng, 50% c├▓n lß║íi thanh to├ín sau khi b├án giao nghiß╗çm thu.\n3. ─É╞ín gi├í tr├¬n ch╞░a bao gß╗ôm thuß║┐ VAT (nß║┐u xuß║Ñt h├│a ─æ╞ín).\n4. Bß║úo h├ánh: Theo ti├¬u chuß║⌐n tß╗½ nh├á sß║ún xuß║Ñt kß╗â tß╗½ ng├áy b├án giao."
        }
      },
      "created_at": "2026-07-11T08:43:00.557Z",
      "updated_at": "2026-07-11T09:19:56.049Z"
    }
  },
  {
    "model": "sales.quotationitem",
    "pk": 70,
    "fields": {
      "quotation": 18,
      "product": 7,
      "product_name": "Cửa composite mẫu mới",
      "unit_price": "3900000.00",
      "width": "0.00",
      "height": "0.00",
      "quantity": 1,
      "discount_percent": "0.00",
      "line_total": "0.00",
      "note": "",
      "length": "0.00",
      "area": "0.00",
      "spec": "",
      "warranty": "12 tháng",
      "thickness": "0.00",
      "product_image": "http://localhost:8000/media/products/anh_cua.jpg",
      "custom_data": {
        "unit": "bß╗Ö",
        "symbol": "",
        "thickness": 0
      }
    }
  },
  {
    "model": "sales.quotationitem",
    "pk": 74,
    "fields": {
      "quotation": 19,
      "product": 7,
      "product_name": "Cửa composite mẫu mới",
      "unit_price": "3900000.00",
      "width": "0.00",
      "height": "0.00",
      "quantity": 1,
      "discount_percent": "0.00",
      "line_total": "0.00",
      "note": "",
      "length": "0.00",
      "area": "0.00",
      "spec": "",
      "warranty": "12 tháng",
      "thickness": "0.00",
      "product_image": "http://localhost:8000/media/products/anh_cua.jpg",
      "custom_data": {
        "unit": "bß╗Ö",
        "symbol": "",
        "thickness": 0
      }
    }
  },
  {
    "model": "sales.quotationtemplate",
    "pk": 1,
    "fields": {
      "name": "Mẫu mặc định",
      "code": "modern_navy",
      "description": "Mẫu mặc định",
      "header_content": "",
      "footer_content": "1. Báo giá có hiệu lực trong vòng 15 ngày kể từ ngày xuất báo giá.\n2. Thanh toán: Tạm ứng 50% ngay sau khi xác nhận đơn hàng, 50% còn lại thanh toán sau khi bàn giao nghiệm thu.\n3. Đơn giá trên chưa bao gồm thuế VAT (nếu xuất hóa đơn).\n4. Bảo hành: Theo tiêu chuẩn từ nhà sản xuất kể từ ngày bàn giao.",
      "layout_style": "modern_navy",
      "layout_config": {
        "sections": [
          {
            "id": "header",
            "name": "≡ƒÅó Khß╗æi Header & Logo C├┤ng ty",
            "order": 1,
            "visible": true
          },
          {
            "id": "title",
            "name": "≡ƒôî Khß╗æi Ti├¬u ─æß╗ü & Lß╗¥i ch├áo",
            "order": 2,
            "visible": true
          },
          {
            "id": "customer_info",
            "name": "≡ƒæñ Khß╗æi Th├┤ng tin Kh├ích h├áng / ─Éß╗æi t├íc",
            "order": 3,
            "visible": true
          },
          {
            "id": "items_table",
            "name": "≡ƒôª Khß╗æi Bß║úng Hß║íng mß╗Ñc Sß║ún phß║⌐m & Dß╗ïch vß╗Ñ",
            "order": 4,
            "visible": true
          },
          {
            "id": "summary",
            "name": "≡ƒÆ░ Khß╗æi Tß╗òng kß║┐t Thanh to├ín & Chiß║┐t khß║Ñu",
            "order": 5,
            "visible": true
          },
          {
            "id": "terms",
            "name": "≡ƒô£ Khß╗æi Ghi ch├║ & ─Éiß╗üu khoß║ún (Tß╗½ Admin C├┤ng ty)",
            "order": 6,
            "visible": true
          },
          {
            "id": "signatures",
            "name": "Γ£ì∩╕Å Khß╗æi Chß╗» k├╜ X├íc nhß║¡n",
            "order": 7,
            "columns": 2,
            "visible": true
          }
        ],
        "table_style": "classic_border",
        "theme_color": "#1649c9",
        "custom_title": "B├üO GI├ü Sß║óN XUß║ñT Cß╗¼A COMPOSITE",
        "paper_orientation": "portrait"
      },
      "is_default": true,
      "is_active": true,
      "created_at": "2026-07-09T02:15:30.960Z",
      "updated_at": "2026-07-09T02:15:30.960Z"
    }
  },
  {
    "model": "sales.quotationtemplate",
    "pk": 2,
    "fields": {
      "name": "Báo giá FUJITECH",
      "code": "default",
      "description": "Mẫu báo gái Fujitech",
      "header_content": "",
      "footer_content": "1. Báo giá có hiệu lực trong vòng 15 ngày kể từ ngày xuất báo giá.\n2. Thanh toán: Tạm ứng 50% ngay sau khi xác nhận đơn hàng, 50% còn lại thanh toán sau khi bàn giao nghiệm thu.\n3. Đơn giá trên chưa bao gồm thuế VAT (nếu xuất hóa đơn).\n4. Bảo hành: Theo tiêu chuẩn từ nhà sản xuất kể từ ngày bàn giao.",
      "layout_style": "modern_navy",
      "layout_config": {
        "sections": [
          {
            "id": "header",
            "name": "≡ƒÅó Khß╗æi Header & Logo C├┤ng ty",
            "order": 1,
            "visible": true
          },
          {
            "id": "title",
            "name": "≡ƒôî Khß╗æi Ti├¬u ─æß╗ü & Lß╗¥i ch├áo",
            "order": 2,
            "visible": true
          },
          {
            "id": "customer_info",
            "name": "≡ƒæñ Khß╗æi Th├┤ng tin Kh├ích h├áng / ─Éß╗æi t├íc",
            "order": 3,
            "visible": true
          },
          {
            "id": "items_table",
            "name": "≡ƒôª Khß╗æi Bß║úng Hß║íng mß╗Ñc Sß║ún phß║⌐m & Dß╗ïch vß╗Ñ",
            "order": 4,
            "visible": true
          },
          {
            "id": "summary",
            "name": "≡ƒÆ░ Khß╗æi Tß╗òng kß║┐t Thanh to├ín & Chiß║┐t khß║Ñu",
            "order": 5,
            "visible": true
          },
          {
            "id": "terms",
            "name": "≡ƒô£ Khß╗æi Ghi ch├║ & ─Éiß╗üu khoß║ún (Tß╗½ Admin C├┤ng ty)",
            "order": 6,
            "visible": true
          },
          {
            "id": "signatures",
            "name": "Γ£ì∩╕Å Khß╗æi Chß╗» k├╜ X├íc nhß║¡n",
            "order": 7,
            "columns": 2,
            "visible": true
          }
        ],
        "table_style": "classic_border",
        "theme_color": "#d97706",
        "custom_title": "B├üO GI├ü Sß║óN XUß║ñT Cß╗¼A COMPOSITE",
        "paper_orientation": "landscape"
      },
      "is_default": false,
      "is_active": true,
      "created_at": "2026-07-09T02:23:26.411Z",
      "updated_at": "2026-07-09T02:23:26.412Z"
    }
  },
  {
    "model": "orders.order",
    "pk": 48,
    "fields": {
      "company": 15,
      "order_number": "FUJI-DH-20260711-001",
      "customer": 26,
      "quotation": 18,
      "created_by": [
        "giamdoc"
      ],
      "approved_by": [
        "giamdoc"
      ],
      "status": "completed",
      "financial_status": "fully_paid",
      "payment_term": "Cọc 30% - Giao hàng 70%",
      "payment_terms_schedule": [
        {
          "type": "deposit",
          "title": "Thanh to├ín ─æß╗út 1",
          "percentage": 100
        }
      ],
      "installation_date": null,
      "notes": "Thanh toán 50% sau khi ký hợp đồng, 50% sau khi nghiệm thu thi công.",
      "subtotal": "3900000.00",
      "vat_rate": "0.00",
      "vat_amount": "0.00",
      "shipping_fee": "0.00",
      "installation_fee": "0.00",
      "delivery_time": "3-5 ngày làm việc",
      "warranty_months": 12,
      "validity_days": 15,
      "discount_total": "0.00",
      "total_amount": "3900000.00",
      "approved_at": "2026-07-11T08:35:44.541Z",
      "custom_data": {
        "template_snapshot": {
          "id": 2,
          "code": "default",
          "name": "B├ío gi├í FUJITECH",
          "layout_style": "modern_navy",
          "layout_config": {
            "sections": [
              {
                "id": "header",
                "name": "≡ƒÅó Khß╗æi Header & Logo C├┤ng ty",
                "order": 1,
                "visible": true
              },
              {
                "id": "title",
                "name": "≡ƒôî Khß╗æi Ti├¬u ─æß╗ü & Lß╗¥i ch├áo",
                "order": 2,
                "visible": true
              },
              {
                "id": "customer_info",
                "name": "≡ƒæñ Khß╗æi Th├┤ng tin Kh├ích h├áng / ─Éß╗æi t├íc",
                "order": 3,
                "visible": true
              },
              {
                "id": "items_table",
                "name": "≡ƒôª Khß╗æi Bß║úng Hß║íng mß╗Ñc Sß║ún phß║⌐m & Dß╗ïch vß╗Ñ",
                "order": 4,
                "visible": true
              },
              {
                "id": "summary",
                "name": "≡ƒÆ░ Khß╗æi Tß╗òng kß║┐t Thanh to├ín & Chiß║┐t khß║Ñu",
                "order": 5,
                "visible": true
              },
              {
                "id": "terms",
                "name": "≡ƒô£ Khß╗æi Ghi ch├║ & ─Éiß╗üu khoß║ún (Tß╗½ Admin C├┤ng ty)",
                "order": 6,
                "visible": true
              },
              {
                "id": "signatures",
                "name": "Γ£ì∩╕Å Khß╗æi Chß╗» k├╜ X├íc nhß║¡n",
                "order": 7,
                "columns": 2,
                "visible": true
              }
            ],
            "table_style": "classic_border",
            "theme_color": "#d97706",
            "custom_title": "B├üO GI├ü Sß║óN XUß║ñT Cß╗¼A COMPOSITE",
            "paper_orientation": "landscape"
          },
          "footer_content": "1. B├ío gi├í c├│ hiß╗çu lß╗▒c trong v├▓ng 15 ng├áy kß╗â tß╗½ ng├áy xuß║Ñt b├ío gi├í.\n2. Thanh to├ín: Tß║ím ß╗⌐ng 50% ngay sau khi x├íc nhß║¡n ─æ╞ín h├áng, 50% c├▓n lß║íi thanh to├ín sau khi b├án giao nghiß╗çm thu.\n3. ─É╞ín gi├í tr├¬n ch╞░a bao gß╗ôm thuß║┐ VAT (nß║┐u xuß║Ñt h├│a ─æ╞ín).\n4. Bß║úo h├ánh: Theo ti├¬u chuß║⌐n tß╗½ nh├á sß║ún xuß║Ñt kß╗â tß╗½ ng├áy b├án giao."
        }
      },
      "created_at": "2026-07-11T07:47:41.837Z",
      "updated_at": "2026-07-11T08:36:38.698Z"
    }
  },
  {
    "model": "orders.order",
    "pk": 49,
    "fields": {
      "company": 15,
      "order_number": "FUJI-DH-20260711-002",
      "customer": 25,
      "quotation": 19,
      "created_by": [
        "giamdoc"
      ],
      "approved_by": [
        "giamdoc"
      ],
      "status": "completed",
      "financial_status": "fully_paid",
      "payment_term": "Cọc 30% - Giao hàng 70%",
      "payment_terms_schedule": [
        {
          "type": "deposit",
          "title": "Thanh to├ín ─æß╗út 1",
          "percentage": 100
        }
      ],
      "installation_date": null,
      "notes": "Thanh toán 50% sau khi ký hợp đồng, 50% sau khi nghiệm thu thi công.",
      "subtotal": "3900000.00",
      "vat_rate": "0.00",
      "vat_amount": "0.00",
      "shipping_fee": "0.00",
      "installation_fee": "0.00",
      "delivery_time": "3-5 ngày làm việc",
      "warranty_months": 12,
      "validity_days": 15,
      "discount_total": "0.00",
      "total_amount": "3900000.00",
      "approved_at": "2026-07-11T09:11:34.594Z",
      "custom_data": {
        "template_snapshot": {
          "id": 2,
          "code": "default",
          "name": "B├ío gi├í FUJITECH",
          "layout_style": "modern_navy",
          "layout_config": {
            "sections": [
              {
                "id": "header",
                "name": "≡ƒÅó Khß╗æi Header & Logo C├┤ng ty",
                "order": 1,
                "visible": true
              },
              {
                "id": "title",
                "name": "≡ƒôî Khß╗æi Ti├¬u ─æß╗ü & Lß╗¥i ch├áo",
                "order": 2,
                "visible": true
              },
              {
                "id": "customer_info",
                "name": "≡ƒæñ Khß╗æi Th├┤ng tin Kh├ích h├áng / ─Éß╗æi t├íc",
                "order": 3,
                "visible": true
              },
              {
                "id": "items_table",
                "name": "≡ƒôª Khß╗æi Bß║úng Hß║íng mß╗Ñc Sß║ún phß║⌐m & Dß╗ïch vß╗Ñ",
                "order": 4,
                "visible": true
              },
              {
                "id": "summary",
                "name": "≡ƒÆ░ Khß╗æi Tß╗òng kß║┐t Thanh to├ín & Chiß║┐t khß║Ñu",
                "order": 5,
                "visible": true
              },
              {
                "id": "terms",
                "name": "≡ƒô£ Khß╗æi Ghi ch├║ & ─Éiß╗üu khoß║ún (Tß╗½ Admin C├┤ng ty)",
                "order": 6,
                "visible": true
              },
              {
                "id": "signatures",
                "name": "Γ£ì∩╕Å Khß╗æi Chß╗» k├╜ X├íc nhß║¡n",
                "order": 7,
                "columns": 2,
                "visible": true
              }
            ],
            "table_style": "classic_border",
            "theme_color": "#d97706",
            "custom_title": "B├üO GI├ü Sß║óN XUß║ñT Cß╗¼A COMPOSITE",
            "paper_orientation": "landscape"
          },
          "footer_content": "1. B├ío gi├í c├│ hiß╗çu lß╗▒c trong v├▓ng 15 ng├áy kß╗â tß╗½ ng├áy xuß║Ñt b├ío gi├í.\n2. Thanh to├ín: Tß║ím ß╗⌐ng 50% ngay sau khi x├íc nhß║¡n ─æ╞ín h├áng, 50% c├▓n lß║íi thanh to├ín sau khi b├án giao nghiß╗çm thu.\n3. ─É╞ín gi├í tr├¬n ch╞░a bao gß╗ôm thuß║┐ VAT (nß║┐u xuß║Ñt h├│a ─æ╞ín).\n4. Bß║úo h├ánh: Theo ti├¬u chuß║⌐n tß╗½ nh├á sß║ún xuß║Ñt kß╗â tß╗½ ng├áy b├án giao."
        }
      },
      "created_at": "2026-07-11T08:43:39.557Z",
      "updated_at": "2026-07-11T09:22:24.656Z"
    }
  },
  {
    "model": "orders.order",
    "pk": 50,
    "fields": {
      "company": 15,
      "order_number": "FUJI-DH-20260711-003",
      "customer": 26,
      "quotation": null,
      "created_by": [
        "giamdoc"
      ],
      "approved_by": [
        "giamdoc"
      ],
      "status": "completed",
      "financial_status": "fully_paid",
      "payment_term": "Cọc 30% - Giao hàng 70%",
      "payment_terms_schedule": [
        {
          "type": "deposit",
          "title": "Thanh to├ín ─æß╗út 1",
          "percentage": 100
        }
      ],
      "installation_date": "2026-07-01",
      "notes": "",
      "subtotal": "3900000.00",
      "vat_rate": "0.00",
      "vat_amount": "0.00",
      "shipping_fee": "0.00",
      "installation_fee": "0.00",
      "delivery_time": "3-5 ngày làm việc",
      "warranty_months": 24,
      "validity_days": 30,
      "discount_total": "0.00",
      "total_amount": "3900000.00",
      "approved_at": "2026-07-11T09:53:44.973Z",
      "custom_data": {
        "template_snapshot": {
          "id": 2,
          "code": "default",
          "name": "B├ío gi├í FUJITECH",
          "layout_style": "modern_navy",
          "layout_config": {
            "sections": [
              {
                "id": "header",
                "name": "≡ƒÅó Khß╗æi Header & Logo C├┤ng ty",
                "order": 1,
                "visible": true
              },
              {
                "id": "title",
                "name": "≡ƒôî Khß╗æi Ti├¬u ─æß╗ü & Lß╗¥i ch├áo",
                "order": 2,
                "visible": true
              },
              {
                "id": "customer_info",
                "name": "≡ƒæñ Khß╗æi Th├┤ng tin Kh├ích h├áng / ─Éß╗æi t├íc",
                "order": 3,
                "visible": true
              },
              {
                "id": "items_table",
                "name": "≡ƒôª Khß╗æi Bß║úng Hß║íng mß╗Ñc Sß║ún phß║⌐m & Dß╗ïch vß╗Ñ",
                "order": 4,
                "visible": true
              },
              {
                "id": "summary",
                "name": "≡ƒÆ░ Khß╗æi Tß╗òng kß║┐t Thanh to├ín & Chiß║┐t khß║Ñu",
                "order": 5,
                "visible": true
              },
              {
                "id": "terms",
                "name": "≡ƒô£ Khß╗æi Ghi ch├║ & ─Éiß╗üu khoß║ún (Tß╗½ Admin C├┤ng ty)",
                "order": 6,
                "visible": true
              },
              {
                "id": "signatures",
                "name": "Γ£ì∩╕Å Khß╗æi Chß╗» k├╜ X├íc nhß║¡n",
                "order": 7,
                "columns": 2,
                "visible": true
              }
            ],
            "table_style": "classic_border",
            "theme_color": "#d97706",
            "custom_title": "B├üO GI├ü Sß║óN XUß║ñT Cß╗¼A COMPOSITE",
            "paper_orientation": "landscape"
          },
          "footer_content": "1. B├ío gi├í c├│ hiß╗çu lß╗▒c trong v├▓ng 15 ng├áy kß╗â tß╗½ ng├áy xuß║Ñt b├ío gi├í.\n2. Thanh to├ín: Tß║ím ß╗⌐ng 50% ngay sau khi x├íc nhß║¡n ─æ╞ín h├áng, 50% c├▓n lß║íi thanh to├ín sau khi b├án giao nghiß╗çm thu.\n3. ─É╞ín gi├í tr├¬n ch╞░a bao gß╗ôm thuß║┐ VAT (nß║┐u xuß║Ñt h├│a ─æ╞ín).\n4. Bß║úo h├ánh: Theo ti├¬u chuß║⌐n tß╗½ nh├á sß║ún xuß║Ñt kß╗â tß╗½ ng├áy b├án giao."
        }
      },
      "created_at": "2026-07-11T09:53:38.253Z",
      "updated_at": "2026-07-11T09:55:46.302Z"
    }
  },
  {
    "model": "orders.order",
    "pk": 51,
    "fields": {
      "company": 15,
      "order_number": "FUJI-DH-20260711-004",
      "customer": 26,
      "quotation": null,
      "created_by": [
        "giamdoc"
      ],
      "approved_by": [
        "giamdoc"
      ],
      "status": "completed",
      "financial_status": "fully_paid",
      "payment_term": "Cọc 30% - Giao hàng 70%",
      "payment_terms_schedule": [
        {
          "type": "deposit",
          "title": "Thanh to├ín ─æß╗út 1",
          "percentage": 100
        }
      ],
      "installation_date": null,
      "notes": "",
      "subtotal": "3900000.00",
      "vat_rate": "0.00",
      "vat_amount": "0.00",
      "shipping_fee": "0.00",
      "installation_fee": "0.00",
      "delivery_time": "3-5 ngày làm việc",
      "warranty_months": 12,
      "validity_days": 30,
      "discount_total": "0.00",
      "total_amount": "3900000.00",
      "approved_at": "2026-07-11T10:03:28.721Z",
      "custom_data": {
        "template_snapshot": {
          "id": 2,
          "code": "default",
          "name": "B├ío gi├í FUJITECH",
          "layout_style": "modern_navy",
          "layout_config": {
            "sections": [
              {
                "id": "header",
                "name": "≡ƒÅó Khß╗æi Header & Logo C├┤ng ty",
                "order": 1,
                "visible": true
              },
              {
                "id": "title",
                "name": "≡ƒôî Khß╗æi Ti├¬u ─æß╗ü & Lß╗¥i ch├áo",
                "order": 2,
                "visible": true
              },
              {
                "id": "customer_info",
                "name": "≡ƒæñ Khß╗æi Th├┤ng tin Kh├ích h├áng / ─Éß╗æi t├íc",
                "order": 3,
                "visible": true
              },
              {
                "id": "items_table",
                "name": "≡ƒôª Khß╗æi Bß║úng Hß║íng mß╗Ñc Sß║ún phß║⌐m & Dß╗ïch vß╗Ñ",
                "order": 4,
                "visible": true
              },
              {
                "id": "summary",
                "name": "≡ƒÆ░ Khß╗æi Tß╗òng kß║┐t Thanh to├ín & Chiß║┐t khß║Ñu",
                "order": 5,
                "visible": true
              },
              {
                "id": "terms",
                "name": "≡ƒô£ Khß╗æi Ghi ch├║ & ─Éiß╗üu khoß║ún (Tß╗½ Admin C├┤ng ty)",
                "order": 6,
                "visible": true
              },
              {
                "id": "signatures",
                "name": "Γ£ì∩╕Å Khß╗æi Chß╗» k├╜ X├íc nhß║¡n",
                "order": 7,
                "columns": 2,
                "visible": true
              }
            ],
            "table_style": "classic_border",
            "theme_color": "#d97706",
            "custom_title": "B├üO GI├ü Sß║óN XUß║ñT Cß╗¼A COMPOSITE",
            "paper_orientation": "landscape"
          },
          "footer_content": "1. B├ío gi├í c├│ hiß╗çu lß╗▒c trong v├▓ng 15 ng├áy kß╗â tß╗½ ng├áy xuß║Ñt b├ío gi├í.\n2. Thanh to├ín: Tß║ím ß╗⌐ng 50% ngay sau khi x├íc nhß║¡n ─æ╞ín h├áng, 50% c├▓n lß║íi thanh to├ín sau khi b├án giao nghiß╗çm thu.\n3. ─É╞ín gi├í tr├¬n ch╞░a bao gß╗ôm thuß║┐ VAT (nß║┐u xuß║Ñt h├│a ─æ╞ín).\n4. Bß║úo h├ánh: Theo ti├¬u chuß║⌐n tß╗½ nh├á sß║ún xuß║Ñt kß╗â tß╗½ ng├áy b├án giao."
        }
      },
      "created_at": "2026-07-11T10:03:25.702Z",
      "updated_at": "2026-07-11T10:03:53.109Z"
    }
  },
  {
    "model": "orders.orderitem",
    "pk": 58,
    "fields": {
      "order": 48,
      "product": 7,
      "product_name": "Cửa composite mẫu mới",
      "unit_price": "3900000.00",
      "width": "0.00",
      "height": "0.00",
      "quantity": 1,
      "discount_percent": "0.00",
      "line_total": "0.00",
      "note": "",
      "length": "0.00",
      "area": "0.00",
      "spec": "",
      "warranty": "12 tháng",
      "thickness": "0.00",
      "product_image": null,
      "custom_data": {
        "unit": "bß╗Ö",
        "symbol": "",
        "thickness": 0
      }
    }
  },
  {
    "model": "orders.orderitem",
    "pk": 59,
    "fields": {
      "order": 49,
      "product": 7,
      "product_name": "Cửa composite mẫu mới",
      "unit_price": "3900000.00",
      "width": "0.00",
      "height": "0.00",
      "quantity": 1,
      "discount_percent": "0.00",
      "line_total": "0.00",
      "note": "",
      "length": "0.00",
      "area": "0.00",
      "spec": "",
      "warranty": "12 tháng",
      "thickness": "0.00",
      "product_image": "http://localhost:8000/media/products/anh_cua.jpg",
      "custom_data": {
        "unit": "bß╗Ö",
        "symbol": "",
        "thickness": 0
      }
    }
  },
  {
    "model": "orders.orderitem",
    "pk": 60,
    "fields": {
      "order": 50,
      "product": 7,
      "product_name": "Cửa composite mẫu mới",
      "unit_price": "3900000.00",
      "width": "0.00",
      "height": "0.00",
      "quantity": 1,
      "discount_percent": "0.00",
      "line_total": "0.00",
      "note": "",
      "length": "0.00",
      "area": "0.00",
      "spec": "",
      "warranty": "12 tháng",
      "thickness": "0.00",
      "product_image": null,
      "custom_data": {}
    }
  },
  {
    "model": "orders.orderitem",
    "pk": 61,
    "fields": {
      "order": 51,
      "product": 7,
      "product_name": "Cửa composite mẫu mới",
      "unit_price": "3900000.00",
      "width": "0.00",
      "height": "0.00",
      "quantity": 1,
      "discount_percent": "0.00",
      "line_total": "0.00",
      "note": "",
      "length": "0.00",
      "area": "0.00",
      "spec": "",
      "warranty": "12 tháng",
      "thickness": "0.00",
      "product_image": null,
      "custom_data": {}
    }
  },
  {
    "model": "inventory.productcategory",
    "pk": 7,
    "fields": {
      "company": 15,
      "name": "Cửa fujitech Door",
      "description": "Cửa thông dụng"
    }
  },
  {
    "model": "inventory.product",
    "pk": 7,
    "fields": {
      "company": 15,
      "template": null,
      "category": 7,
      "sku": "CCP1",
      "name": "Cửa composite mẫu mới",
      "description": "1. Độ dày cửa cao\r\n2. Tương đối đẹp",
      "attributes": {},
      "unit": "bộ",
      "price": "3900000.00",
      "cost_price": "3500000.00",
      "image": "products/anh_cua.jpg",
      "is_active": true,
      "created_at": "2026-07-09T02:39:31.816Z",
      "updated_at": "2026-07-09T10:19:29.690Z"
    }
  },
  {
    "model": "inventory.product",
    "pk": 10,
    "fields": {
      "company": 15,
      "template": null,
      "category": 7,
      "sku": "KTM1",
      "name": "Khoá thông minh 1",
      "description": "",
      "attributes": {},
      "unit": "cái",
      "price": "5600000.00",
      "cost_price": "0.00",
      "image": "",
      "is_active": true,
      "created_at": "2026-07-09T10:16:42.346Z",
      "updated_at": "2026-07-09T10:16:42.346Z"
    }
  },
  {
    "model": "inventory.warehouse",
    "pk": 6,
    "fields": {
      "company": 15,
      "name": "Kho Hồ Chí Minh",
      "location": "",
      "is_active": true
    }
  },
  {
    "model": "inventory.warehouse",
    "pk": 10,
    "fields": {
      "company": 15,
      "name": "Kho Hà Nội",
      "location": "",
      "is_active": true
    }
  },
  {
    "model": "inventory.stocklevel",
    "pk": 19,
    "fields": {
      "product": 7,
      "warehouse": 6,
      "quantity": 1,
      "min_quantity": 0
    }
  },
  {
    "model": "inventory.stocklevel",
    "pk": 20,
    "fields": {
      "product": 7,
      "warehouse": 10,
      "quantity": 8,
      "min_quantity": 0
    }
  },
  {
    "model": "inventory.inventorytransaction",
    "pk": 87,
    "fields": {
      "company": 15,
      "transaction_code": "FUJI-EXP-20260711-001",
      "type": "export",
      "product": 7,
      "warehouse": 10,
      "status": "completed",
      "quantity": 1,
      "unit_cost": "0.00",
      "reference_order": null,
      "note": "Lệnh xuất kho chờ duyệt cho đơn hàng FUJI-DH-20260711-001",
      "created_by": [
        "giamdoc"
      ],
      "created_at": "2026-07-11T07:03:05.126Z"
    }
  },
  {
    "model": "inventory.inventorytransaction",
    "pk": 88,
    "fields": {
      "company": 15,
      "transaction_code": "FUJI-EXP-20260711-002",
      "type": "export",
      "product": 7,
      "warehouse": 6,
      "status": "completed",
      "quantity": 1,
      "unit_cost": "0.00",
      "reference_order": null,
      "note": "Lệnh xuất kho chờ duyệt cho đơn hàng FUJI-DH-20260711-001",
      "created_by": [
        "giamdoc"
      ],
      "created_at": "2026-07-11T07:27:08.595Z"
    }
  },
  {
    "model": "inventory.inventorytransaction",
    "pk": 89,
    "fields": {
      "company": 15,
      "transaction_code": "FUJI-EXP-20260711-003",
      "type": "export",
      "product": 7,
      "warehouse": 6,
      "status": "completed",
      "quantity": 1,
      "unit_cost": "0.00",
      "reference_order": 48,
      "note": "Lệnh xuất kho chờ duyệt cho đơn hàng FUJI-DH-20260711-001",
      "created_by": [
        "giamdoc"
      ],
      "created_at": "2026-07-11T07:47:56.006Z"
    }
  },
  {
    "model": "inventory.inventorytransaction",
    "pk": 90,
    "fields": {
      "company": 15,
      "transaction_code": "FUJI-EXP-20260711-004",
      "type": "export",
      "product": 7,
      "warehouse": 6,
      "status": "completed",
      "quantity": 1,
      "unit_cost": "0.00",
      "reference_order": 49,
      "note": "Lệnh xuất kho chờ duyệt cho đơn hàng FUJI-DH-20260711-002",
      "created_by": [
        "giamdoc"
      ],
      "created_at": "2026-07-11T09:21:00.493Z"
    }
  },
  {
    "model": "inventory.inventorytransaction",
    "pk": 91,
    "fields": {
      "company": 15,
      "transaction_code": "FUJI-EXP-20260711-005",
      "type": "export",
      "product": 7,
      "warehouse": null,
      "status": "pending",
      "quantity": 1,
      "unit_cost": "0.00",
      "reference_order": 50,
      "note": "Lệnh xuất kho chờ duyệt cho đơn hàng FUJI-DH-20260711-003",
      "created_by": [
        "giamdoc"
      ],
      "created_at": "2026-07-11T09:53:58.430Z"
    }
  },
  {
    "model": "inventory.inventorytransaction",
    "pk": 92,
    "fields": {
      "company": 15,
      "transaction_code": "FUJI-EXP-20260711-006",
      "type": "export",
      "product": 7,
      "warehouse": null,
      "status": "pending",
      "quantity": 1,
      "unit_cost": "0.00",
      "reference_order": 51,
      "note": "Lệnh xuất kho chờ duyệt cho đơn hàng FUJI-DH-20260711-004",
      "created_by": [
        "giamdoc"
      ],
      "created_at": "2026-07-11T10:03:34.720Z"
    }
  },
  {
    "model": "production.productionorder",
    "pk": 52,
    "fields": {
      "company": 15,
      "production_order_code": "FUJI-LSX-20260711-001",
      "order": 48,
      "status": "completed",
      "start_date": null,
      "end_date": null,
      "notes": "",
      "created_at": "2026-07-11T07:47:55.929Z",
      "updated_at": "2026-07-11T08:06:58.888Z"
    }
  },
  {
    "model": "production.productionorder",
    "pk": 53,
    "fields": {
      "company": 15,
      "production_order_code": "FUJI-LSX-20260711-002",
      "order": 49,
      "status": "completed",
      "start_date": null,
      "end_date": null,
      "notes": "",
      "created_at": "2026-07-11T09:21:00.424Z",
      "updated_at": "2026-07-11T09:21:53.206Z"
    }
  },
  {
    "model": "production.productionorder",
    "pk": 54,
    "fields": {
      "company": 15,
      "production_order_code": "FUJI-LSX-20260711-003",
      "order": 50,
      "status": "completed",
      "start_date": null,
      "end_date": null,
      "notes": "",
      "created_at": "2026-07-11T09:53:58.385Z",
      "updated_at": "2026-07-11T09:54:08.846Z"
    }
  },
  {
    "model": "production.productionorder",
    "pk": 55,
    "fields": {
      "company": 15,
      "production_order_code": "FUJI-LSX-20260711-004",
      "order": 51,
      "status": "completed",
      "start_date": null,
      "end_date": null,
      "notes": "",
      "created_at": "2026-07-11T10:03:34.623Z",
      "updated_at": "2026-07-11T10:03:43.414Z"
    }
  },
  {
    "model": "production.productionstep",
    "pk": 12,
    "fields": {
      "production_order": 52,
      "step_name": "Pha phôi và sản xuất cửa",
      "sequence": 1,
      "assigned_to": null,
      "status": "done",
      "started_at": "2026-07-11T08:05:55.433Z",
      "completed_at": "2026-07-11T08:05:55.433Z",
      "notes": ""
    }
  },
  {
    "model": "notifications.notification",
    "pk": 1,
    "fields": {
      "company": 15,
      "recipient": [
        "nvkinhdoanh1"
      ],
      "sender": null,
      "type": "crm_assigned",
      "title": "Bạn có khách hàng mới được phân công",
      "message": "Khách hàng V┼⌐ Thß╗ï Huß║┐ (0988565777) đã được phân công cho bạn.",
      "link": "/customers/25",
      "is_read": false,
      "created_at": "2026-07-14T01:34:47.536Z"
    }
  },
  {
    "model": "notifications.notification",
    "pk": 2,
    "fields": {
      "company": 15,
      "recipient": [
        "nvkinhdoanh1"
      ],
      "sender": null,
      "type": "crm_assigned",
      "title": "Bạn có khách hàng mới được phân công",
      "message": "Khách hàng LE DINH TUYEN (0989198265) đã được phân công cho bạn.",
      "link": "/customers/26",
      "is_read": false,
      "created_at": "2026-07-14T01:34:48.032Z"
    }
  },
  {
    "model": "notifications.notification",
    "pk": 47,
    "fields": {
      "company": 15,
      "recipient": [
        "nvkinhdoanh1"
      ],
      "sender": [
        "giamdoc"
      ],
      "type": "crm_assigned",
      "title": "Bạn có khách hàng mới được phân công",
      "message": "Khách hàng LE DINH TUYEN (0989198265) đã được phân công cho bạn.",
      "link": "/customers/15",
      "is_read": true,
      "created_at": "2026-07-09T02:36:01.154Z"
    }
  },
  {
    "model": "notifications.notification",
    "pk": 48,
    "fields": {
      "company": 15,
      "recipient": [
        "giamdoc"
      ],
      "sender": [
        "nvkinhdoanh1"
      ],
      "type": "order_new",
      "title": "Đơn hàng mới cần duyệt",
      "message": "Đơn hàng DH-20260709-001 của khách LE DINH TUYEN đang chờ duyệt.",
      "link": "/orders/6",
      "is_read": true,
      "created_at": "2026-07-09T04:39:36.503Z"
    }
  },
  {
    "model": "notifications.notification",
    "pk": 49,
    "fields": {
      "company": 15,
      "recipient": [
        "kinhdoanh1"
      ],
      "sender": [
        "nvkinhdoanh1"
      ],
      "type": "order_new",
      "title": "Đơn hàng mới cần duyệt",
      "message": "Đơn hàng DH-20260709-001 của khách LE DINH TUYEN đang chờ duyệt.",
      "link": "/orders/6",
      "is_read": false,
      "created_at": "2026-07-09T04:39:36.691Z"
    }
  },
  {
    "model": "notifications.notification",
    "pk": 50,
    "fields": {
      "company": 15,
      "recipient": [
        "kinhdoanh2"
      ],
      "sender": [
        "nvkinhdoanh1"
      ],
      "type": "order_new",
      "title": "Đơn hàng mới cần duyệt",
      "message": "Đơn hàng DH-20260709-001 của khách LE DINH TUYEN đang chờ duyệt.",
      "link": "/orders/6",
      "is_read": false,
      "created_at": "2026-07-09T04:39:36.698Z"
    }
  },
  {
    "model": "notifications.notification",
    "pk": 51,
    "fields": {
      "company": 15,
      "recipient": [
        "giamdoc"
      ],
      "sender": [
        "nvkinhdoanh1"
      ],
      "type": "order_new",
      "title": "Đơn hàng mới cần duyệt",
      "message": "Đơn hàng DH-20260709-001 của khách LE DINH TUYEN đang chờ duyệt.",
      "link": "/orders/7",
      "is_read": true,
      "created_at": "2026-07-09T06:11:18.367Z"
    }
  },
  {
    "model": "notifications.notification",
    "pk": 52,
    "fields": {
      "company": 15,
      "recipient": [
        "kinhdoanh1"
      ],
      "sender": [
        "nvkinhdoanh1"
      ],
      "type": "order_new",
      "title": "Đơn hàng mới cần duyệt",
      "message": "Đơn hàng DH-20260709-001 của khách LE DINH TUYEN đang chờ duyệt.",
      "link": "/orders/7",
      "is_read": false,
      "created_at": "2026-07-09T06:11:18.597Z"
    }
  },
  {
    "model": "notifications.notification",
    "pk": 53,
    "fields": {
      "company": 15,
      "recipient": [
        "kinhdoanh2"
      ],
      "sender": [
        "nvkinhdoanh1"
      ],
      "type": "order_new",
      "title": "Đơn hàng mới cần duyệt",
      "message": "Đơn hàng DH-20260709-001 của khách LE DINH TUYEN đang chờ duyệt.",
      "link": "/orders/7",
      "is_read": false,
      "created_at": "2026-07-09T06:11:18.603Z"
    }
  },
  {
    "model": "notifications.notification",
    "pk": 54,
    "fields": {
      "company": 15,
      "recipient": [
        "nvkinhdoanh1"
      ],
      "sender": [
        "giamdoc"
      ],
      "type": "approval",
      "title": "Báo giá BG-20260709-002 đã được duyệt",
      "message": "Báo giá BG-20260709-002 đã được Giám đốc phê duyệt.",
      "link": "/quotations",
      "is_read": true,
      "created_at": "2026-07-09T06:16:47.715Z"
    }
  },
  {
    "model": "notifications.notification",
    "pk": 55,
    "fields": {
      "company": 15,
      "recipient": [
        "giamdoc"
      ],
      "sender": [
        "nvkinhdoanh1"
      ],
      "type": "order_new",
      "title": "Đơn hàng mới cần duyệt",
      "message": "Đơn hàng DHFUJI-20260709-001 của khách LE DINH TUYEN đang chờ duyệt.",
      "link": "/orders/8",
      "is_read": true,
      "created_at": "2026-07-09T06:18:41.381Z"
    }
  },
  {
    "model": "notifications.notification",
    "pk": 56,
    "fields": {
      "company": 15,
      "recipient": [
        "kinhdoanh1"
      ],
      "sender": [
        "nvkinhdoanh1"
      ],
      "type": "order_new",
      "title": "Đơn hàng mới cần duyệt",
      "message": "Đơn hàng DHFUJI-20260709-001 của khách LE DINH TUYEN đang chờ duyệt.",
      "link": "/orders/8",
      "is_read": false,
      "created_at": "2026-07-09T06:18:41.390Z"
    }
  },
  {
    "model": "notifications.notification",
    "pk": 57,
    "fields": {
      "company": 15,
      "recipient": [
        "kinhdoanh2"
      ],
      "sender": [
        "nvkinhdoanh1"
      ],
      "type": "order_new",
      "title": "Đơn hàng mới cần duyệt",
      "message": "Đơn hàng DHFUJI-20260709-001 của khách LE DINH TUYEN đang chờ duyệt.",
      "link": "/orders/8",
      "is_read": false,
      "created_at": "2026-07-09T06:18:41.397Z"
    }
  },
  {
    "model": "notifications.notification",
    "pk": 58,
    "fields": {
      "company": 15,
      "recipient": [
        "nvkinhdoanh1"
      ],
      "sender": [
        "giamdoc"
      ],
      "type": "order_rejected",
      "title": "Đơn hàng bị từ chối",
      "message": "Đơn hàng DHFUJI-20260709-001 của khách LE DINH TUYEN đã bị từ chối.",
      "link": "/orders/8",
      "is_read": true,
      "created_at": "2026-07-09T06:19:09.818Z"
    }
  },
  {
    "model": "notifications.notification",
    "pk": 59,
    "fields": {
      "company": 15,
      "recipient": [
        "giamdoc"
      ],
      "sender": [
        "nvkinhdoanh1"
      ],
      "type": "order_new",
      "title": "Đơn hàng mới cần duyệt",
      "message": "Đơn hàng DHFUJI-20260709-002 của khách LE DINH TUYEN đang chờ duyệt.",
      "link": "/orders/9",
      "is_read": true,
      "created_at": "2026-07-09T06:20:08.891Z"
    }
  },
  {
    "model": "notifications.notification",
    "pk": 60,
    "fields": {
      "company": 15,
      "recipient": [
        "kinhdoanh1"
      ],
      "sender": [
        "nvkinhdoanh1"
      ],
      "type": "order_new",
      "title": "Đơn hàng mới cần duyệt",
      "message": "Đơn hàng DHFUJI-20260709-002 của khách LE DINH TUYEN đang chờ duyệt.",
      "link": "/orders/9",
      "is_read": false,
      "created_at": "2026-07-09T06:20:08.910Z"
    }
  },
  {
    "model": "notifications.notification",
    "pk": 61,
    "fields": {
      "company": 15,
      "recipient": [
        "kinhdoanh2"
      ],
      "sender": [
        "nvkinhdoanh1"
      ],
      "type": "order_new",
      "title": "Đơn hàng mới cần duyệt",
      "message": "Đơn hàng DHFUJI-20260709-002 của khách LE DINH TUYEN đang chờ duyệt.",
      "link": "/orders/9",
      "is_read": false,
      "created_at": "2026-07-09T06:20:08.917Z"
    }
  },
  {
    "model": "notifications.notification",
    "pk": 62,
    "fields": {
      "company": 15,
      "recipient": [
        "giamdoc"
      ],
      "sender": [
        "nvkinhdoanh1"
      ],
      "type": "order_new",
      "title": "Đơn hàng mới cần duyệt",
      "message": "Đơn hàng DHFUJI-20260709-003 của khách LE DINH TUYEN đang chờ duyệt.",
      "link": "/orders/10",
      "is_read": true,
      "created_at": "2026-07-09T06:23:27.990Z"
    }
  },
  {
    "model": "notifications.notification",
    "pk": 63,
    "fields": {
      "company": 15,
      "recipient": [
        "kinhdoanh1"
      ],
      "sender": [
        "nvkinhdoanh1"
      ],
      "type": "order_new",
      "title": "Đơn hàng mới cần duyệt",
      "message": "Đơn hàng DHFUJI-20260709-003 của khách LE DINH TUYEN đang chờ duyệt.",
      "link": "/orders/10",
      "is_read": false,
      "created_at": "2026-07-09T06:23:28.236Z"
    }
  },
  {
    "model": "notifications.notification",
    "pk": 64,
    "fields": {
      "company": 15,
      "recipient": [
        "kinhdoanh2"
      ],
      "sender": [
        "nvkinhdoanh1"
      ],
      "type": "order_new",
      "title": "Đơn hàng mới cần duyệt",
      "message": "Đơn hàng DHFUJI-20260709-003 của khách LE DINH TUYEN đang chờ duyệt.",
      "link": "/orders/10",
      "is_read": false,
      "created_at": "2026-07-09T06:23:28.243Z"
    }
  },
  {
    "model": "notifications.notification",
    "pk": 65,
    "fields": {
      "company": 15,
      "recipient": [
        "giamdoc"
      ],
      "sender": [
        "nvkinhdoanh1"
      ],
      "type": "order_new",
      "title": "Đơn hàng mới cần duyệt",
      "message": "Đơn hàng DHFUJI-20260709-004 của khách LE DINH TUYEN đang chờ duyệt.",
      "link": "/orders/11",
      "is_read": true,
      "created_at": "2026-07-09T06:24:28.098Z"
    }
  },
  {
    "model": "notifications.notification",
    "pk": 66,
    "fields": {
      "company": 15,
      "recipient": [
        "kinhdoanh1"
      ],
      "sender": [
        "nvkinhdoanh1"
      ],
      "type": "order_new",
      "title": "Đơn hàng mới cần duyệt",
      "message": "Đơn hàng DHFUJI-20260709-004 của khách LE DINH TUYEN đang chờ duyệt.",
      "link": "/orders/11",
      "is_read": false,
      "created_at": "2026-07-09T06:24:28.105Z"
    }
  },
  {
    "model": "notifications.notification",
    "pk": 67,
    "fields": {
      "company": 15,
      "recipient": [
        "kinhdoanh2"
      ],
      "sender": [
        "nvkinhdoanh1"
      ],
      "type": "order_new",
      "title": "Đơn hàng mới cần duyệt",
      "message": "Đơn hàng DHFUJI-20260709-004 của khách LE DINH TUYEN đang chờ duyệt.",
      "link": "/orders/11",
      "is_read": false,
      "created_at": "2026-07-09T06:24:28.113Z"
    }
  },
  {
    "model": "notifications.notification",
    "pk": 68,
    "fields": {
      "company": 15,
      "recipient": [
        "nvkinhdoanh1"
      ],
      "sender": [
        "giamdoc"
      ],
      "type": "order_rejected",
      "title": "Đơn hàng bị từ chối",
      "message": "Đơn hàng DHFUJI-20260709-003 của khách LE DINH TUYEN đã bị từ chối.",
      "link": "/orders/10",
      "is_read": true,
      "created_at": "2026-07-09T06:29:38.180Z"
    }
  },
  {
    "model": "notifications.notification",
    "pk": 69,
    "fields": {
      "company": 15,
      "recipient": [
        "giamdoc"
      ],
      "sender": [
        "nvkinhdoanh1"
      ],
      "type": "approval",
      "title": "Yêu cầu duyệt báo giá BG-20260709-003",
      "message": "NVKD 1 vừa trình duyệt báo giá BG-20260709-003 cho khách hàng LE DINH TUYEN.",
      "link": "/approvals",
      "is_read": true,
      "created_at": "2026-07-09T06:35:41.717Z"
    }
  },
  {
    "model": "notifications.notification",
    "pk": 70,
    "fields": {
      "company": 15,
      "recipient": [
        "giamdoc"
      ],
      "sender": [
        "nvkinhdoanh1"
      ],
      "type": "order_new",
      "title": "Đơn hàng mới cần duyệt",
      "message": "Đơn hàng DHFUJI-20260709-001 của khách LE DINH TUYEN đang chờ duyệt.",
      "link": "/orders/12",
      "is_read": true,
      "created_at": "2026-07-09T06:35:50.669Z"
    }
  },
  {
    "model": "notifications.notification",
    "pk": 71,
    "fields": {
      "company": 15,
      "recipient": [
        "kinhdoanh1"
      ],
      "sender": [
        "nvkinhdoanh1"
      ],
      "type": "order_new",
      "title": "Đơn hàng mới cần duyệt",
      "message": "Đơn hàng DHFUJI-20260709-001 của khách LE DINH TUYEN đang chờ duyệt.",
      "link": "/orders/12",
      "is_read": false,
      "created_at": "2026-07-09T06:35:50.678Z"
    }
  },
  {
    "model": "notifications.notification",
    "pk": 72,
    "fields": {
      "company": 15,
      "recipient": [
        "kinhdoanh2"
      ],
      "sender": [
        "nvkinhdoanh1"
      ],
      "type": "order_new",
      "title": "Đơn hàng mới cần duyệt",
      "message": "Đơn hàng DHFUJI-20260709-001 của khách LE DINH TUYEN đang chờ duyệt.",
      "link": "/orders/12",
      "is_read": false,
      "created_at": "2026-07-09T06:35:50.685Z"
    }
  },
  {
    "model": "notifications.notification",
    "pk": 73,
    "fields": {
      "company": 15,
      "recipient": [
        "nvkinhdoanh1"
      ],
      "sender": [
        "giamdoc"
      ],
      "type": "approval",
      "title": "Yêu cầu Phê duyệt Báo giá BG-20260709-003 đã được duyệt",
      "message": "Giám đốc đã phê duyệt yêu cầu của bạn.",
      "link": "/approvals",
      "is_read": true,
      "created_at": "2026-07-09T06:36:44.481Z"
    }
  },
  {
    "model": "notifications.notification",
    "pk": 74,
    "fields": {
      "company": 15,
      "recipient": [
        "nvkinhdoanh1"
      ],
      "sender": [
        "giamdoc"
      ],
      "type": "approval",
      "title": "Yêu cầu Phê duyệt Đơn hàng DHFUJI-20260709-001 đã được duyệt",
      "message": "Giám đốc đã phê duyệt yêu cầu của bạn.",
      "link": "/approvals",
      "is_read": true,
      "created_at": "2026-07-09T06:39:49.853Z"
    }
  },
  {
    "model": "notifications.notification",
    "pk": 75,
    "fields": {
      "company": 15,
      "recipient": [
        "giamdoc"
      ],
      "sender": [
        "nvkinhdoanh1"
      ],
      "type": "order_new",
      "title": "Đơn hàng mới cần duyệt",
      "message": "Đơn hàng DHFUJI-20260709-001 của khách LE DINH TUYEN đang chờ duyệt.",
      "link": "/orders/13",
      "is_read": true,
      "created_at": "2026-07-09T06:40:53.741Z"
    }
  },
  {
    "model": "notifications.notification",
    "pk": 76,
    "fields": {
      "company": 15,
      "recipient": [
        "kinhdoanh1"
      ],
      "sender": [
        "nvkinhdoanh1"
      ],
      "type": "order_new",
      "title": "Đơn hàng mới cần duyệt",
      "message": "Đơn hàng DHFUJI-20260709-001 của khách LE DINH TUYEN đang chờ duyệt.",
      "link": "/orders/13",
      "is_read": false,
      "created_at": "2026-07-09T06:40:53.749Z"
    }
  },
  {
    "model": "notifications.notification",
    "pk": 77,
    "fields": {
      "company": 15,
      "recipient": [
        "kinhdoanh2"
      ],
      "sender": [
        "nvkinhdoanh1"
      ],
      "type": "order_new",
      "title": "Đơn hàng mới cần duyệt",
      "message": "Đơn hàng DHFUJI-20260709-001 của khách LE DINH TUYEN đang chờ duyệt.",
      "link": "/orders/13",
      "is_read": false,
      "created_at": "2026-07-09T06:40:53.756Z"
    }
  },
  {
    "model": "notifications.notification",
    "pk": 78,
    "fields": {
      "company": 15,
      "recipient": [
        "giamdoc"
      ],
      "sender": [
        "nvkinhdoanh1"
      ],
      "type": "order_new",
      "title": "Đơn hàng mới cần duyệt",
      "message": "Đơn hàng DHFUJI-20260709-001 của khách LE DINH TUYEN đang chờ duyệt.",
      "link": "/orders/14",
      "is_read": true,
      "created_at": "2026-07-09T06:42:36.990Z"
    }
  },
  {
    "model": "notifications.notification",
    "pk": 79,
    "fields": {
      "company": 15,
      "recipient": [
        "kinhdoanh1"
      ],
      "sender": [
        "nvkinhdoanh1"
      ],
      "type": "order_new",
      "title": "Đơn hàng mới cần duyệt",
      "message": "Đơn hàng DHFUJI-20260709-001 của khách LE DINH TUYEN đang chờ duyệt.",
      "link": "/orders/14",
      "is_read": false,
      "created_at": "2026-07-09T06:42:37Z"
    }
  },
  {
    "model": "notifications.notification",
    "pk": 80,
    "fields": {
      "company": 15,
      "recipient": [
        "kinhdoanh2"
      ],
      "sender": [
        "nvkinhdoanh1"
      ],
      "type": "order_new",
      "title": "Đơn hàng mới cần duyệt",
      "message": "Đơn hàng DHFUJI-20260709-001 của khách LE DINH TUYEN đang chờ duyệt.",
      "link": "/orders/14",
      "is_read": false,
      "created_at": "2026-07-09T06:42:37.007Z"
    }
  },
  {
    "model": "notifications.notification",
    "pk": 81,
    "fields": {
      "company": 15,
      "recipient": [
        "nvkinhdoanh1"
      ],
      "sender": [
        "giamdoc"
      ],
      "type": "order_approved",
      "title": "Đơn hàng đã được duyệt",
      "message": "Đơn hàng DHFUJI-20260709-001 của khách LE DINH TUYEN đã được chấp thuận.",
      "link": "/orders/14",
      "is_read": true,
      "created_at": "2026-07-09T06:48:40.188Z"
    }
  },
  {
    "model": "notifications.notification",
    "pk": 82,
    "fields": {
      "company": 15,
      "recipient": [
        "nvkinhdoanh1"
      ],
      "sender": [
        "giamdoc"
      ],
      "type": "order_approved",
      "title": "Đơn hàng đã được duyệt",
      "message": "Đơn hàng DHFUJI-20260709-001 của khách LE DINH TUYEN đã được chấp thuận.",
      "link": "/orders/14",
      "is_read": true,
      "created_at": "2026-07-09T06:49:41.785Z"
    }
  },
  {
    "model": "notifications.notification",
    "pk": 83,
    "fields": {
      "company": 15,
      "recipient": [
        "kinhdoanh1"
      ],
      "sender": [
        "giamdoc"
      ],
      "type": "order_new",
      "title": "Đơn hàng mới cần duyệt",
      "message": "Đơn hàng TEST-DELETE-01 của khách LE DINH TUYEN đang chờ duyệt.",
      "link": "/orders/16",
      "is_read": false,
      "created_at": "2026-07-09T06:53:04.851Z"
    }
  },
  {
    "model": "notifications.notification",
    "pk": 84,
    "fields": {
      "company": 15,
      "recipient": [
        "kinhdoanh2"
      ],
      "sender": [
        "giamdoc"
      ],
      "type": "order_new",
      "title": "Đơn hàng mới cần duyệt",
      "message": "Đơn hàng TEST-DELETE-01 của khách LE DINH TUYEN đang chờ duyệt.",
      "link": "/orders/16",
      "is_read": false,
      "created_at": "2026-07-09T06:53:04.998Z"
    }
  },
  {
    "model": "notifications.notification",
    "pk": 85,
    "fields": {
      "company": 15,
      "recipient": [
        "giamdoc"
      ],
      "sender": [
        "giamdoc"
      ],
      "type": "order_approved",
      "title": "Đơn hàng đã được duyệt",
      "message": "Đơn hàng TEST-DELETE-01 của khách LE DINH TUYEN đã được chấp thuận.",
      "link": "/orders/16",
      "is_read": true,
      "created_at": "2026-07-09T06:53:05.051Z"
    }
  },
  {
    "model": "notifications.notification",
    "pk": 86,
    "fields": {
      "company": 15,
      "recipient": [
        "nvkinhdoanh1"
      ],
      "sender": [
        "giamdoc"
      ],
      "type": "crm_assigned",
      "title": "Bạn có khách hàng mới được phân công",
      "message": "Khách hàng Sever Webmail (+623545454) đã được phân công cho bạn.",
      "link": "/customers/16",
      "is_read": true,
      "created_at": "2026-07-09T06:53:36.695Z"
    }
  },
  {
    "model": "notifications.notification",
    "pk": 87,
    "fields": {
      "company": 15,
      "recipient": [
        "kinhdoanh1"
      ],
      "sender": [
        "giamdoc"
      ],
      "type": "order_new",
      "title": "Đơn hàng mới cần duyệt",
      "message": "Đơn hàng DH-FIN-001 của khách Sever Webmail đang chờ duyệt.",
      "link": "/orders/17",
      "is_read": false,
      "created_at": "2026-07-09T07:20:52.884Z"
    }
  },
  {
    "model": "notifications.notification",
    "pk": 88,
    "fields": {
      "company": 15,
      "recipient": [
        "kinhdoanh2"
      ],
      "sender": [
        "giamdoc"
      ],
      "type": "order_new",
      "title": "Đơn hàng mới cần duyệt",
      "message": "Đơn hàng DH-FIN-001 của khách Sever Webmail đang chờ duyệt.",
      "link": "/orders/17",
      "is_read": false,
      "created_at": "2026-07-09T07:20:53.315Z"
    }
  },
  {
    "model": "notifications.notification",
    "pk": 89,
    "fields": {
      "company": 15,
      "recipient": [
        "kinhdoanh1"
      ],
      "sender": [
        "giamdoc"
      ],
      "type": "order_new",
      "title": "Đơn hàng mới cần duyệt",
      "message": "Đơn hàng DH-MOGATE-001 của khách Sever Webmail đang chờ duyệt.",
      "link": "/orders/18",
      "is_read": false,
      "created_at": "2026-07-09T07:22:37.524Z"
    }
  },
  {
    "model": "notifications.notification",
    "pk": 90,
    "fields": {
      "company": 15,
      "recipient": [
        "kinhdoanh2"
      ],
      "sender": [
        "giamdoc"
      ],
      "type": "order_new",
      "title": "Đơn hàng mới cần duyệt",
      "message": "Đơn hàng DH-MOGATE-001 của khách Sever Webmail đang chờ duyệt.",
      "link": "/orders/18",
      "is_read": false,
      "created_at": "2026-07-09T07:22:37.661Z"
    }
  },
  {
    "model": "notifications.notification",
    "pk": 91,
    "fields": {
      "company": 15,
      "recipient": [
        "giamdoc"
      ],
      "sender": [
        "giamdoc"
      ],
      "type": "order_approved",
      "title": "Đơn hàng đã được duyệt",
      "message": "Đơn hàng DH-MOGATE-001 của khách Sever Webmail đã được chấp thuận.",
      "link": "/orders/18",
      "is_read": true,
      "created_at": "2026-07-09T07:22:37.707Z"
    }
  },
  {
    "model": "notifications.notification",
    "pk": 92,
    "fields": {
      "company": 15,
      "recipient": [
        "giamdoc"
      ],
      "sender": [
        "ketoan1"
      ],
      "type": "order_new",
      "title": "Đơn hàng mới cần duyệt",
      "message": "Đơn hàng DHFUJI-20260709-001 của khách LE DINH TUYEN đang chờ duyệt.",
      "link": "/orders/19",
      "is_read": true,
      "created_at": "2026-07-09T07:29:40.570Z"
    }
  },
  {
    "model": "notifications.notification",
    "pk": 93,
    "fields": {
      "company": 15,
      "recipient": [
        "kinhdoanh1"
      ],
      "sender": [
        "ketoan1"
      ],
      "type": "order_new",
      "title": "Đơn hàng mới cần duyệt",
      "message": "Đơn hàng DHFUJI-20260709-001 của khách LE DINH TUYEN đang chờ duyệt.",
      "link": "/orders/19",
      "is_read": false,
      "created_at": "2026-07-09T07:29:40.634Z"
    }
  },
  {
    "model": "notifications.notification",
    "pk": 94,
    "fields": {
      "company": 15,
      "recipient": [
        "kinhdoanh2"
      ],
      "sender": [
        "ketoan1"
      ],
      "type": "order_new",
      "title": "Đơn hàng mới cần duyệt",
      "message": "Đơn hàng DHFUJI-20260709-001 của khách LE DINH TUYEN đang chờ duyệt.",
      "link": "/orders/19",
      "is_read": false,
      "created_at": "2026-07-09T07:29:40.641Z"
    }
  },
  {
    "model": "notifications.notification",
    "pk": 95,
    "fields": {
      "company": 15,
      "recipient": [
        "ketoan1"
      ],
      "sender": [
        "giamdoc"
      ],
      "type": "order_approved",
      "title": "Đơn hàng đã được duyệt",
      "message": "Đơn hàng DHFUJI-20260709-001 của khách LE DINH TUYEN đã được chấp thuận.",
      "link": "/orders/19",
      "is_read": true,
      "created_at": "2026-07-09T07:31:50.570Z"
    }
  },
  {
    "model": "notifications.notification",
    "pk": 96,
    "fields": {
      "company": 15,
      "recipient": [
        "kinhdoanh1"
      ],
      "sender": [
        "giamdoc"
      ],
      "type": "order_new",
      "title": "Đơn hàng mới cần duyệt",
      "message": "Đơn hàng DH-DOGATE-001 của khách Sever Webmail đang chờ duyệt.",
      "link": "/orders/20",
      "is_read": false,
      "created_at": "2026-07-09T07:42:01.587Z"
    }
  },
  {
    "model": "notifications.notification",
    "pk": 97,
    "fields": {
      "company": 15,
      "recipient": [
        "kinhdoanh2"
      ],
      "sender": [
        "giamdoc"
      ],
      "type": "order_new",
      "title": "Đơn hàng mới cần duyệt",
      "message": "Đơn hàng DH-DOGATE-001 của khách Sever Webmail đang chờ duyệt.",
      "link": "/orders/20",
      "is_read": false,
      "created_at": "2026-07-09T07:42:02.010Z"
    }
  },
  {
    "model": "notifications.notification",
    "pk": 98,
    "fields": {
      "company": 15,
      "recipient": [
        "giamdoc"
      ],
      "sender": [
        "giamdoc"
      ],
      "type": "order_approved",
      "title": "Đơn hàng đã được duyệt",
      "message": "Đơn hàng DH-DOGATE-001 của khách Sever Webmail đã được chấp thuận.",
      "link": "/orders/20",
      "is_read": true,
      "created_at": "2026-07-09T07:42:02.116Z"
    }
  },
  {
    "model": "notifications.notification",
    "pk": 99,
    "fields": {
      "company": 15,
      "recipient": [
        "kinhdoanh1"
      ],
      "sender": [
        "giamdoc"
      ],
      "type": "order_new",
      "title": "Đơn hàng mới cần duyệt",
      "message": "Đơn hàng DH-DOGATE-002 của khách Sever Webmail đang chờ duyệt.",
      "link": "/orders/21",
      "is_read": false,
      "created_at": "2026-07-09T07:43:49.241Z"
    }
  },
  {
    "model": "notifications.notification",
    "pk": 100,
    "fields": {
      "company": 15,
      "recipient": [
        "kinhdoanh2"
      ],
      "sender": [
        "giamdoc"
      ],
      "type": "order_new",
      "title": "Đơn hàng mới cần duyệt",
      "message": "Đơn hàng DH-DOGATE-002 của khách Sever Webmail đang chờ duyệt.",
      "link": "/orders/21",
      "is_read": false,
      "created_at": "2026-07-09T07:43:49.684Z"
    }
  },
  {
    "model": "notifications.notification",
    "pk": 101,
    "fields": {
      "company": 15,
      "recipient": [
        "giamdoc"
      ],
      "sender": [
        "giamdoc"
      ],
      "type": "order_approved",
      "title": "Đơn hàng đã được duyệt",
      "message": "Đơn hàng DH-DOGATE-002 của khách Sever Webmail đã được chấp thuận.",
      "link": "/orders/21",
      "is_read": true,
      "created_at": "2026-07-09T07:43:49.781Z"
    }
  },
  {
    "model": "notifications.notification",
    "pk": 102,
    "fields": {
      "company": 15,
      "recipient": [
        "kinhdoanh1"
      ],
      "sender": [
        "giamdoc"
      ],
      "type": "order_new",
      "title": "Đơn hàng mới cần duyệt",
      "message": "Đơn hàng DH-DOGATE-002 của khách Sever Webmail đang chờ duyệt.",
      "link": "/orders/22",
      "is_read": false,
      "created_at": "2026-07-09T07:44:13.892Z"
    }
  },
  {
    "model": "notifications.notification",
    "pk": 103,
    "fields": {
      "company": 15,
      "recipient": [
        "kinhdoanh2"
      ],
      "sender": [
        "giamdoc"
      ],
      "type": "order_new",
      "title": "Đơn hàng mới cần duyệt",
      "message": "Đơn hàng DH-DOGATE-002 của khách Sever Webmail đang chờ duyệt.",
      "link": "/orders/22",
      "is_read": false,
      "created_at": "2026-07-09T07:44:14.031Z"
    }
  },
  {
    "model": "notifications.notification",
    "pk": 104,
    "fields": {
      "company": 15,
      "recipient": [
        "giamdoc"
      ],
      "sender": [
        "giamdoc"
      ],
      "type": "order_approved",
      "title": "Đơn hàng đã được duyệt",
      "message": "Đơn hàng DH-DOGATE-002 của khách Sever Webmail đã được chấp thuận.",
      "link": "/orders/22",
      "is_read": true,
      "created_at": "2026-07-09T07:44:14.099Z"
    }
  },
  {
    "model": "notifications.notification",
    "pk": 105,
    "fields": {
      "company": 15,
      "recipient": [
        "giamdoc"
      ],
      "sender": [
        "giamdoc"
      ],
      "type": "approval",
      "title": "Yêu cầu Duyệt xuất kho nợ - DH-DOGATE-002 đã được duyệt",
      "message": "Giám đốc đã phê duyệt yêu cầu của bạn.",
      "link": "/approvals",
      "is_read": true,
      "created_at": "2026-07-09T07:45:09.240Z"
    }
  },
  {
    "model": "notifications.notification",
    "pk": 106,
    "fields": {
      "company": 15,
      "recipient": [
        "kinhdoanh1"
      ],
      "sender": [
        "giamdoc"
      ],
      "type": "order_new",
      "title": "Đơn hàng mới cần duyệt",
      "message": "Đơn hàng DH-DOGATE-TEST-3 của khách Sever Webmail đang chờ duyệt.",
      "link": "/orders/23",
      "is_read": false,
      "created_at": "2026-07-09T07:46:56.864Z"
    }
  },
  {
    "model": "notifications.notification",
    "pk": 107,
    "fields": {
      "company": 15,
      "recipient": [
        "kinhdoanh2"
      ],
      "sender": [
        "giamdoc"
      ],
      "type": "order_new",
      "title": "Đơn hàng mới cần duyệt",
      "message": "Đơn hàng DH-DOGATE-TEST-3 của khách Sever Webmail đang chờ duyệt.",
      "link": "/orders/23",
      "is_read": false,
      "created_at": "2026-07-09T07:46:57.029Z"
    }
  },
  {
    "model": "notifications.notification",
    "pk": 108,
    "fields": {
      "company": 15,
      "recipient": [
        "giamdoc"
      ],
      "sender": [
        "giamdoc"
      ],
      "type": "order_approved",
      "title": "Đơn hàng đã được duyệt",
      "message": "Đơn hàng DH-DOGATE-TEST-3 của khách Sever Webmail đã được chấp thuận.",
      "link": "/orders/23",
      "is_read": true,
      "created_at": "2026-07-09T07:46:57.078Z"
    }
  },
  {
    "model": "notifications.notification",
    "pk": 109,
    "fields": {
      "company": 15,
      "recipient": [
        "kinhdoanh1"
      ],
      "sender": [
        "giamdoc"
      ],
      "type": "order_new",
      "title": "Đơn hàng mới cần duyệt",
      "message": "Đơn hàng DHFUJI-20260709-001 của khách Sever Webmail đang chờ duyệt.",
      "link": "/orders/24",
      "is_read": false,
      "created_at": "2026-07-09T09:44:29.173Z"
    }
  },
  {
    "model": "notifications.notification",
    "pk": 110,
    "fields": {
      "company": 15,
      "recipient": [
        "kinhdoanh2"
      ],
      "sender": [
        "giamdoc"
      ],
      "type": "order_new",
      "title": "Đơn hàng mới cần duyệt",
      "message": "Đơn hàng DHFUJI-20260709-001 của khách Sever Webmail đang chờ duyệt.",
      "link": "/orders/24",
      "is_read": false,
      "created_at": "2026-07-09T09:44:29.408Z"
    }
  },
  {
    "model": "notifications.notification",
    "pk": 111,
    "fields": {
      "company": 15,
      "recipient": [
        "giamdoc"
      ],
      "sender": [
        "giamdoc"
      ],
      "type": "order_approved",
      "title": "Đơn hàng đã được duyệt",
      "message": "Đơn hàng DHFUJI-20260709-001 của khách Sever Webmail đã được chấp thuận.",
      "link": "/orders/24",
      "is_read": true,
      "created_at": "2026-07-09T09:44:42.420Z"
    }
  },
  {
    "model": "notifications.notification",
    "pk": 112,
    "fields": {
      "company": 15,
      "recipient": [
        "giamdoc"
      ],
      "sender": [
        "giamdoc"
      ],
      "type": "approval",
      "title": "Yêu cầu Duyệt xuất kho nợ - DHFUJI-20260709-001 bị từ chối",
      "message": "Giám đốc đã từ chối yêu cầu của bạn.",
      "link": "/approvals",
      "is_read": true,
      "created_at": "2026-07-09T09:47:12.297Z"
    }
  },
  {
    "model": "notifications.notification",
    "pk": 113,
    "fields": {
      "company": 15,
      "recipient": [
        "giamdoc"
      ],
      "sender": [
        "nvkinhdoanh1"
      ],
      "type": "approval",
      "title": "Yêu cầu duyệt báo giá FUJI-BG-20260710-001",
      "message": "NVKD 1 vừa trình duyệt báo giá FUJI-BG-20260710-001 cho khách hàng LE DINH TUYEN.",
      "link": "/approvals",
      "is_read": true,
      "created_at": "2026-07-10T04:33:01.579Z"
    }
  },
  {
    "model": "notifications.notification",
    "pk": 114,
    "fields": {
      "company": 15,
      "recipient": [
        "nvkinhdoanh1"
      ],
      "sender": [
        "giamdoc"
      ],
      "type": "approval",
      "title": "Yêu cầu Phê duyệt Báo giá FUJI-BG-20260710-001 đã được duyệt",
      "message": "Giám đốc đã phê duyệt yêu cầu của bạn.",
      "link": "/approvals",
      "is_read": true,
      "created_at": "2026-07-10T04:33:24.275Z"
    }
  },
  {
    "model": "notifications.notification",
    "pk": 115,
    "fields": {
      "company": 15,
      "recipient": [
        "giamdoc"
      ],
      "sender": [
        "nvkinhdoanh1"
      ],
      "type": "order_new",
      "title": "Đơn hàng mới cần duyệt",
      "message": "Đơn hàng FUJI-DH-20260710-001 của khách LE DINH TUYEN đang chờ duyệt.",
      "link": "/orders/25",
      "is_read": true,
      "created_at": "2026-07-10T04:34:45.638Z"
    }
  },
  {
    "model": "notifications.notification",
    "pk": 116,
    "fields": {
      "company": 15,
      "recipient": [
        "kinhdoanh1"
      ],
      "sender": [
        "nvkinhdoanh1"
      ],
      "type": "order_new",
      "title": "Đơn hàng mới cần duyệt",
      "message": "Đơn hàng FUJI-DH-20260710-001 của khách LE DINH TUYEN đang chờ duyệt.",
      "link": "/orders/25",
      "is_read": false,
      "created_at": "2026-07-10T04:34:45.647Z"
    }
  },
  {
    "model": "notifications.notification",
    "pk": 117,
    "fields": {
      "company": 15,
      "recipient": [
        "kinhdoanh2"
      ],
      "sender": [
        "nvkinhdoanh1"
      ],
      "type": "order_new",
      "title": "Đơn hàng mới cần duyệt",
      "message": "Đơn hàng FUJI-DH-20260710-001 của khách LE DINH TUYEN đang chờ duyệt.",
      "link": "/orders/25",
      "is_read": false,
      "created_at": "2026-07-10T04:34:45.656Z"
    }
  },
  {
    "model": "notifications.notification",
    "pk": 118,
    "fields": {
      "company": 15,
      "recipient": [
        "nvkinhdoanh1"
      ],
      "sender": [
        "giamdoc"
      ],
      "type": "order_approved",
      "title": "Đơn hàng đã được duyệt",
      "message": "Đơn hàng FUJI-DH-20260710-001 của khách LE DINH TUYEN đã được chấp thuận.",
      "link": "/orders/25",
      "is_read": true,
      "created_at": "2026-07-10T04:35:11.186Z"
    }
  },
  {
    "model": "notifications.notification",
    "pk": 119,
    "fields": {
      "company": 15,
      "recipient": [
        "nvkinhdoanh1"
      ],
      "sender": [
        "giamdoc"
      ],
      "type": "approval",
      "title": "Yêu cầu Phê duyệt Đơn hàng FUJI-DH-20260710-001 đã được duyệt",
      "message": "Giám đốc đã phê duyệt yêu cầu của bạn.",
      "link": "/approvals",
      "is_read": true,
      "created_at": "2026-07-10T04:35:11.226Z"
    }
  },
  {
    "model": "notifications.notification",
    "pk": 120,
    "fields": {
      "company": 15,
      "recipient": [
        "giamdoc"
      ],
      "sender": [
        "giamdoc"
      ],
      "type": "approval",
      "title": "Yêu cầu Duyệt xuất kho nợ - FUJI-DH-20260710-001 đã được duyệt",
      "message": "Giám đốc đã phê duyệt yêu cầu của bạn.",
      "link": "/approvals",
      "is_read": true,
      "created_at": "2026-07-10T05:05:05.513Z"
    }
  },
  {
    "model": "notifications.notification",
    "pk": 121,
    "fields": {
      "company": 15,
      "recipient": [
        "giamdoc"
      ],
      "sender": [
        "nvkinhdoanh1"
      ],
      "type": "approval",
      "title": "Yêu cầu duyệt báo giá FUJI-BG-20260710-002",
      "message": "NVKD 1 vừa trình duyệt báo giá FUJI-BG-20260710-002 cho khách hàng LE DINH TUYEN.",
      "link": "/approvals",
      "is_read": true,
      "created_at": "2026-07-10T05:19:20.085Z"
    }
  },
  {
    "model": "notifications.notification",
    "pk": 122,
    "fields": {
      "company": 15,
      "recipient": [
        "nvkinhdoanh1"
      ],
      "sender": [
        "giamdoc"
      ],
      "type": "approval",
      "title": "Yêu cầu Phê duyệt Báo giá FUJI-BG-20260710-002 đã được duyệt",
      "message": "Giám đốc đã phê duyệt yêu cầu của bạn.",
      "link": "/approvals",
      "is_read": true,
      "created_at": "2026-07-10T05:19:43.551Z"
    }
  },
  {
    "model": "notifications.notification",
    "pk": 123,
    "fields": {
      "company": 15,
      "recipient": [
        "giamdoc"
      ],
      "sender": [
        "nvkinhdoanh1"
      ],
      "type": "order_new",
      "title": "Đơn hàng mới cần duyệt",
      "message": "Đơn hàng FUJI-DH-20260710-002 của khách LE DINH TUYEN đang chờ duyệt.",
      "link": "/orders/26",
      "is_read": true,
      "created_at": "2026-07-10T05:20:14.696Z"
    }
  },
  {
    "model": "notifications.notification",
    "pk": 124,
    "fields": {
      "company": 15,
      "recipient": [
        "kinhdoanh1"
      ],
      "sender": [
        "nvkinhdoanh1"
      ],
      "type": "order_new",
      "title": "Đơn hàng mới cần duyệt",
      "message": "Đơn hàng FUJI-DH-20260710-002 của khách LE DINH TUYEN đang chờ duyệt.",
      "link": "/orders/26",
      "is_read": false,
      "created_at": "2026-07-10T05:20:14.705Z"
    }
  },
  {
    "model": "notifications.notification",
    "pk": 125,
    "fields": {
      "company": 15,
      "recipient": [
        "kinhdoanh2"
      ],
      "sender": [
        "nvkinhdoanh1"
      ],
      "type": "order_new",
      "title": "Đơn hàng mới cần duyệt",
      "message": "Đơn hàng FUJI-DH-20260710-002 của khách LE DINH TUYEN đang chờ duyệt.",
      "link": "/orders/26",
      "is_read": false,
      "created_at": "2026-07-10T05:20:14.712Z"
    }
  },
  {
    "model": "notifications.notification",
    "pk": 126,
    "fields": {
      "company": 15,
      "recipient": [
        "kinhdoanh1"
      ],
      "sender": [
        "giamdoc"
      ],
      "type": "order_new",
      "title": "Đơn hàng mới cần duyệt",
      "message": "Đơn hàng FUJI-DH-20260710-001 của khách LE DINH TUYEN đang chờ duyệt.",
      "link": "/orders/27",
      "is_read": false,
      "created_at": "2026-07-10T05:23:08.062Z"
    }
  },
  {
    "model": "notifications.notification",
    "pk": 127,
    "fields": {
      "company": 15,
      "recipient": [
        "kinhdoanh2"
      ],
      "sender": [
        "giamdoc"
      ],
      "type": "order_new",
      "title": "Đơn hàng mới cần duyệt",
      "message": "Đơn hàng FUJI-DH-20260710-001 của khách LE DINH TUYEN đang chờ duyệt.",
      "link": "/orders/27",
      "is_read": false,
      "created_at": "2026-07-10T05:23:08.070Z"
    }
  },
  {
    "model": "notifications.notification",
    "pk": 128,
    "fields": {
      "company": 15,
      "recipient": [
        "giamdoc"
      ],
      "sender": [
        "giamdoc"
      ],
      "type": "approval",
      "title": "Yêu cầu Duyệt xuất kho nợ - FUJI-DH-20260710-001 đã được duyệt",
      "message": "Giám đốc đã phê duyệt yêu cầu của bạn.",
      "link": "/approvals",
      "is_read": true,
      "created_at": "2026-07-10T05:26:58.090Z"
    }
  },
  {
    "model": "notifications.notification",
    "pk": 129,
    "fields": {
      "company": 15,
      "recipient": [
        "kinhdoanh1"
      ],
      "sender": [
        "giamdoc"
      ],
      "type": "order_new",
      "title": "Đơn hàng mới cần duyệt",
      "message": "Đơn hàng FUJI-DH-20260710-002 của khách Sever Webmail đang chờ duyệt.",
      "link": "/orders/28",
      "is_read": false,
      "created_at": "2026-07-10T09:45:22.684Z"
    }
  },
  {
    "model": "notifications.notification",
    "pk": 130,
    "fields": {
      "company": 15,
      "recipient": [
        "kinhdoanh2"
      ],
      "sender": [
        "giamdoc"
      ],
      "type": "order_new",
      "title": "Đơn hàng mới cần duyệt",
      "message": "Đơn hàng FUJI-DH-20260710-002 của khách Sever Webmail đang chờ duyệt.",
      "link": "/orders/28",
      "is_read": false,
      "created_at": "2026-07-10T09:45:23.216Z"
    }
  },
  {
    "model": "notifications.notification",
    "pk": 131,
    "fields": {
      "company": 15,
      "recipient": [
        "giamdoc"
      ],
      "sender": [
        "giamdoc"
      ],
      "type": "approval",
      "title": "Yêu cầu Duyệt xuất kho nợ - FUJI-DH-20260710-002 đã được duyệt",
      "message": "Giám đốc đã phê duyệt yêu cầu của bạn.",
      "link": "/approvals",
      "is_read": true,
      "created_at": "2026-07-10T10:09:17.666Z"
    }
  },
  {
    "model": "notifications.notification",
    "pk": 132,
    "fields": {
      "company": 15,
      "recipient": [
        "nvkinhdoanh1"
      ],
      "sender": null,
      "type": "crm_assigned",
      "title": "Bạn có khách hàng mới được phân công",
      "message": "Khách hàng Vũ Thị Huế (0988565777) đã được phân công cho bạn.",
      "link": "/customers/25",
      "is_read": true,
      "created_at": "2026-07-10T10:28:48.026Z"
    }
  },
  {
    "model": "notifications.notification",
    "pk": 133,
    "fields": {
      "company": 15,
      "recipient": [
        "giamdoc"
      ],
      "sender": [
        "nvkinhdoanh1"
      ],
      "type": "approval",
      "title": "Yêu cầu duyệt báo giá FUJI-BG-20260710-001",
      "message": "NVKD 1 vừa trình duyệt báo giá FUJI-BG-20260710-001 cho khách hàng Vũ Thị Huế.",
      "link": "/approvals",
      "is_read": true,
      "created_at": "2026-07-10T10:31:32.239Z"
    }
  },
  {
    "model": "notifications.notification",
    "pk": 134,
    "fields": {
      "company": 15,
      "recipient": [
        "nvkinhdoanh1"
      ],
      "sender": [
        "giamdoc"
      ],
      "type": "approval",
      "title": "Yêu cầu Phê duyệt Báo giá FUJI-BG-20260710-001 đã được duyệt",
      "message": "Giám đốc đã phê duyệt yêu cầu của bạn.",
      "link": "/approvals",
      "is_read": true,
      "created_at": "2026-07-10T10:31:42.715Z"
    }
  },
  {
    "model": "notifications.notification",
    "pk": 135,
    "fields": {
      "company": 15,
      "recipient": [
        "giamdoc"
      ],
      "sender": [
        "nvkinhdoanh1"
      ],
      "type": "order_new",
      "title": "Đơn hàng mới cần duyệt",
      "message": "Đơn hàng FUJI-DH-20260710-001 của khách Vũ Thị Huế đang chờ duyệt.",
      "link": "/orders/29",
      "is_read": true,
      "created_at": "2026-07-10T10:32:21.041Z"
    }
  },
  {
    "model": "notifications.notification",
    "pk": 136,
    "fields": {
      "company": 15,
      "recipient": [
        "kinhdoanh1"
      ],
      "sender": [
        "nvkinhdoanh1"
      ],
      "type": "order_new",
      "title": "Đơn hàng mới cần duyệt",
      "message": "Đơn hàng FUJI-DH-20260710-001 của khách Vũ Thị Huế đang chờ duyệt.",
      "link": "/orders/29",
      "is_read": false,
      "created_at": "2026-07-10T10:32:21.052Z"
    }
  },
  {
    "model": "notifications.notification",
    "pk": 137,
    "fields": {
      "company": 15,
      "recipient": [
        "kinhdoanh2"
      ],
      "sender": [
        "nvkinhdoanh1"
      ],
      "type": "order_new",
      "title": "Đơn hàng mới cần duyệt",
      "message": "Đơn hàng FUJI-DH-20260710-001 của khách Vũ Thị Huế đang chờ duyệt.",
      "link": "/orders/29",
      "is_read": false,
      "created_at": "2026-07-10T10:32:21.057Z"
    }
  },
  {
    "model": "notifications.notification",
    "pk": 138,
    "fields": {
      "company": 15,
      "recipient": [
        "nvkinhdoanh1"
      ],
      "sender": [
        "giamdoc"
      ],
      "type": "approval",
      "title": "Yêu cầu Phê duyệt Đơn hàng FUJI-DH-20260710-001 đã được duyệt",
      "message": "Giám đốc đã phê duyệt yêu cầu của bạn.",
      "link": "/approvals",
      "is_read": true,
      "created_at": "2026-07-10T10:35:28.968Z"
    }
  },
  {
    "model": "notifications.notification",
    "pk": 139,
    "fields": {
      "company": 15,
      "recipient": [
        "nvkinhdoanh1"
      ],
      "sender": [
        "giamdoc"
      ],
      "type": "approval",
      "title": "Yêu cầu Duyệt xuất kho nợ - FUJI-DH-20260710-001 đã được duyệt",
      "message": "Giám đốc đã phê duyệt yêu cầu của bạn.",
      "link": "/approvals",
      "is_read": true,
      "created_at": "2026-07-10T10:40:43.450Z"
    }
  },
  {
    "model": "notifications.notification",
    "pk": 140,
    "fields": {
      "company": 15,
      "recipient": [
        "nvkinhdoanh1"
      ],
      "sender": [
        "giamdoc"
      ],
      "type": "approval",
      "title": "Yêu cầu Duyệt xuất kho nợ - FUJI-DH-20260710-001 bị từ chối",
      "message": "Giám đốc đã từ chối yêu cầu của bạn.",
      "link": "/approvals",
      "is_read": true,
      "created_at": "2026-07-10T10:40:47.079Z"
    }
  },
  {
    "model": "notifications.notification",
    "pk": 172,
    "fields": {
      "company": 15,
      "recipient": [
        "nvkinhdoanh1"
      ],
      "sender": null,
      "type": "crm_assigned",
      "title": "Bạn có khách hàng mới được phân công",
      "message": "Khách hàng LE DINH TUYEN (0989198265) đã được phân công cho bạn.",
      "link": "/customers/26",
      "is_read": true,
      "created_at": "2026-07-11T01:38:29.156Z"
    }
  },
  {
    "model": "notifications.notification",
    "pk": 173,
    "fields": {
      "company": 15,
      "recipient": [
        "giamdoc"
      ],
      "sender": [
        "nvkinhdoanh1"
      ],
      "type": "approval",
      "title": "Yêu cầu duyệt báo giá FUJI-BG-20260711-001",
      "message": "NVKD 1 vừa trình duyệt báo giá FUJI-BG-20260711-001 cho khách hàng LE DINH TUYEN.",
      "link": "/approvals",
      "is_read": true,
      "created_at": "2026-07-11T01:42:35.562Z"
    }
  },
  {
    "model": "notifications.notification",
    "pk": 174,
    "fields": {
      "company": 15,
      "recipient": [
        "nvkinhdoanh1"
      ],
      "sender": [
        "giamdoc"
      ],
      "type": "approval",
      "title": "Yêu cầu Phê duyệt Báo giá FUJI-BG-20260711-001 đã được duyệt",
      "message": "Giám đốc đã phê duyệt yêu cầu của bạn.",
      "link": "/approvals",
      "is_read": true,
      "created_at": "2026-07-11T01:42:40.299Z"
    }
  },
  {
    "model": "notifications.notification",
    "pk": 175,
    "fields": {
      "company": 15,
      "recipient": [
        "giamdoc"
      ],
      "sender": [
        "nvkinhdoanh1"
      ],
      "type": "order_new",
      "title": "Đơn hàng mới cần duyệt",
      "message": "Đơn hàng FUJI-DH-20260711-001 của khách LE DINH TUYEN đang chờ duyệt.",
      "link": "/orders/30",
      "is_read": true,
      "created_at": "2026-07-11T01:43:22.759Z"
    }
  },
  {
    "model": "notifications.notification",
    "pk": 176,
    "fields": {
      "company": 15,
      "recipient": [
        "kinhdoanh1"
      ],
      "sender": [
        "nvkinhdoanh1"
      ],
      "type": "order_new",
      "title": "Đơn hàng mới cần duyệt",
      "message": "Đơn hàng FUJI-DH-20260711-001 của khách LE DINH TUYEN đang chờ duyệt.",
      "link": "/orders/30",
      "is_read": false,
      "created_at": "2026-07-11T01:43:22.768Z"
    }
  },
  {
    "model": "notifications.notification",
    "pk": 177,
    "fields": {
      "company": 15,
      "recipient": [
        "kinhdoanh2"
      ],
      "sender": [
        "nvkinhdoanh1"
      ],
      "type": "order_new",
      "title": "Đơn hàng mới cần duyệt",
      "message": "Đơn hàng FUJI-DH-20260711-001 của khách LE DINH TUYEN đang chờ duyệt.",
      "link": "/orders/30",
      "is_read": false,
      "created_at": "2026-07-11T01:43:22.778Z"
    }
  },
  {
    "model": "notifications.notification",
    "pk": 178,
    "fields": {
      "company": 15,
      "recipient": [
        "nvkinhdoanh1"
      ],
      "sender": [
        "giamdoc"
      ],
      "type": "order_rejected",
      "title": "Đơn hàng bị từ chối",
      "message": "Đơn hàng FUJI-DH-20260711-001 của khách LE DINH TUYEN đã bị từ chối.",
      "link": "/orders/30",
      "is_read": true,
      "created_at": "2026-07-11T01:43:39.133Z"
    }
  },
  {
    "model": "notifications.notification",
    "pk": 179,
    "fields": {
      "company": 15,
      "recipient": [
        "nvkinhdoanh1"
      ],
      "sender": [
        "giamdoc"
      ],
      "type": "approval",
      "title": "Yêu cầu Phê duyệt Đơn hàng FUJI-DH-20260711-001 bị từ chối",
      "message": "Giám đốc đã từ chối yêu cầu của bạn.",
      "link": "/approvals",
      "is_read": true,
      "created_at": "2026-07-11T01:43:39.164Z"
    }
  },
  {
    "model": "notifications.notification",
    "pk": 180,
    "fields": {
      "company": 15,
      "recipient": [
        "giamdoc"
      ],
      "sender": [
        "nvkinhdoanh1"
      ],
      "type": "order_new",
      "title": "Đơn hàng mới cần duyệt",
      "message": "Đơn hàng FUJI-DH-20260711-002 của khách LE DINH TUYEN đang chờ duyệt.",
      "link": "/orders/31",
      "is_read": true,
      "created_at": "2026-07-11T01:46:25.841Z"
    }
  },
  {
    "model": "notifications.notification",
    "pk": 181,
    "fields": {
      "company": 15,
      "recipient": [
        "kinhdoanh1"
      ],
      "sender": [
        "nvkinhdoanh1"
      ],
      "type": "order_new",
      "title": "Đơn hàng mới cần duyệt",
      "message": "Đơn hàng FUJI-DH-20260711-002 của khách LE DINH TUYEN đang chờ duyệt.",
      "link": "/orders/31",
      "is_read": false,
      "created_at": "2026-07-11T01:46:25.860Z"
    }
  },
  {
    "model": "notifications.notification",
    "pk": 182,
    "fields": {
      "company": 15,
      "recipient": [
        "kinhdoanh2"
      ],
      "sender": [
        "nvkinhdoanh1"
      ],
      "type": "order_new",
      "title": "Đơn hàng mới cần duyệt",
      "message": "Đơn hàng FUJI-DH-20260711-002 của khách LE DINH TUYEN đang chờ duyệt.",
      "link": "/orders/31",
      "is_read": false,
      "created_at": "2026-07-11T01:46:25.867Z"
    }
  },
  {
    "model": "notifications.notification",
    "pk": 183,
    "fields": {
      "company": 15,
      "recipient": [
        "giamdoc"
      ],
      "sender": [
        "nvkinhdoanh1"
      ],
      "type": "order_new",
      "title": "Đơn hàng mới cần duyệt",
      "message": "Đơn hàng FUJI-DH-20260711-003 của khách LE DINH TUYEN đang chờ duyệt.",
      "link": "/orders/32",
      "is_read": true,
      "created_at": "2026-07-11T01:50:29.035Z"
    }
  },
  {
    "model": "notifications.notification",
    "pk": 184,
    "fields": {
      "company": 15,
      "recipient": [
        "kinhdoanh1"
      ],
      "sender": [
        "nvkinhdoanh1"
      ],
      "type": "order_new",
      "title": "Đơn hàng mới cần duyệt",
      "message": "Đơn hàng FUJI-DH-20260711-003 của khách LE DINH TUYEN đang chờ duyệt.",
      "link": "/orders/32",
      "is_read": false,
      "created_at": "2026-07-11T01:50:29.077Z"
    }
  },
  {
    "model": "notifications.notification",
    "pk": 185,
    "fields": {
      "company": 15,
      "recipient": [
        "kinhdoanh2"
      ],
      "sender": [
        "nvkinhdoanh1"
      ],
      "type": "order_new",
      "title": "Đơn hàng mới cần duyệt",
      "message": "Đơn hàng FUJI-DH-20260711-003 của khách LE DINH TUYEN đang chờ duyệt.",
      "link": "/orders/32",
      "is_read": false,
      "created_at": "2026-07-11T01:50:29.108Z"
    }
  },
  {
    "model": "notifications.notification",
    "pk": 186,
    "fields": {
      "company": 15,
      "recipient": [
        "giamdoc"
      ],
      "sender": [
        "nvkinhdoanh1"
      ],
      "type": "order_new",
      "title": "Đơn hàng mới cần duyệt",
      "message": "Đơn hàng FUJI-DH-20260711-004 của khách LE DINH TUYEN đang chờ duyệt.",
      "link": "/orders/33",
      "is_read": true,
      "created_at": "2026-07-11T01:50:46.805Z"
    }
  },
  {
    "model": "notifications.notification",
    "pk": 187,
    "fields": {
      "company": 15,
      "recipient": [
        "kinhdoanh1"
      ],
      "sender": [
        "nvkinhdoanh1"
      ],
      "type": "order_new",
      "title": "Đơn hàng mới cần duyệt",
      "message": "Đơn hàng FUJI-DH-20260711-004 của khách LE DINH TUYEN đang chờ duyệt.",
      "link": "/orders/33",
      "is_read": false,
      "created_at": "2026-07-11T01:50:46.859Z"
    }
  },
  {
    "model": "notifications.notification",
    "pk": 188,
    "fields": {
      "company": 15,
      "recipient": [
        "kinhdoanh2"
      ],
      "sender": [
        "nvkinhdoanh1"
      ],
      "type": "order_new",
      "title": "Đơn hàng mới cần duyệt",
      "message": "Đơn hàng FUJI-DH-20260711-004 của khách LE DINH TUYEN đang chờ duyệt.",
      "link": "/orders/33",
      "is_read": false,
      "created_at": "2026-07-11T01:50:46.884Z"
    }
  },
  {
    "model": "notifications.notification",
    "pk": 189,
    "fields": {
      "company": 15,
      "recipient": [
        "giamdoc"
      ],
      "sender": [
        "nvkinhdoanh1"
      ],
      "type": "order_new",
      "title": "Đơn hàng mới cần duyệt",
      "message": "Đơn hàng FUJI-DH-20260711-003 của khách Vũ Thị Huế đang chờ duyệt.",
      "link": "/orders/34",
      "is_read": true,
      "created_at": "2026-07-11T01:54:23.770Z"
    }
  },
  {
    "model": "notifications.notification",
    "pk": 190,
    "fields": {
      "company": 15,
      "recipient": [
        "kinhdoanh1"
      ],
      "sender": [
        "nvkinhdoanh1"
      ],
      "type": "order_new",
      "title": "Đơn hàng mới cần duyệt",
      "message": "Đơn hàng FUJI-DH-20260711-003 của khách Vũ Thị Huế đang chờ duyệt.",
      "link": "/orders/34",
      "is_read": false,
      "created_at": "2026-07-11T01:54:24.097Z"
    }
  },
  {
    "model": "notifications.notification",
    "pk": 191,
    "fields": {
      "company": 15,
      "recipient": [
        "kinhdoanh2"
      ],
      "sender": [
        "nvkinhdoanh1"
      ],
      "type": "order_new",
      "title": "Đơn hàng mới cần duyệt",
      "message": "Đơn hàng FUJI-DH-20260711-003 của khách Vũ Thị Huế đang chờ duyệt.",
      "link": "/orders/34",
      "is_read": false,
      "created_at": "2026-07-11T01:54:24.150Z"
    }
  },
  {
    "model": "notifications.notification",
    "pk": 192,
    "fields": {
      "company": 15,
      "recipient": [
        "giamdoc"
      ],
      "sender": [
        "nvkinhdoanh1"
      ],
      "type": "order_new",
      "title": "Đơn hàng mới cần duyệt",
      "message": "Đơn hàng FUJI-DH-20260711-004 của khách Vũ Thị Huế đang chờ duyệt.",
      "link": "/orders/35",
      "is_read": true,
      "created_at": "2026-07-11T01:54:29.369Z"
    }
  },
  {
    "model": "notifications.notification",
    "pk": 193,
    "fields": {
      "company": 15,
      "recipient": [
        "kinhdoanh1"
      ],
      "sender": [
        "nvkinhdoanh1"
      ],
      "type": "order_new",
      "title": "Đơn hàng mới cần duyệt",
      "message": "Đơn hàng FUJI-DH-20260711-004 của khách Vũ Thị Huế đang chờ duyệt.",
      "link": "/orders/35",
      "is_read": false,
      "created_at": "2026-07-11T01:54:29.398Z"
    }
  },
  {
    "model": "notifications.notification",
    "pk": 194,
    "fields": {
      "company": 15,
      "recipient": [
        "kinhdoanh2"
      ],
      "sender": [
        "nvkinhdoanh1"
      ],
      "type": "order_new",
      "title": "Đơn hàng mới cần duyệt",
      "message": "Đơn hàng FUJI-DH-20260711-004 của khách Vũ Thị Huế đang chờ duyệt.",
      "link": "/orders/35",
      "is_read": false,
      "created_at": "2026-07-11T01:54:29.421Z"
    }
  },
  {
    "model": "notifications.notification",
    "pk": 195,
    "fields": {
      "company": 15,
      "recipient": [
        "giamdoc"
      ],
      "sender": [
        "nvkinhdoanh1"
      ],
      "type": "order_new",
      "title": "Đơn hàng mới cần duyệt",
      "message": "Đơn hàng FUJI-DH-20260711-005 của khách Vũ Thị Huế đang chờ duyệt.",
      "link": "/orders/36",
      "is_read": true,
      "created_at": "2026-07-11T01:55:27.024Z"
    }
  },
  {
    "model": "notifications.notification",
    "pk": 196,
    "fields": {
      "company": 15,
      "recipient": [
        "kinhdoanh1"
      ],
      "sender": [
        "nvkinhdoanh1"
      ],
      "type": "order_new",
      "title": "Đơn hàng mới cần duyệt",
      "message": "Đơn hàng FUJI-DH-20260711-005 của khách Vũ Thị Huế đang chờ duyệt.",
      "link": "/orders/36",
      "is_read": false,
      "created_at": "2026-07-11T01:55:27.068Z"
    }
  },
  {
    "model": "notifications.notification",
    "pk": 197,
    "fields": {
      "company": 15,
      "recipient": [
        "kinhdoanh2"
      ],
      "sender": [
        "nvkinhdoanh1"
      ],
      "type": "order_new",
      "title": "Đơn hàng mới cần duyệt",
      "message": "Đơn hàng FUJI-DH-20260711-005 của khách Vũ Thị Huế đang chờ duyệt.",
      "link": "/orders/36",
      "is_read": false,
      "created_at": "2026-07-11T01:55:27.099Z"
    }
  },
  {
    "model": "notifications.notification",
    "pk": 198,
    "fields": {
      "company": 15,
      "recipient": [
        "giamdoc"
      ],
      "sender": [
        "nvkinhdoanh1"
      ],
      "type": "order_new",
      "title": "Đơn hàng mới cần duyệt",
      "message": "Đơn hàng FUJI-DH-20260711-003 của khách Vũ Thị Huế đang chờ duyệt.",
      "link": "/orders/37",
      "is_read": true,
      "created_at": "2026-07-11T01:59:06.986Z"
    }
  },
  {
    "model": "notifications.notification",
    "pk": 199,
    "fields": {
      "company": 15,
      "recipient": [
        "kinhdoanh1"
      ],
      "sender": [
        "nvkinhdoanh1"
      ],
      "type": "order_new",
      "title": "Đơn hàng mới cần duyệt",
      "message": "Đơn hàng FUJI-DH-20260711-003 của khách Vũ Thị Huế đang chờ duyệt.",
      "link": "/orders/37",
      "is_read": false,
      "created_at": "2026-07-11T01:59:07.287Z"
    }
  },
  {
    "model": "notifications.notification",
    "pk": 200,
    "fields": {
      "company": 15,
      "recipient": [
        "kinhdoanh2"
      ],
      "sender": [
        "nvkinhdoanh1"
      ],
      "type": "order_new",
      "title": "Đơn hàng mới cần duyệt",
      "message": "Đơn hàng FUJI-DH-20260711-003 của khách Vũ Thị Huế đang chờ duyệt.",
      "link": "/orders/37",
      "is_read": false,
      "created_at": "2026-07-11T01:59:07.315Z"
    }
  },
  {
    "model": "notifications.notification",
    "pk": 201,
    "fields": {
      "company": 15,
      "recipient": [
        "nvkinhdoanh1"
      ],
      "sender": [
        "giamdoc"
      ],
      "type": "order_rejected",
      "title": "Đơn hàng bị từ chối",
      "message": "Đơn hàng FUJI-DH-20260711-003 của khách Vũ Thị Huế đã bị từ chối.",
      "link": "/orders/37",
      "is_read": true,
      "created_at": "2026-07-11T01:59:23.410Z"
    }
  },
  {
    "model": "notifications.notification",
    "pk": 202,
    "fields": {
      "company": 15,
      "recipient": [
        "nvkinhdoanh1"
      ],
      "sender": [
        "giamdoc"
      ],
      "type": "approval",
      "title": "Yêu cầu Phê duyệt Đơn hàng FUJI-DH-20260711-003 bị từ chối",
      "message": "Giám đốc đã từ chối yêu cầu của bạn.",
      "link": "/approvals",
      "is_read": true,
      "created_at": "2026-07-11T01:59:23.437Z"
    }
  },
  {
    "model": "notifications.notification",
    "pk": 203,
    "fields": {
      "company": 15,
      "recipient": [
        "giamdoc"
      ],
      "sender": [
        "nvkinhdoanh1"
      ],
      "type": "order_new",
      "title": "Đơn hàng mới cần duyệt",
      "message": "Đơn hàng FUJI-DH-20260711-001 của khách Vũ Thị Huế đang chờ duyệt.",
      "link": "/orders/38",
      "is_read": true,
      "created_at": "2026-07-11T02:09:02.048Z"
    }
  },
  {
    "model": "notifications.notification",
    "pk": 204,
    "fields": {
      "company": 15,
      "recipient": [
        "kinhdoanh1"
      ],
      "sender": [
        "nvkinhdoanh1"
      ],
      "type": "order_new",
      "title": "Đơn hàng mới cần duyệt",
      "message": "Đơn hàng FUJI-DH-20260711-001 của khách Vũ Thị Huế đang chờ duyệt.",
      "link": "/orders/38",
      "is_read": false,
      "created_at": "2026-07-11T02:09:02.333Z"
    }
  },
  {
    "model": "notifications.notification",
    "pk": 205,
    "fields": {
      "company": 15,
      "recipient": [
        "kinhdoanh2"
      ],
      "sender": [
        "nvkinhdoanh1"
      ],
      "type": "order_new",
      "title": "Đơn hàng mới cần duyệt",
      "message": "Đơn hàng FUJI-DH-20260711-001 của khách Vũ Thị Huế đang chờ duyệt.",
      "link": "/orders/38",
      "is_read": false,
      "created_at": "2026-07-11T02:09:02.362Z"
    }
  },
  {
    "model": "notifications.notification",
    "pk": 206,
    "fields": {
      "company": 15,
      "recipient": [
        "nvkinhdoanh1"
      ],
      "sender": [
        "giamdoc"
      ],
      "type": "order_rejected",
      "title": "Đơn hàng bị từ chối",
      "message": "Đơn hàng FUJI-DH-20260711-001 của khách Vũ Thị Huế đã bị từ chối.",
      "link": "/orders/38",
      "is_read": true,
      "created_at": "2026-07-11T02:09:31.775Z"
    }
  },
  {
    "model": "notifications.notification",
    "pk": 207,
    "fields": {
      "company": 15,
      "recipient": [
        "nvkinhdoanh1"
      ],
      "sender": [
        "giamdoc"
      ],
      "type": "approval",
      "title": "Yêu cầu Phê duyệt Đơn hàng FUJI-DH-20260711-001 bị từ chối",
      "message": "Giám đốc đã từ chối yêu cầu của bạn.",
      "link": "/approvals",
      "is_read": true,
      "created_at": "2026-07-11T02:09:31.807Z"
    }
  },
  {
    "model": "notifications.notification",
    "pk": 208,
    "fields": {
      "company": 15,
      "recipient": [
        "nvkinhdoanh1"
      ],
      "sender": [
        "giamdoc"
      ],
      "type": "approval",
      "title": "Yêu cầu Phê duyệt lại Đơn hàng FUJI-DH-20260711-001 đã được duyệt",
      "message": "Giám đốc đã phê duyệt yêu cầu của bạn.",
      "link": "/approvals",
      "is_read": true,
      "created_at": "2026-07-11T02:09:56.676Z"
    }
  },
  {
    "model": "notifications.notification",
    "pk": 209,
    "fields": {
      "company": 15,
      "recipient": [
        "giamdoc"
      ],
      "sender": [
        "nvkinhdoanh1"
      ],
      "type": "order_new",
      "title": "Đơn hàng mới cần duyệt",
      "message": "Đơn hàng FUJI-DH-20260711-001 của khách LE DINH TUYEN đang chờ duyệt.",
      "link": "/orders/39",
      "is_read": true,
      "created_at": "2026-07-11T02:16:19.816Z"
    }
  },
  {
    "model": "notifications.notification",
    "pk": 210,
    "fields": {
      "company": 15,
      "recipient": [
        "kinhdoanh1"
      ],
      "sender": [
        "nvkinhdoanh1"
      ],
      "type": "order_new",
      "title": "Đơn hàng mới cần duyệt",
      "message": "Đơn hàng FUJI-DH-20260711-001 của khách LE DINH TUYEN đang chờ duyệt.",
      "link": "/orders/39",
      "is_read": false,
      "created_at": "2026-07-11T02:16:19.837Z"
    }
  },
  {
    "model": "notifications.notification",
    "pk": 211,
    "fields": {
      "company": 15,
      "recipient": [
        "kinhdoanh2"
      ],
      "sender": [
        "nvkinhdoanh1"
      ],
      "type": "order_new",
      "title": "Đơn hàng mới cần duyệt",
      "message": "Đơn hàng FUJI-DH-20260711-001 của khách LE DINH TUYEN đang chờ duyệt.",
      "link": "/orders/39",
      "is_read": false,
      "created_at": "2026-07-11T02:16:19.845Z"
    }
  },
  {
    "model": "notifications.notification",
    "pk": 212,
    "fields": {
      "company": 15,
      "recipient": [
        "nvkinhdoanh1"
      ],
      "sender": [
        "giamdoc"
      ],
      "type": "order_rejected",
      "title": "Đơn hàng bị từ chối",
      "message": "Đơn hàng FUJI-DH-20260711-001 của khách LE DINH TUYEN đã bị từ chối.",
      "link": "/orders/39",
      "is_read": true,
      "created_at": "2026-07-11T02:16:41.043Z"
    }
  },
  {
    "model": "notifications.notification",
    "pk": 213,
    "fields": {
      "company": 15,
      "recipient": [
        "nvkinhdoanh1"
      ],
      "sender": [
        "giamdoc"
      ],
      "type": "approval",
      "title": "Yêu cầu Phê duyệt Đơn hàng FUJI-DH-20260711-001 bị từ chối",
      "message": "Giám đốc đã từ chối yêu cầu của bạn.",
      "link": "/approvals",
      "is_read": true,
      "created_at": "2026-07-11T02:16:41.069Z"
    }
  },
  {
    "model": "notifications.notification",
    "pk": 214,
    "fields": {
      "company": 15,
      "recipient": [
        "giamdoc"
      ],
      "sender": [
        "nvkinhdoanh1"
      ],
      "type": "order_new",
      "title": "Đơn hàng mới cần duyệt",
      "message": "Đơn hàng FUJI-DH-20260711-002 của khách LE DINH TUYEN đang chờ duyệt.",
      "link": "/orders/40",
      "is_read": true,
      "created_at": "2026-07-11T02:18:05.505Z"
    }
  },
  {
    "model": "notifications.notification",
    "pk": 215,
    "fields": {
      "company": 15,
      "recipient": [
        "kinhdoanh1"
      ],
      "sender": [
        "nvkinhdoanh1"
      ],
      "type": "order_new",
      "title": "Đơn hàng mới cần duyệt",
      "message": "Đơn hàng FUJI-DH-20260711-002 của khách LE DINH TUYEN đang chờ duyệt.",
      "link": "/orders/40",
      "is_read": false,
      "created_at": "2026-07-11T02:18:05.517Z"
    }
  },
  {
    "model": "notifications.notification",
    "pk": 216,
    "fields": {
      "company": 15,
      "recipient": [
        "kinhdoanh2"
      ],
      "sender": [
        "nvkinhdoanh1"
      ],
      "type": "order_new",
      "title": "Đơn hàng mới cần duyệt",
      "message": "Đơn hàng FUJI-DH-20260711-002 của khách LE DINH TUYEN đang chờ duyệt.",
      "link": "/orders/40",
      "is_read": false,
      "created_at": "2026-07-11T02:18:05.526Z"
    }
  },
  {
    "model": "notifications.notification",
    "pk": 217,
    "fields": {
      "company": 15,
      "recipient": [
        "giamdoc"
      ],
      "sender": [
        "nvkinhdoanh1"
      ],
      "type": "approval",
      "title": "Yêu cầu duyệt báo giá FUJI-BG-20260711-002",
      "message": "NVKD 1 vừa trình duyệt báo giá FUJI-BG-20260711-002 cho khách hàng Vũ Thị Huế.",
      "link": "/approvals",
      "is_read": true,
      "created_at": "2026-07-11T02:21:06.891Z"
    }
  },
  {
    "model": "notifications.notification",
    "pk": 218,
    "fields": {
      "company": 15,
      "recipient": [
        "nvkinhdoanh1"
      ],
      "sender": [
        "giamdoc"
      ],
      "type": "approval",
      "title": "Yêu cầu Phê duyệt Báo giá FUJI-BG-20260711-002 bị từ chối",
      "message": "Giám đốc đã từ chối yêu cầu của bạn.",
      "link": "/approvals",
      "is_read": true,
      "created_at": "2026-07-11T02:21:13.379Z"
    }
  },
  {
    "model": "notifications.notification",
    "pk": 219,
    "fields": {
      "company": 15,
      "recipient": [
        "giamdoc"
      ],
      "sender": [
        "nvkinhdoanh1"
      ],
      "type": "approval",
      "title": "Yêu cầu duyệt báo giá FUJI-BG-20260711-002",
      "message": "NVKD 1 vừa trình duyệt báo giá FUJI-BG-20260711-002 cho khách hàng Vũ Thị Huế.",
      "link": "/approvals",
      "is_read": true,
      "created_at": "2026-07-11T02:21:40.103Z"
    }
  },
  {
    "model": "notifications.notification",
    "pk": 220,
    "fields": {
      "company": 15,
      "recipient": [
        "nvkinhdoanh1"
      ],
      "sender": [
        "giamdoc"
      ],
      "type": "approval",
      "title": "Yêu cầu Phê duyệt Báo giá FUJI-BG-20260711-002 đã được duyệt",
      "message": "Giám đốc đã phê duyệt yêu cầu của bạn.",
      "link": "/approvals",
      "is_read": true,
      "created_at": "2026-07-11T02:21:46.001Z"
    }
  },
  {
    "model": "notifications.notification",
    "pk": 221,
    "fields": {
      "company": 15,
      "recipient": [
        "giamdoc"
      ],
      "sender": [
        "nvkinhdoanh1"
      ],
      "type": "approval",
      "title": "Yêu cầu duyệt báo giá FUJI-BG-20260711-003",
      "message": "NVKD 1 vừa trình duyệt báo giá FUJI-BG-20260711-003 cho khách hàng LE DINH TUYEN.",
      "link": "/approvals",
      "is_read": true,
      "created_at": "2026-07-11T02:24:19.910Z"
    }
  },
  {
    "model": "notifications.notification",
    "pk": 222,
    "fields": {
      "company": 15,
      "recipient": [
        "nvkinhdoanh1"
      ],
      "sender": [
        "giamdoc"
      ],
      "type": "approval",
      "title": "Yêu cầu Phê duyệt Báo giá FUJI-BG-20260711-003 bị từ chối",
      "message": "Giám đốc đã từ chối yêu cầu của bạn.",
      "link": "/approvals",
      "is_read": true,
      "created_at": "2026-07-11T02:24:39.597Z"
    }
  },
  {
    "model": "notifications.notification",
    "pk": 223,
    "fields": {
      "company": 15,
      "recipient": [
        "giamdoc"
      ],
      "sender": [
        "nvkinhdoanh1"
      ],
      "type": "order_new",
      "title": "Đơn hàng mới cần duyệt",
      "message": "Đơn hàng FUJI-DH-20260711-003 của khách Vũ Thị Huế đang chờ duyệt.",
      "link": "/orders/41",
      "is_read": true,
      "created_at": "2026-07-11T02:25:16.122Z"
    }
  },
  {
    "model": "notifications.notification",
    "pk": 224,
    "fields": {
      "company": 15,
      "recipient": [
        "kinhdoanh1"
      ],
      "sender": [
        "nvkinhdoanh1"
      ],
      "type": "order_new",
      "title": "Đơn hàng mới cần duyệt",
      "message": "Đơn hàng FUJI-DH-20260711-003 của khách Vũ Thị Huế đang chờ duyệt.",
      "link": "/orders/41",
      "is_read": false,
      "created_at": "2026-07-11T02:25:16.129Z"
    }
  },
  {
    "model": "notifications.notification",
    "pk": 225,
    "fields": {
      "company": 15,
      "recipient": [
        "kinhdoanh2"
      ],
      "sender": [
        "nvkinhdoanh1"
      ],
      "type": "order_new",
      "title": "Đơn hàng mới cần duyệt",
      "message": "Đơn hàng FUJI-DH-20260711-003 của khách Vũ Thị Huế đang chờ duyệt.",
      "link": "/orders/41",
      "is_read": false,
      "created_at": "2026-07-11T02:25:16.136Z"
    }
  },
  {
    "model": "notifications.notification",
    "pk": 226,
    "fields": {
      "company": 15,
      "recipient": [
        "nvkinhdoanh1"
      ],
      "sender": [
        "giamdoc"
      ],
      "type": "order_rejected",
      "title": "Đơn hàng bị từ chối",
      "message": "Đơn hàng FUJI-DH-20260711-003 của khách Vũ Thị Huế đã bị từ chối.",
      "link": "/orders/41",
      "is_read": true,
      "created_at": "2026-07-11T02:25:46.481Z"
    }
  },
  {
    "model": "notifications.notification",
    "pk": 227,
    "fields": {
      "company": 15,
      "recipient": [
        "nvkinhdoanh1"
      ],
      "sender": [
        "giamdoc"
      ],
      "type": "approval",
      "title": "Yêu cầu Phê duyệt Đơn hàng FUJI-DH-20260711-003 bị từ chối",
      "message": "Giám đốc đã từ chối yêu cầu của bạn.",
      "link": "/approvals",
      "is_read": true,
      "created_at": "2026-07-11T02:25:46.509Z"
    }
  },
  {
    "model": "notifications.notification",
    "pk": 228,
    "fields": {
      "company": 15,
      "recipient": [
        "giamdoc"
      ],
      "sender": [
        "nvkinhdoanh1"
      ],
      "type": "order_new",
      "title": "Đơn hàng mới cần duyệt",
      "message": "Đơn hàng FUJI-DH-20260711-004 của khách Vũ Thị Huế đang chờ duyệt.",
      "link": "/orders/42",
      "is_read": true,
      "created_at": "2026-07-11T02:28:57.374Z"
    }
  },
  {
    "model": "notifications.notification",
    "pk": 229,
    "fields": {
      "company": 15,
      "recipient": [
        "kinhdoanh1"
      ],
      "sender": [
        "nvkinhdoanh1"
      ],
      "type": "order_new",
      "title": "Đơn hàng mới cần duyệt",
      "message": "Đơn hàng FUJI-DH-20260711-004 của khách Vũ Thị Huế đang chờ duyệt.",
      "link": "/orders/42",
      "is_read": false,
      "created_at": "2026-07-11T02:28:57.411Z"
    }
  },
  {
    "model": "notifications.notification",
    "pk": 230,
    "fields": {
      "company": 15,
      "recipient": [
        "kinhdoanh2"
      ],
      "sender": [
        "nvkinhdoanh1"
      ],
      "type": "order_new",
      "title": "Đơn hàng mới cần duyệt",
      "message": "Đơn hàng FUJI-DH-20260711-004 của khách Vũ Thị Huế đang chờ duyệt.",
      "link": "/orders/42",
      "is_read": false,
      "created_at": "2026-07-11T02:28:57.418Z"
    }
  },
  {
    "model": "notifications.notification",
    "pk": 231,
    "fields": {
      "company": 15,
      "recipient": [
        "nvkinhdoanh1"
      ],
      "sender": [
        "giamdoc"
      ],
      "type": "order_rejected",
      "title": "Đơn hàng bị từ chối",
      "message": "Đơn hàng FUJI-DH-20260711-004 của khách Vũ Thị Huế đã bị từ chối.",
      "link": "/orders/42",
      "is_read": true,
      "created_at": "2026-07-11T02:30:19.116Z"
    }
  },
  {
    "model": "notifications.notification",
    "pk": 232,
    "fields": {
      "company": 15,
      "recipient": [
        "nvkinhdoanh1"
      ],
      "sender": [
        "giamdoc"
      ],
      "type": "order_rejected",
      "title": "Đơn hàng bị từ chối",
      "message": "Đơn hàng FUJI-DH-20260711-004 của khách Vũ Thị Huế đã bị từ chối.",
      "link": "/orders/42",
      "is_read": true,
      "created_at": "2026-07-11T02:33:39.447Z"
    }
  },
  {
    "model": "notifications.notification",
    "pk": 233,
    "fields": {
      "company": 15,
      "recipient": [
        "giamdoc"
      ],
      "sender": [
        "nvkinhdoanh1"
      ],
      "type": "order_new",
      "title": "Đơn hàng mới cần duyệt",
      "message": "Đơn hàng FUJI-DH-20260711-005 của khách Vũ Thị Huế đang chờ duyệt.",
      "link": "/orders/43",
      "is_read": true,
      "created_at": "2026-07-11T02:40:55.669Z"
    }
  },
  {
    "model": "notifications.notification",
    "pk": 234,
    "fields": {
      "company": 15,
      "recipient": [
        "kinhdoanh1"
      ],
      "sender": [
        "nvkinhdoanh1"
      ],
      "type": "order_new",
      "title": "Đơn hàng mới cần duyệt",
      "message": "Đơn hàng FUJI-DH-20260711-005 của khách Vũ Thị Huế đang chờ duyệt.",
      "link": "/orders/43",
      "is_read": false,
      "created_at": "2026-07-11T02:40:55.693Z"
    }
  },
  {
    "model": "notifications.notification",
    "pk": 235,
    "fields": {
      "company": 15,
      "recipient": [
        "kinhdoanh2"
      ],
      "sender": [
        "nvkinhdoanh1"
      ],
      "type": "order_new",
      "title": "Đơn hàng mới cần duyệt",
      "message": "Đơn hàng FUJI-DH-20260711-005 của khách Vũ Thị Huế đang chờ duyệt.",
      "link": "/orders/43",
      "is_read": false,
      "created_at": "2026-07-11T02:40:55.701Z"
    }
  },
  {
    "model": "notifications.notification",
    "pk": 236,
    "fields": {
      "company": 15,
      "recipient": [
        "nvkinhdoanh1"
      ],
      "sender": [
        "giamdoc"
      ],
      "type": "approval",
      "title": "Yêu cầu Phê duyệt Đơn hàng FUJI-DH-20260711-005 đã được duyệt",
      "message": "Giám đốc đã phê duyệt yêu cầu của bạn.",
      "link": "/approvals",
      "is_read": true,
      "created_at": "2026-07-11T02:41:00.710Z"
    }
  },
  {
    "model": "notifications.notification",
    "pk": 237,
    "fields": {
      "company": 15,
      "recipient": [
        "giamdoc"
      ],
      "sender": [
        "nvkinhdoanh1"
      ],
      "type": "order_new",
      "title": "Đơn hàng mới cần duyệt",
      "message": "Đơn hàng FUJI-DH-20260711-006 của khách LE DINH TUYEN đang chờ duyệt.",
      "link": "/orders/44",
      "is_read": true,
      "created_at": "2026-07-11T02:41:25.514Z"
    }
  },
  {
    "model": "notifications.notification",
    "pk": 238,
    "fields": {
      "company": 15,
      "recipient": [
        "kinhdoanh1"
      ],
      "sender": [
        "nvkinhdoanh1"
      ],
      "type": "order_new",
      "title": "Đơn hàng mới cần duyệt",
      "message": "Đơn hàng FUJI-DH-20260711-006 của khách LE DINH TUYEN đang chờ duyệt.",
      "link": "/orders/44",
      "is_read": false,
      "created_at": "2026-07-11T02:41:25.539Z"
    }
  },
  {
    "model": "notifications.notification",
    "pk": 239,
    "fields": {
      "company": 15,
      "recipient": [
        "kinhdoanh2"
      ],
      "sender": [
        "nvkinhdoanh1"
      ],
      "type": "order_new",
      "title": "Đơn hàng mới cần duyệt",
      "message": "Đơn hàng FUJI-DH-20260711-006 của khách LE DINH TUYEN đang chờ duyệt.",
      "link": "/orders/44",
      "is_read": false,
      "created_at": "2026-07-11T02:41:25.545Z"
    }
  },
  {
    "model": "notifications.notification",
    "pk": 240,
    "fields": {
      "company": 15,
      "recipient": [
        "nvkinhdoanh1"
      ],
      "sender": [
        "giamdoc"
      ],
      "type": "order_rejected",
      "title": "Đơn hàng bị từ chối",
      "message": "Đơn hàng FUJI-DH-20260711-006 của khách LE DINH TUYEN đã bị từ chối.",
      "link": "/orders/44",
      "is_read": true,
      "created_at": "2026-07-11T02:41:41.839Z"
    }
  },
  {
    "model": "notifications.notification",
    "pk": 241,
    "fields": {
      "company": 15,
      "recipient": [
        "nvkinhdoanh1"
      ],
      "sender": [
        "giamdoc"
      ],
      "type": "order_rejected",
      "title": "Đơn hàng bị từ chối",
      "message": "Đơn hàng FUJI-DH-20260711-006 của khách LE DINH TUYEN đã bị từ chối.",
      "link": "/orders/44",
      "is_read": false,
      "created_at": "2026-07-11T02:55:55.810Z"
    }
  },
  {
    "model": "notifications.notification",
    "pk": 242,
    "fields": {
      "company": 15,
      "recipient": [
        "kinhdoanh1"
      ],
      "sender": [
        "giamdoc"
      ],
      "type": "order_new",
      "title": "Đơn hàng mới cần duyệt",
      "message": "Đơn hàng FUJI-DH-20260711-001 của khách Vũ Thị Huế đang chờ duyệt.",
      "link": "/orders/45",
      "is_read": false,
      "created_at": "2026-07-11T06:53:18.108Z"
    }
  },
  {
    "model": "notifications.notification",
    "pk": 243,
    "fields": {
      "company": 15,
      "recipient": [
        "kinhdoanh2"
      ],
      "sender": [
        "giamdoc"
      ],
      "type": "order_new",
      "title": "Đơn hàng mới cần duyệt",
      "message": "Đơn hàng FUJI-DH-20260711-001 của khách Vũ Thị Huế đang chờ duyệt.",
      "link": "/orders/45",
      "is_read": false,
      "created_at": "2026-07-11T06:53:18.354Z"
    }
  },
  {
    "model": "notifications.notification",
    "pk": 244,
    "fields": {
      "company": 15,
      "recipient": [
        "kinhdoanh1"
      ],
      "sender": [
        "giamdoc"
      ],
      "type": "order_new",
      "title": "Đơn hàng mới cần duyệt",
      "message": "Đơn hàng FUJI-DH-20260711-002 của khách LE DINH TUYEN đang chờ duyệt.",
      "link": "/orders/46",
      "is_read": false,
      "created_at": "2026-07-11T07:02:33.713Z"
    }
  },
  {
    "model": "notifications.notification",
    "pk": 245,
    "fields": {
      "company": 15,
      "recipient": [
        "kinhdoanh2"
      ],
      "sender": [
        "giamdoc"
      ],
      "type": "order_new",
      "title": "Đơn hàng mới cần duyệt",
      "message": "Đơn hàng FUJI-DH-20260711-002 của khách LE DINH TUYEN đang chờ duyệt.",
      "link": "/orders/46",
      "is_read": false,
      "created_at": "2026-07-11T07:02:33.730Z"
    }
  },
  {
    "model": "notifications.notification",
    "pk": 246,
    "fields": {
      "company": 15,
      "recipient": [
        "giamdoc"
      ],
      "sender": [
        "giamdoc"
      ],
      "type": "order_rejected",
      "title": "Đơn hàng bị từ chối",
      "message": "Đơn hàng FUJI-DH-20260711-002 của khách LE DINH TUYEN đã bị từ chối.",
      "link": "/orders/46",
      "is_read": true,
      "created_at": "2026-07-11T07:02:39.005Z"
    }
  },
  {
    "model": "notifications.notification",
    "pk": 247,
    "fields": {
      "company": 15,
      "recipient": [
        "kinhdoanh1"
      ],
      "sender": [
        "giamdoc"
      ],
      "type": "order_new",
      "title": "Đơn hàng mới cần duyệt",
      "message": "Đơn hàng FUJI-DH-20260711-001 của khách Vũ Thị Huế đang chờ duyệt.",
      "link": "/orders/47",
      "is_read": false,
      "created_at": "2026-07-11T07:26:43.744Z"
    }
  },
  {
    "model": "notifications.notification",
    "pk": 248,
    "fields": {
      "company": 15,
      "recipient": [
        "kinhdoanh2"
      ],
      "sender": [
        "giamdoc"
      ],
      "type": "order_new",
      "title": "Đơn hàng mới cần duyệt",
      "message": "Đơn hàng FUJI-DH-20260711-001 của khách Vũ Thị Huế đang chờ duyệt.",
      "link": "/orders/47",
      "is_read": false,
      "created_at": "2026-07-11T07:26:43.956Z"
    }
  },
  {
    "model": "notifications.notification",
    "pk": 249,
    "fields": {
      "company": 15,
      "recipient": [
        "kinhdoanh1"
      ],
      "sender": [
        "giamdoc"
      ],
      "type": "order_new",
      "title": "Đơn hàng mới cần duyệt",
      "message": "Đơn hàng FUJI-DH-20260711-001 của khách LE DINH TUYEN đang chờ duyệt.",
      "link": "/orders/48",
      "is_read": false,
      "created_at": "2026-07-11T07:47:41.885Z"
    }
  },
  {
    "model": "notifications.notification",
    "pk": 250,
    "fields": {
      "company": 15,
      "recipient": [
        "kinhdoanh2"
      ],
      "sender": [
        "giamdoc"
      ],
      "type": "order_new",
      "title": "Đơn hàng mới cần duyệt",
      "message": "Đơn hàng FUJI-DH-20260711-001 của khách LE DINH TUYEN đang chờ duyệt.",
      "link": "/orders/48",
      "is_read": false,
      "created_at": "2026-07-11T07:47:42.124Z"
    }
  },
  {
    "model": "notifications.notification",
    "pk": 251,
    "fields": {
      "company": 15,
      "recipient": [
        "giamdoc"
      ],
      "sender": [
        "giamdoc"
      ],
      "type": "order_rejected",
      "title": "Đơn hàng bị từ chối",
      "message": "Đơn hàng FUJI-DH-20260711-001 của khách LE DINH TUYEN đã bị từ chối.",
      "link": "/orders/48",
      "is_read": true,
      "created_at": "2026-07-11T08:17:05.502Z"
    }
  },
  {
    "model": "notifications.notification",
    "pk": 252,
    "fields": {
      "company": 15,
      "recipient": [
        "giamdoc"
      ],
      "sender": [
        "giamdoc"
      ],
      "type": "approval",
      "title": "Yêu cầu duyệt báo giá FUJI-BG-20260711-002",
      "message": "Giám đốc vừa trình duyệt báo giá FUJI-BG-20260711-002 cho khách hàng Vũ Thị Huế.",
      "link": "/approvals",
      "is_read": true,
      "created_at": "2026-07-11T08:43:07.084Z"
    }
  },
  {
    "model": "notifications.notification",
    "pk": 253,
    "fields": {
      "company": 15,
      "recipient": [
        "giamdoc"
      ],
      "sender": [
        "giamdoc"
      ],
      "type": "approval",
      "title": "Báo giá FUJI-BG-20260711-002 đã được duyệt",
      "message": "Báo giá FUJI-BG-20260711-002 đã được Giám đốc phê duyệt.",
      "link": "/quotations",
      "is_read": true,
      "created_at": "2026-07-11T08:43:09.446Z"
    }
  },
  {
    "model": "notifications.notification",
    "pk": 254,
    "fields": {
      "company": 15,
      "recipient": [
        "kinhdoanh1"
      ],
      "sender": [
        "giamdoc"
      ],
      "type": "order_new",
      "title": "Đơn hàng mới cần duyệt",
      "message": "Đơn hàng FUJI-DH-20260711-002 của khách Vũ Thị Huế đang chờ duyệt.",
      "link": "/orders/49",
      "is_read": false,
      "created_at": "2026-07-11T08:43:39.569Z"
    }
  },
  {
    "model": "notifications.notification",
    "pk": 255,
    "fields": {
      "company": 15,
      "recipient": [
        "kinhdoanh2"
      ],
      "sender": [
        "giamdoc"
      ],
      "type": "order_new",
      "title": "Đơn hàng mới cần duyệt",
      "message": "Đơn hàng FUJI-DH-20260711-002 của khách Vũ Thị Huế đang chờ duyệt.",
      "link": "/orders/49",
      "is_read": false,
      "created_at": "2026-07-11T08:43:39.578Z"
    }
  },
  {
    "model": "notifications.notification",
    "pk": 256,
    "fields": {
      "company": 15,
      "recipient": [
        "giamdoc"
      ],
      "sender": [
        "giamdoc"
      ],
      "type": "order_rejected",
      "title": "Đơn hàng bị từ chối",
      "message": "Đơn hàng FUJI-DH-20260711-002 của khách Vũ Thị Huế đã bị từ chối.",
      "link": "/orders/49",
      "is_read": true,
      "created_at": "2026-07-11T08:51:02.105Z"
    }
  },
  {
    "model": "notifications.notification",
    "pk": 257,
    "fields": {
      "company": 15,
      "recipient": [
        "ketoan1"
      ],
      "sender": [
        "giamdoc"
      ],
      "type": "approval",
      "title": "Yêu cầu Phê duyệt lại Đơn hàng FUJI-DH-20260711-002 đã được duyệt",
      "message": "Giám đốc đã phê duyệt yêu cầu của bạn.",
      "link": "/approvals",
      "is_read": true,
      "created_at": "2026-07-11T09:11:34.644Z"
    }
  },
  {
    "model": "notifications.notification",
    "pk": 258,
    "fields": {
      "company": 15,
      "recipient": [
        "kinhdoanh1"
      ],
      "sender": [
        "giamdoc"
      ],
      "type": "order_new",
      "title": "Đơn hàng mới cần duyệt",
      "message": "Đơn hàng FUJI-DH-20260711-003 của khách LE DINH TUYEN đang chờ duyệt.",
      "link": "/orders/50",
      "is_read": false,
      "created_at": "2026-07-11T09:53:38.330Z"
    }
  },
  {
    "model": "notifications.notification",
    "pk": 259,
    "fields": {
      "company": 15,
      "recipient": [
        "kinhdoanh2"
      ],
      "sender": [
        "giamdoc"
      ],
      "type": "order_new",
      "title": "Đơn hàng mới cần duyệt",
      "message": "Đơn hàng FUJI-DH-20260711-003 của khách LE DINH TUYEN đang chờ duyệt.",
      "link": "/orders/50",
      "is_read": false,
      "created_at": "2026-07-11T09:53:38.590Z"
    }
  },
  {
    "model": "notifications.notification",
    "pk": 260,
    "fields": {
      "company": 15,
      "recipient": [
        "kinhdoanh1"
      ],
      "sender": [
        "giamdoc"
      ],
      "type": "order_new",
      "title": "Đơn hàng mới cần duyệt",
      "message": "Đơn hàng FUJI-DH-20260711-004 của khách LE DINH TUYEN đang chờ duyệt.",
      "link": "/orders/51",
      "is_read": false,
      "created_at": "2026-07-11T10:03:25.776Z"
    }
  },
  {
    "model": "notifications.notification",
    "pk": 261,
    "fields": {
      "company": 15,
      "recipient": [
        "kinhdoanh2"
      ],
      "sender": [
        "giamdoc"
      ],
      "type": "order_new",
      "title": "Đơn hàng mới cần duyệt",
      "message": "Đơn hàng FUJI-DH-20260711-004 của khách LE DINH TUYEN đang chờ duyệt.",
      "link": "/orders/51",
      "is_read": false,
      "created_at": "2026-07-11T10:03:26.140Z"
    }
  },
  {
    "model": "approvals.approvalrequest",
    "pk": 1,
    "fields": {
      "company": 15,
      "content_type": [
        "sales",
        "quotation"
      ],
      "object_id": 7,
      "requester": [
        "nvkinhdoanh1"
      ],
      "title": "Phê duyệt Báo giá BG-20260709-002",
      "description": "Duyệt hộ em giám giá 15%",
      "status": "approved",
      "created_at": "2026-07-09T05:59:40.942Z",
      "updated_at": "2026-07-09T05:59:40.942Z"
    }
  },
  {
    "model": "approvals.approvalrequest",
    "pk": 2,
    "fields": {
      "company": 15,
      "content_type": [
        "sales",
        "quotation"
      ],
      "object_id": 8,
      "requester": [
        "nvkinhdoanh1"
      ],
      "title": "Phê duyệt Báo giá BG-20260709-003",
      "description": "Yêu cầu phê duyệt báo giá",
      "status": "approved",
      "created_at": "2026-07-09T06:35:41.625Z",
      "updated_at": "2026-07-09T06:36:44.440Z"
    }
  },
  {
    "model": "approvals.approvalrequest",
    "pk": 8,
    "fields": {
      "company": 15,
      "content_type": [
        "sales",
        "quotation"
      ],
      "object_id": 10,
      "requester": [
        "nvkinhdoanh1"
      ],
      "title": "Phê duyệt Báo giá FUJI-BG-20260710-001",
      "description": "Duyệt giúp em",
      "status": "approved",
      "created_at": "2026-07-10T04:33:01.405Z",
      "updated_at": "2026-07-10T04:33:24.227Z"
    }
  },
  {
    "model": "approvals.approvalrequest",
    "pk": 11,
    "fields": {
      "company": 15,
      "content_type": [
        "sales",
        "quotation"
      ],
      "object_id": 11,
      "requester": [
        "nvkinhdoanh1"
      ],
      "title": "Phê duyệt Báo giá FUJI-BG-20260710-002",
      "description": "Yêu cầu phê duyệt báo giá",
      "status": "approved",
      "created_at": "2026-07-10T05:19:20.010Z",
      "updated_at": "2026-07-10T05:19:43.514Z"
    }
  },
  {
    "model": "approvals.approvalrequest",
    "pk": 17,
    "fields": {
      "company": 15,
      "content_type": [
        "sales",
        "quotation"
      ],
      "object_id": 14,
      "requester": [
        "nvkinhdoanh1"
      ],
      "title": "Phê duyệt Báo giá FUJI-BG-20260710-001",
      "description": "Yêu cầu phê duyệt báo giá",
      "status": "approved",
      "created_at": "2026-07-10T10:31:32.208Z",
      "updated_at": "2026-07-10T10:31:42.631Z"
    }
  },
  {
    "model": "approvals.approvalrequest",
    "pk": 53,
    "fields": {
      "company": 15,
      "content_type": [
        "sales",
        "quotation"
      ],
      "object_id": 15,
      "requester": [
        "nvkinhdoanh1"
      ],
      "title": "Phê duyệt Báo giá FUJI-BG-20260711-001",
      "description": "Yêu cầu phê duyệt báo giá",
      "status": "approved",
      "created_at": "2026-07-11T01:42:35.454Z",
      "updated_at": "2026-07-11T01:42:40.264Z"
    }
  },
  {
    "model": "approvals.approvalrequest",
    "pk": 67,
    "fields": {
      "company": 15,
      "content_type": [
        "sales",
        "quotation"
      ],
      "object_id": 16,
      "requester": [
        "nvkinhdoanh1"
      ],
      "title": "Phê duyệt Báo giá FUJI-BG-20260711-002",
      "description": "Yêu cầu phê duyệt báo giá",
      "status": "rejected",
      "created_at": "2026-07-11T02:21:06.862Z",
      "updated_at": "2026-07-11T02:21:13.341Z"
    }
  },
  {
    "model": "approvals.approvalrequest",
    "pk": 68,
    "fields": {
      "company": 15,
      "content_type": [
        "sales",
        "quotation"
      ],
      "object_id": 16,
      "requester": [
        "nvkinhdoanh1"
      ],
      "title": "Phê duyệt Báo giá FUJI-BG-20260711-002",
      "description": "Yêu cầu phê duyệt báo giá",
      "status": "approved",
      "created_at": "2026-07-11T02:21:40.084Z",
      "updated_at": "2026-07-11T02:21:45.955Z"
    }
  },
  {
    "model": "approvals.approvalrequest",
    "pk": 69,
    "fields": {
      "company": 15,
      "content_type": [
        "sales",
        "quotation"
      ],
      "object_id": 17,
      "requester": [
        "nvkinhdoanh1"
      ],
      "title": "Phê duyệt Báo giá FUJI-BG-20260711-003",
      "description": "Yêu cầu phê duyệt báo giá",
      "status": "rejected",
      "created_at": "2026-07-11T02:24:19.899Z",
      "updated_at": "2026-07-11T02:24:39.559Z"
    }
  },
  {
    "model": "approvals.approvalrequest",
    "pk": 80,
    "fields": {
      "company": 15,
      "content_type": [
        "orders",
        "order"
      ],
      "object_id": 48,
      "requester": [
        "giamdoc"
      ],
      "title": "Phê duyệt Đơn hàng FUJI-DH-20260711-001",
      "description": "Đơn hàng FUJI-DH-20260711-001 — Khách hàng: LE DINH TUYEN",
      "status": "approved",
      "created_at": "2026-07-11T07:47:42.144Z",
      "updated_at": "2026-07-11T07:47:42.144Z"
    }
  },
  {
    "model": "approvals.approvalrequest",
    "pk": 81,
    "fields": {
      "company": 15,
      "content_type": [
        "orders",
        "order"
      ],
      "object_id": 48,
      "requester": [
        "giamdoc"
      ],
      "title": "Phê duyệt lại Đơn hàng FUJI-DH-20260711-001",
      "description": "Đơn hàng FUJI-DH-20260711-001 — Khách hàng: LE DINH TUYEN",
      "status": "approved",
      "created_at": "2026-07-11T08:26:13.661Z",
      "updated_at": "2026-07-11T08:26:13.661Z"
    }
  },
  {
    "model": "approvals.approvalrequest",
    "pk": 82,
    "fields": {
      "company": 15,
      "content_type": [
        "sales",
        "quotation"
      ],
      "object_id": 19,
      "requester": [
        "giamdoc"
      ],
      "title": "Phê duyệt Báo giá FUJI-BG-20260711-002",
      "description": "Yêu cầu phê duyệt báo giá",
      "status": "approved",
      "created_at": "2026-07-11T08:43:06.993Z",
      "updated_at": "2026-07-11T08:43:06.993Z"
    }
  },
  {
    "model": "approvals.approvalrequest",
    "pk": 83,
    "fields": {
      "company": 15,
      "content_type": [
        "orders",
        "order"
      ],
      "object_id": 49,
      "requester": [
        "giamdoc"
      ],
      "title": "Phê duyệt Đơn hàng FUJI-DH-20260711-002",
      "description": "Đơn hàng FUJI-DH-20260711-002 — Khách hàng: Vũ Thị Huế",
      "status": "rejected",
      "created_at": "2026-07-11T08:43:39.592Z",
      "updated_at": "2026-07-11T08:43:39.592Z"
    }
  },
  {
    "model": "approvals.approvalrequest",
    "pk": 84,
    "fields": {
      "company": 15,
      "content_type": [
        "orders",
        "order"
      ],
      "object_id": 49,
      "requester": [
        "ketoan1"
      ],
      "title": "Phê duyệt lại Đơn hàng FUJI-DH-20260711-002",
      "description": "Đơn hàng FUJI-DH-20260711-002 — Khách hàng: Vũ Thị Huế",
      "status": "approved",
      "created_at": "2026-07-11T09:11:11.855Z",
      "updated_at": "2026-07-11T09:11:34.585Z"
    }
  },
  {
    "model": "approvals.approvalrequest",
    "pk": 85,
    "fields": {
      "company": 15,
      "content_type": [
        "orders",
        "order"
      ],
      "object_id": 50,
      "requester": [
        "giamdoc"
      ],
      "title": "Phê duyệt Đơn hàng FUJI-DH-20260711-003",
      "description": "Đơn hàng FUJI-DH-20260711-003 — Khách hàng: LE DINH TUYEN",
      "status": "approved",
      "created_at": "2026-07-11T09:53:38.621Z",
      "updated_at": "2026-07-11T09:53:38.621Z"
    }
  },
  {
    "model": "approvals.approvalrequest",
    "pk": 86,
    "fields": {
      "company": 15,
      "content_type": [
        "orders",
        "order"
      ],
      "object_id": 51,
      "requester": [
        "giamdoc"
      ],
      "title": "Phê duyệt Đơn hàng FUJI-DH-20260711-004",
      "description": "Đơn hàng FUJI-DH-20260711-004 — Khách hàng: LE DINH TUYEN",
      "status": "approved",
      "created_at": "2026-07-11T10:03:26.167Z",
      "updated_at": "2026-07-11T10:03:26.167Z"
    }
  },
  {
    "model": "approvals.approvalstep",
    "pk": 1,
    "fields": {
      "request": 1,
      "step_order": 1,
      "approver_user": [
        "giamdoc"
      ],
      "approver_role": null,
      "acted_by": null,
      "status": "approved",
      "comment": "",
      "comments": "",
      "acted_at": null
    }
  },
  {
    "model": "approvals.approvalstep",
    "pk": 2,
    "fields": {
      "request": 2,
      "step_order": 1,
      "approver_user": [
        "giamdoc"
      ],
      "approver_role": null,
      "acted_by": [
        "giamdoc"
      ],
      "status": "approved",
      "comment": "Ok duyệt",
      "comments": "",
      "acted_at": "2026-07-09T06:36:44.413Z"
    }
  },
  {
    "model": "approvals.approvalstep",
    "pk": 7,
    "fields": {
      "request": 8,
      "step_order": 1,
      "approver_user": [
        "giamdoc"
      ],
      "approver_role": null,
      "acted_by": [
        "giamdoc"
      ],
      "status": "approved",
      "comment": "",
      "comments": "",
      "acted_at": "2026-07-10T04:33:24.211Z"
    }
  },
  {
    "model": "approvals.approvalstep",
    "pk": 10,
    "fields": {
      "request": 11,
      "step_order": 1,
      "approver_user": [
        "giamdoc"
      ],
      "approver_role": null,
      "acted_by": [
        "giamdoc"
      ],
      "status": "approved",
      "comment": "",
      "comments": "",
      "acted_at": "2026-07-10T05:19:43.483Z"
    }
  },
  {
    "model": "approvals.approvalstep",
    "pk": 16,
    "fields": {
      "request": 17,
      "step_order": 1,
      "approver_user": [
        "giamdoc"
      ],
      "approver_role": null,
      "acted_by": [
        "giamdoc"
      ],
      "status": "approved",
      "comment": "",
      "comments": "",
      "acted_at": "2026-07-10T10:31:42.622Z"
    }
  },
  {
    "model": "approvals.approvalstep",
    "pk": 52,
    "fields": {
      "request": 53,
      "step_order": 1,
      "approver_user": [
        "giamdoc"
      ],
      "approver_role": null,
      "acted_by": [
        "giamdoc"
      ],
      "status": "approved",
      "comment": "",
      "comments": "",
      "acted_at": "2026-07-11T01:42:40.239Z"
    }
  },
  {
    "model": "approvals.approvalstep",
    "pk": 66,
    "fields": {
      "request": 67,
      "step_order": 1,
      "approver_user": [
        "giamdoc"
      ],
      "approver_role": null,
      "acted_by": [
        "giamdoc"
      ],
      "status": "rejected",
      "comment": "",
      "comments": "",
      "acted_at": "2026-07-11T02:21:13.316Z"
    }
  },
  {
    "model": "approvals.approvalstep",
    "pk": 67,
    "fields": {
      "request": 68,
      "step_order": 1,
      "approver_user": [
        "giamdoc"
      ],
      "approver_role": null,
      "acted_by": [
        "giamdoc"
      ],
      "status": "approved",
      "comment": "",
      "comments": "",
      "acted_at": "2026-07-11T02:21:45.932Z"
    }
  },
  {
    "model": "approvals.approvalstep",
    "pk": 68,
    "fields": {
      "request": 69,
      "step_order": 1,
      "approver_user": [
        "giamdoc"
      ],
      "approver_role": null,
      "acted_by": [
        "giamdoc"
      ],
      "status": "rejected",
      "comment": "",
      "comments": "",
      "acted_at": "2026-07-11T02:24:39.521Z"
    }
  },
  {
    "model": "approvals.approvalstep",
    "pk": 79,
    "fields": {
      "request": 80,
      "step_order": 1,
      "approver_user": null,
      "approver_role": null,
      "acted_by": [
        "giamdoc"
      ],
      "status": "approved",
      "comment": "",
      "comments": "",
      "acted_at": null
    }
  },
  {
    "model": "approvals.approvalstep",
    "pk": 80,
    "fields": {
      "request": 81,
      "step_order": 1,
      "approver_user": null,
      "approver_role": null,
      "acted_by": [
        "giamdoc"
      ],
      "status": "approved",
      "comment": "",
      "comments": "",
      "acted_at": null
    }
  },
  {
    "model": "approvals.approvalstep",
    "pk": 81,
    "fields": {
      "request": 82,
      "step_order": 1,
      "approver_user": [
        "giamdoc"
      ],
      "approver_role": null,
      "acted_by": null,
      "status": "approved",
      "comment": "",
      "comments": "",
      "acted_at": null
    }
  },
  {
    "model": "approvals.approvalstep",
    "pk": 82,
    "fields": {
      "request": 83,
      "step_order": 1,
      "approver_user": null,
      "approver_role": null,
      "acted_by": [
        "giamdoc"
      ],
      "status": "rejected",
      "comment": "",
      "comments": "",
      "acted_at": null
    }
  },
  {
    "model": "approvals.approvalstep",
    "pk": 83,
    "fields": {
      "request": 84,
      "step_order": 1,
      "approver_user": null,
      "approver_role": null,
      "acted_by": [
        "giamdoc"
      ],
      "status": "approved",
      "comment": "",
      "comments": "",
      "acted_at": "2026-07-11T09:11:34.569Z"
    }
  },
  {
    "model": "approvals.approvalstep",
    "pk": 84,
    "fields": {
      "request": 85,
      "step_order": 1,
      "approver_user": null,
      "approver_role": null,
      "acted_by": [
        "giamdoc"
      ],
      "status": "approved",
      "comment": "",
      "comments": "",
      "acted_at": null
    }
  },
  {
    "model": "approvals.approvalstep",
    "pk": 85,
    "fields": {
      "request": 86,
      "step_order": 1,
      "approver_user": null,
      "approver_role": null,
      "acted_by": [
        "giamdoc"
      ],
      "status": "approved",
      "comment": "",
      "comments": "",
      "acted_at": null
    }
  },
  {
    "model": "finance.orderpaymentmilestone",
    "pk": 23,
    "fields": {
      "company": 15,
      "order": 48,
      "milestone_type": "deposit",
      "title": "Thanh toán đợt 1",
      "percentage": "100.00",
      "amount": "3900000.00",
      "paid_amount": "3900000.00",
      "status": "paid",
      "due_date": null,
      "note": "",
      "created_at": "2026-07-11T07:47:46.256Z",
      "updated_at": "2026-07-14T01:37:02.504Z"
    }
  },
  {
    "model": "finance.orderpaymentmilestone",
    "pk": 24,
    "fields": {
      "company": 15,
      "order": 49,
      "milestone_type": "deposit",
      "title": "Thanh toán đợt 1",
      "percentage": "100.00",
      "amount": "3900000.00",
      "paid_amount": "3900000.00",
      "status": "paid",
      "due_date": null,
      "note": "",
      "created_at": "2026-07-11T09:11:34.625Z",
      "updated_at": "2026-07-14T01:37:02.494Z"
    }
  },
  {
    "model": "finance.orderpaymentmilestone",
    "pk": 25,
    "fields": {
      "company": 15,
      "order": 50,
      "milestone_type": "deposit",
      "title": "Thanh toán đợt 1",
      "percentage": "100.00",
      "amount": "3900000.00",
      "paid_amount": "3900000.00",
      "status": "paid",
      "due_date": null,
      "note": "",
      "created_at": "2026-07-11T09:53:44.994Z",
      "updated_at": "2026-07-14T01:37:02.484Z"
    }
  },
  {
    "model": "finance.orderpaymentmilestone",
    "pk": 26,
    "fields": {
      "company": 15,
      "order": 51,
      "milestone_type": "deposit",
      "title": "Thanh toán đợt 1",
      "percentage": "100.00",
      "amount": "3900000.00",
      "paid_amount": "3900000.00",
      "status": "paid",
      "due_date": null,
      "note": "",
      "created_at": "2026-07-11T10:03:28.748Z",
      "updated_at": "2026-07-14T01:37:02.474Z"
    }
  },
  {
    "model": "finance.paymentreceipt",
    "pk": 15,
    "fields": {
      "company": 15,
      "receipt_code": "FUJI-PT-20260711-001",
      "order": 48,
      "milestone": 23,
      "amount": "3900000.00",
      "payment_method": "transfer",
      "payment_date": "2026-07-11",
      "reference_code": "",
      "note": "Thanh toán Thanh toán đợt 1 - Đơn hàng FUJI-DH-20260711-001",
      "created_by": [
        "giamdoc"
      ],
      "created_at": "2026-07-11T07:47:55.887Z"
    }
  },
  {
    "model": "finance.paymentreceipt",
    "pk": 16,
    "fields": {
      "company": 15,
      "receipt_code": "FUJI-PT-20260711-002",
      "order": 49,
      "milestone": 24,
      "amount": "3900000.00",
      "payment_method": "transfer",
      "payment_date": "2026-07-11",
      "reference_code": "",
      "note": "Thanh toán Thanh toán đợt 1 - Đơn hàng FUJI-DH-20260711-002",
      "created_by": [
        "ketoan1"
      ],
      "created_at": "2026-07-11T09:21:00.331Z"
    }
  },
  {
    "model": "finance.paymentreceipt",
    "pk": 17,
    "fields": {
      "company": 15,
      "receipt_code": "FUJI-PT-20260711-003",
      "order": 50,
      "milestone": 25,
      "amount": "3900000.00",
      "payment_method": "transfer",
      "payment_date": "2026-07-11",
      "reference_code": "",
      "note": "Thanh toán Thanh toán đợt 1 - Đơn hàng FUJI-DH-20260711-003",
      "created_by": [
        "giamdoc"
      ],
      "created_at": "2026-07-11T09:53:58.287Z"
    }
  },
  {
    "model": "finance.paymentreceipt",
    "pk": 18,
    "fields": {
      "company": 15,
      "receipt_code": "FUJI-PT-20260711-004",
      "order": 51,
      "milestone": 26,
      "amount": "3900000.00",
      "payment_method": "transfer",
      "payment_date": "2026-07-11",
      "reference_code": "",
      "note": "Thanh toán Thanh toán đợt 1 - Đơn hàng FUJI-DH-20260711-004",
      "created_by": [
        "giamdoc"
      ],
      "created_at": "2026-07-11T10:03:34.561Z"
    }
  },
  {
    "model": "delivery.deliveryorder",
    "pk": 9,
    "fields": {
      "company": 15,
      "order": 48,
      "delivery_code": "FUJI-GH-20260711-001",
      "status": "delivered",
      "shipper_name": "TPKD 2",
      "shipper_phone": "0925315226",
      "shipper_user": [
        "kinhdoanh2"
      ],
      "shipping_address": "63 Calle De Los Vientos Hà Nội",
      "expected_date": null,
      "actual_date": "2026-07-11",
      "notes": "",
      "created_at": "2026-07-11T08:28:22.005Z",
      "updated_at": "2026-07-11T09:57:32.894Z"
    }
  },
  {
    "model": "delivery.deliveryorder",
    "pk": 10,
    "fields": {
      "company": 15,
      "order": 49,
      "delivery_code": "FUJI-GH-20260711-002",
      "status": "delivered",
      "shipper_name": "",
      "shipper_phone": "",
      "shipper_user": null,
      "shipping_address": "Hạ trường, thanh cường, thanh hà",
      "expected_date": null,
      "actual_date": "2026-07-11",
      "notes": "",
      "created_at": "2026-07-11T09:21:53.214Z",
      "updated_at": "2026-07-11T09:41:40.084Z"
    }
  },
  {
    "model": "delivery.deliveryorder",
    "pk": 12,
    "fields": {
      "company": 15,
      "order": 51,
      "delivery_code": "FUJI-GH-20260711-004",
      "status": "delivered",
      "shipper_name": "",
      "shipper_phone": "",
      "shipper_user": null,
      "shipping_address": "63 Calle De Los Vientos",
      "expected_date": null,
      "actual_date": "2026-07-11",
      "notes": "",
      "created_at": "2026-07-11T10:03:43.443Z",
      "updated_at": "2026-07-11T10:03:53.040Z"
    }
  },
  {
    "model": "delivery.warrantycard",
    "pk": 6,
    "fields": {
      "company": 15,
      "order": 49,
      "customer": 25,
      "warranty_code": "FUJI-BH-20260711-001",
      "status": "active",
      "start_date": "2026-07-11",
      "end_date": "2027-07-11",
      "terms": "Bảo hành 12 tháng kể từ ngày giao hàng.",
      "warranty_content": "",
      "warranty_rules": "",
      "created_at": "2026-07-11T09:41:40.179Z",
      "updated_at": "2026-07-11T09:41:40.179Z"
    }
  },
  {
    "model": "delivery.warrantycard",
    "pk": 8,
    "fields": {
      "company": 15,
      "order": 48,
      "customer": 26,
      "warranty_code": "FUJI-BH-20260711-002",
      "status": "active",
      "start_date": "2026-07-11",
      "end_date": "2027-07-11",
      "terms": "Bảo hành 12 tháng kể từ ngày giao hàng.",
      "warranty_content": "",
      "warranty_rules": "",
      "created_at": "2026-07-11T09:57:32.901Z",
      "updated_at": "2026-07-11T09:57:32.901Z"
    }
  },
  {
    "model": "delivery.warrantycard",
    "pk": 9,
    "fields": {
      "company": 15,
      "order": 51,
      "customer": 26,
      "warranty_code": "FUJI-BH-20260711-004",
      "status": "active",
      "start_date": "2026-07-11",
      "end_date": "2027-07-11",
      "terms": "Bảo hành 12 tháng kể từ ngày giao hàng.",
      "warranty_content": "",
      "warranty_rules": "",
      "created_at": "2026-07-11T10:03:53.057Z",
      "updated_at": "2026-07-11T10:03:53.057Z"
    }
  },
  {
    "model": "zalo_integration.zalooaconfig",
    "pk": 1,
    "fields": {
      "company": 15,
      "oa_name": "Bất động sản Minh Phúc",
      "use_system_config": true,
      "app_id": "",
      "secret_key": "",
      "oa_id": "1164593518856973451",
      "access_token": "-Hol3ch9D0tp4Qu5Oiaq0l0Kg05frqPZfbI6AKxjGttVL8nW2F9y8_9wxI4brYjuxclF31h_ANFWTVG5TUyhLkrLwoa--YTxxK3T1HJlBs7CCie15R0s2TPknb57n3bNXM7tDLte1JA_KPzOLejeHPeAY11GaN1MdpE09mQpSIINDRmiOeTmRkyTdsiUYKqmw1pNTdcwC1QJ5ViVMgy9TfmqoH1cw1Pjb4RmBGBp8KdQTDf0EV8rCzzwmcehq0C2t4JVMJ2S7oFe1iqbVueBPfuMuHC6YWTbYmhCCd-e26EfFT4cSPuLSei9ZnWPYLPTqnE68YkxH4h6Py4uFhmWKkibtouphLf7t2V35KxoAXsARyOOKCjMPwXUb193nN5Gsdoz0bVxTqQ6Hf4lUUTjNEnWhWXvmdHpW5hg1A3jg31jtpCB",
      "refresh_token": "oMAXEj9hY4p3Rw0nsck8Gy1gfZNHTVyyaYM_0Dr2n3INEvGtr7lj8viym2-APwj7oM7JJT0OW4NF7Eypibwl0l92yY2rCQK3gdFl1F1wdnxe1kmmWm6S1DX9wZ2wEvu5mqx6E9mPb1VRVS0vWdMW6viEmn7WKOOSvGFb5VvMXHk32wuuqm_xBOzmi1_HBjyRgdQoABeKn27N4gy0cq_YS-OHiGwHOVyZunQm7lfWmmwWFhzpxKx1HemWicx-ICqTX2w489zIgoJXCk0ncc2DMOi5-KppGe9vYW30Tjfsj5UdT-P0tH2vS8LlnNt44ArlX7l5JPqkc3oCQ-qxpsguJ8alcchtBl1haogYQVykxak1BP52n2pOTevgiqhIRfmycnRACE92dXUh4CuqwbI1Cgacx3umA34QHTLzZqe",
      "token_expires_at": "2026-07-15T05:02:04.539Z",
      "webhook_secret": "",
      "auto_send_payment_zns": false,
      "auto_send_delivery_zns": false,
      "auto_send_birthday_zns": false,
      "auto_create_customer_from_phone": true,
      "lead_cleanup_days": 30,
      "is_active": true,
      "created_at": "2026-07-14T02:32:51.927Z",
      "updated_at": "2026-07-14T04:02:04.540Z"
    }
  },
  {
    "model": "zalo_integration.zalooaconfig",
    "pk": 7,
    "fields": {
      "company": 15,
      "oa_name": "Nội thất Mộc Lê Gia",
      "use_system_config": true,
      "app_id": "",
      "secret_key": "",
      "oa_id": "4375101215417069625",
      "access_token": "jxoY7yPIim6ziQCKpbAp3hwqfH35JDX5uEs2KCzTyqgWtRaoh4NlSO32Z76jLzuJjR342BiMWb21cCKAeWkhH9I4xXoCQg9uk_33FTHyYNoa-vbXecJNEzBJb42aKOCCe-h6SQ05dJACgObrXpVT6f-ukKJiG_KvxAAaKTSDoIMuwxDne7dyFTlWdMVkNzuEwh2g5y4n-GBmbO98Wplg0RctaMwSADaiveYoH-aE_5BYgkP8w2kq4--IyaJvV9ekbjZpK9b3jIA3_yPsZM6JC_dXzrBHQAqh-ulLAu0tkZ2RflTDlIId0i-trspvMAHmwVt36_HRjdJnvzamsLILPFFNmmBOC9OVueJTPlzdiJ_qvQ9vqb_p0DZwbbZL5DOgz9kONUu9p3dKxhTOzrll3E-r-1dS6kXiJqBM8Yt1HBG7",
      "refresh_token": "5bTrSFOYkrOSMdHx_YAxMHzVSd_rFD00TqbLNjT7yZflNs9xwb-e1bfmOZxzQi1UJnTbBV8Gm5DHEseki1JsJpGtUo_K7VG2KJTPMUvAnpfIKrnv-5_r1MfVUaFDHlCSMaXhCCD6vbz_U4eJzNh2MMnYO2lQ6DXkOML7F_G5qaiUANW8W3FmU1ezNmw70ljY5ID_7gS-rc4-6a4hXIJFJMyVGdNrFiKn43XkGAyxvnew0tDbfdh08WLzINYKGUjR45KxDAnjeab95Wykrp2gJdGp9YB12f1bPXCO6EDhWKC15mmyeI-OJn4X4Z2bFuDiEXKJ9eKyl4KqDm0Kbq-iG2fDV1c0L-PwObvr9jv6m59OQKjomXJuNYXhHZoS5enhBY4h9ejKc54vUbGJeG-VCXqK66uuqqtz5V4ql50",
      "token_expires_at": "2026-07-15T05:02:57.978Z",
      "webhook_secret": "",
      "auto_send_payment_zns": false,
      "auto_send_delivery_zns": false,
      "auto_send_birthday_zns": false,
      "auto_create_customer_from_phone": false,
      "lead_cleanup_days": 30,
      "is_active": true,
      "created_at": "2026-07-14T03:41:37.660Z",
      "updated_at": "2026-07-14T04:02:57.978Z"
    }
  },
  {
    "model": "zalo_integration.sociallead",
    "pk": 10,
    "fields": {
      "company": 15,
      "oa_config": 1,
      "platform": "zalo",
      "social_id": "2913065542086180463",
      "display_name": "",
      "avatar_url": null,
      "last_message": ";p ;p",
      "last_interaction_date": "2026-07-14T10:36:26.896Z",
      "status": "chatting",
      "has_unread_message": false,
      "detected_phone": "",
      "is_customer_converted": false,
      "assigned_to": null,
      "notes": "",
      "created_at": "2026-07-14T10:36:09.144Z",
      "updated_at": "2026-07-14T10:36:26.896Z"
    }
  },
  {
    "model": "zalo_integration.zalomessage",
    "pk": 13,
    "fields": {
      "company": 15,
      "social_lead": 10,
      "direction": "inbound",
      "content": "/-strong",
      "attachment_url": "",
      "attachment_type": "",
      "zalo_msg_id": "e8f7d27bb54a0c13555c",
      "sender_user": null,
      "created_at": "2026-07-14T10:36:09.910Z"
    }
  },
  {
    "model": "zalo_integration.zalomessage",
    "pk": 14,
    "fields": {
      "company": 15,
      "social_lead": 10,
      "direction": "inbound",
      "content": "chào",
      "attachment_url": "",
      "attachment_type": "",
      "zalo_msg_id": "f78503047935c06c9923",
      "sender_user": null,
      "created_at": "2026-07-14T10:36:21.577Z"
    }
  },
  {
    "model": "zalo_integration.zalomessage",
    "pk": 15,
    "fields": {
      "company": 15,
      "social_lead": 10,
      "direction": "inbound",
      "content": ";p ;p",
      "attachment_url": "",
      "attachment_type": "",
      "zalo_msg_id": "9e9d3ccc4afdf3a4aaeb",
      "sender_user": null,
      "created_at": "2026-07-14T10:36:26.910Z"
    }
  },
  {
    "model": "facebook_integration.facebookpageconfig",
    "pk": 4,
    "fields": {
      "company": 15,
      "page_name": "Mr Bee - Mật ong nguyên chất",
      "page_id": "243343795792895",
      "use_system_config": true,
      "app_id": null,
      "app_secret": null,
      "page_access_token": "EAAOi715rIAYBRZBE7y3yW53RSrugDjhEu6ldr2dZCxFuu6xPtVJIc8IQwZAPZBPAovfS7YcMfEpc07g8IZAF7QkQJMQfSwTZCyOKREWYlx3HpHEaC5GVSu2xUZB7eDUoeNJT6w0g4IPBPqMPUzpNqZB5jZBxfwk6WJWBIZBnZC8TiTFWeg6LZAuZABpbSpVHZB4ytBBiBwfdWbldXnhdvVZBDIno7NeKVIZD",
      "token_expires_at": null,
      "webhook_verify_token": "",
      "page_avatar": "https://scontent.fhan18-1.fna.fbcdn.net/v/t39.30808-1/276312741_4809681765825719_8303386643111870120_n.jpg?stp=cp0_dst-jpg_s50x50_tt6&_nc_cat=106&ccb=1-7&_nc_sid=f907e8&_nc_eui2=AeGoo-qRN_yOmup_epa6Thr2qd9-DflCPuyp334N-UI-7EGbl1SZm_NfhczUIxzPqAEJRPdlMLgK098ylQ6mp-DP&_nc_ohc=E5d-kD0KbpQQ7kNvwHLJpRR&_nc_oc=AdrCC2tvOBqogvIhVuWfkjP--O3vXOk2ZPZZ0rPEOfkNXXZvhdX9nwlKP8FrKLsQdkg&_nc_zt=24&_nc_ht=scontent.fhan18-1.fna&edm=AGaHXAAEAAAA&_nc_gid=eltQGwCxdmGvT99B5SBwmQ&_nc_tpa=Q5bMBQGThmhn6vdnrmvaFYDfPu7Mi8vFkb7DCcd8A5UeNDaQb5ndmDf0rHfsdVXCa6SiKQ6XGIoAkr_8yg&oh=00_AQAj2pG9eCA4eTVJus_6F-arKv263oXcRpBtcolv5iwHKQ&oe=6A5BD0E8",
      "is_active": true,
      "auto_create_customer_from_phone": false,
      "assigned_to": null,
      "created_at": "2026-07-14T09:27:29.962Z",
      "updated_at": "2026-07-14T09:27:29.962Z"
    }
  },
  {
    "model": "facebook_integration.facebookpageconfig",
    "pk": 5,
    "fields": {
      "company": 15,
      "page_name": "Nội Thất Mộc Lê Gia",
      "page_id": "349132805954703",
      "use_system_config": true,
      "app_id": null,
      "app_secret": null,
      "page_access_token": "EAAOi715rIAYBRzbjKGm5mZCnlriv2yM7Ak81mX6Ftbr2k6CZBZCB6PQqTRK2qlHnnqomhfkdE5UotjJd0iVuutWLX3CUvkNTlSoZBrNith7s2ZBHDZCz9zHqqpHZA6ZB3WbtO6PmwNgaefozMk1LJgUDeWhUeG8SuVQTycQ8Fw7rSx6XYaI2RfMw2vpg4r1z3DK9r5oIaeACpDsDqjwWNlra",
      "token_expires_at": null,
      "webhook_verify_token": "",
      "page_avatar": "https://scontent.fhan18-1.fna.fbcdn.net/v/t39.30808-1/650656708_936337542085506_4638421148625177150_n.jpg?stp=cp0_dst-jpg_s50x50_tt6&_nc_cat=108&ccb=1-7&_nc_sid=f907e8&_nc_eui2=AeE99abv34S_IvA5E3ZSoxDCUTw9KaxB_rFRPD0prEH-sT1IeifrqUFw67_uMs4g-yHsr-Fl3C1F-lH9wv1hYeyH&_nc_ohc=SLG32pJ9-ygQ7kNvwHMcFuX&_nc_oc=AdpoLFHTpV1A_GZ8m5FHHrVyEn-1ZX6iYmEn7jLzUX__213P-cJQHJ-q1ylGbCFIX9A&_nc_zt=24&_nc_ht=scontent.fhan18-1.fna&edm=AGaHXAAEAAAA&_nc_gid=EgFCizYMGwc5wC0bZ7YBow&_nc_tpa=Q5bMBQFjSSULRae_nmbkuY70lZTVDqIX3_5AXFSIocYQvs-mr6IP2sRyvdCgglI4AAhCVV49YyQWfzOwPg&oh=00_AQBLzCV0wbjV7Fzxr7lOzLQCmwnz_YLqx_vg3JSLSNlKcQ&oe=6A5BEEA4",
      "is_active": true,
      "auto_create_customer_from_phone": false,
      "assigned_to": null,
      "created_at": "2026-07-14T09:34:00.562Z",
      "updated_at": "2026-07-14T09:34:00.562Z"
    }
  },
  {
    "model": "facebook_integration.facebooklead",
    "pk": 1,
    "fields": {
      "company": 15,
      "page_config": 4,
      "fb_user_id": "4748159361949508",
      "fb_user_name": "Lê Đình Tuyền",
      "fb_user_avatar": "https://platform-lookaside.fbsbx.com/platform/profilepic/?eai=Aa0fY7CYJXnf7cQG7ZrdAeZr0Qy65fbYzljZf12nRwRX4ioJnCSBaeelQs6sUfHRUKNjNdwid22YwA&psid=4748159361949508&width=1024&ext=1786613508&hash=AfsahzrE2xI8CRwgWSgD502S",
      "detected_phone": "0977515445",
      "is_customer_converted": false,
      "customer": null,
      "assigned_to": null,
      "has_unread_message": false,
      "last_message_at": "2026-07-14T10:39:00.454Z",
      "last_message_preview": "Dạ chào bạn, để tiện hỗ trợ và tư vấn chi tiết hơn, bạn cho mình xin số điện thoại liên hệ với ạ ❤️",
      "created_at": "2026-07-14T09:31:42.000Z",
      "updated_at": "2026-07-14T10:49:05.136Z"
    }
  },
  {
    "model": "facebook_integration.facebookmessage",
    "pk": 1,
    "fields": {
      "lead": 1,
      "fb_message_id": "m_fBsXAQ0rYJ5IKAjyMmT6ED5XArWXuhqgvcgPG60c2Rx6iWm6Gp34GJcbC2aoAGmiVdmffQrMZGvWiY0GA_iZsg",
      "sender_type": "customer",
      "text": "",
      "attachment_url": "https://scontent.xx.fbcdn.net/v/t39.1997-6/14050190_1775285609378810_498900746_n.png?stp=dst-jpg_s100x100_tt6&_nc_cat=1&ccb=1-7&_nc_sid=8de5d8&_nc_ohc=mtQqK6WFzl0Q7kNvwG90347&_nc_oc=AdrFnbIKf07__LVgDjQjV_4s_pcvXdTBCenUj9rNctiPtakHz27O9Crjye46OctYgVaXu5zSqn8Jj69DLGJveTVh&_nc_ad=z-m&_nc_cid=0&_nc_zt=26&_nc_ht=scontent.xx&_nc_gid=PEPcHOfG1WL_pLdUIMObSw&oh=00_AQDXSl6SUsjzC4hBBw14ZIW0vSRrxCmAYNyVNzxi93n7UQ&oe=6A5BE2D9",
      "attachment_type": "image",
      "created_at": "2026-07-14T09:31:42.087Z"
    }
  },
  {
    "model": "facebook_integration.facebookmessage",
    "pk": 2,
    "fields": {
      "lead": 1,
      "fb_message_id": "m_-qFvxfVKheboEQbD8hMVlj5XArWXuhqgvcgPG60c2Rw-KuluYMnISFZXPzOeRiOHgvYTYp9TTuUCuH3qeGfMrQ",
      "sender_type": "customer",
      "text": "im đê",
      "attachment_url": null,
      "attachment_type": "",
      "created_at": "2026-07-14T09:35:28.043Z"
    }
  },
  {
    "model": "facebook_integration.facebookmessage",
    "pk": 3,
    "fields": {
      "lead": 1,
      "fb_message_id": "m_qdRYQ7pP50C5QEFWKum7zD5XArWXuhqgvcgPG60c2RxB2RI-zlbvIkUjrHcYM7wfjoKW7-887l9tLhTHwVaH1g",
      "sender_type": "customer",
      "text": "ba đang test cái pm",
      "attachment_url": null,
      "attachment_type": "",
      "created_at": "2026-07-14T09:35:34.148Z"
    }
  },
  {
    "model": "facebook_integration.facebookmessage",
    "pk": 4,
    "fields": {
      "lead": 1,
      "fb_message_id": "m_PPAOCA0NYt4lJHhhGPFyUz5XArWXuhqgvcgPG60c2Rwp1qftl8c7YkSF6PW9tPJ7ZMVzOKyUyg0NJsXJl622aw",
      "sender_type": "customer",
      "text": "ngon luônnnn",
      "attachment_url": null,
      "attachment_type": "",
      "created_at": "2026-07-14T09:36:36.359Z"
    }
  },
  {
    "model": "facebook_integration.facebookmessage",
    "pk": 5,
    "fields": {
      "lead": 1,
      "fb_message_id": "m_u1x2rWnQ48sU5no85Y9RTD5XArWXuhqgvcgPG60c2RwBMgezUpHfYWwpjK0VeC-YW9TSaf0QWbe1EXqhCsmplA",
      "sender_type": "page",
      "text": "chào",
      "attachment_url": "",
      "attachment_type": "",
      "created_at": "2026-07-14T09:37:03.627Z"
    }
  },
  {
    "model": "facebook_integration.facebookmessage",
    "pk": 6,
    "fields": {
      "lead": 1,
      "fb_message_id": "m_XzTEKtTt060yd5hHnb2KST5XArWXuhqgvcgPG60c2RyKEDVqUmZn0Y_7OV72K-W75UjGs_a80mLsxbS2OAgvug",
      "sender_type": "customer",
      "text": "béo bán cho 2 lít mật ong",
      "attachment_url": null,
      "attachment_type": "",
      "created_at": "2026-07-14T09:39:37.401Z"
    }
  },
  {
    "model": "facebook_integration.facebookmessage",
    "pk": 7,
    "fields": {
      "lead": 1,
      "fb_message_id": "m_eOn7tkGfgxU1nrpawzzqiT5XArWXuhqgvcgPG60c2Rw0c6dnfiBvLDRPTeZlZLA1djUd52EheDLmSfe-Mp4q3g",
      "sender_type": "page",
      "text": "Dạ chào bạn, để tiện hỗ trợ và tư vấn chi tiết hơn, bạn cho mình xin số điện thoại liên hệ với ạ ❤️",
      "attachment_url": "",
      "attachment_type": "",
      "created_at": "2026-07-14T10:39:00.454Z"
    }
  },
  {
    "model": "users.department",
    "pk": 3,
    "fields": {
      "company": 15,
      "name": "Phòng Kinh Doanh 1",
      "description": "",
      "manager": null,
      "created_at": "2026-07-09T02:24:43.977Z"
    }
  },
  {
    "model": "users.department",
    "pk": 4,
    "fields": {
      "company": 15,
      "name": "Phòng Kinh Doanh 2",
      "description": "",
      "manager": null,
      "created_at": "2026-07-09T02:24:53.707Z"
    }
  },
  {
    "model": "users.department",
    "pk": 5,
    "fields": {
      "company": 15,
      "name": "Ban Giám Đốc",
      "description": "",
      "manager": null,
      "created_at": "2026-07-09T07:12:15.733Z"
    }
  },
  {
    "model": "users.department",
    "pk": 6,
    "fields": {
      "company": 15,
      "name": "Phòng Tài Chính - Kế Toán",
      "description": "",
      "manager": null,
      "created_at": "2026-07-09T07:12:15.754Z"
    }
  },
  {
    "model": "users.department",
    "pk": 7,
    "fields": {
      "company": 15,
      "name": "Phòng Kho Vận & Cung Ứng",
      "description": "",
      "manager": null,
      "created_at": "2026-07-09T07:12:15.789Z"
    }
  },
  {
    "model": "users.department",
    "pk": 8,
    "fields": {
      "company": 15,
      "name": "Phòng Sản Xuất & Kỹ Thuật",
      "description": "",
      "manager": null,
      "created_at": "2026-07-09T07:12:15.805Z"
    }
  }
]